r=0.0cm,r=0.1cm,r=0.2cm,r=0.3cm,r=0.4cm,r=0.5cm,r=0.6cm,r=0.7cm,r=0.8cm,r=0.9cm,r=1.0cm,r=1.1cm,r=1.2cm,r=1.3cm,r=1.4cm,r=1.5cm,r=1.6cm,r=1.7cm,r=1.8cm,r=1.9cm,r=2.0cm
28.000000,28.000000,28.000000,28.000000,28.000000,28.000000,28.000000,28.000000,28.000000,28.000000,28.000000,28.000000,28.000000,28.000000,28.000000,28.000000,28.000000,28.000000,28.000000,28.000000,28.000000
28.000000,28.000000,28.000000,28.000000,28.000000,28.000000,28.000000,28.000000,28.000000,28.000000,28.000000,28.000000,28.000000,28.000000,28.000000,28.000000,28.000000,28.000000,28.000000,28.000000,28.000200
28.000000,28.000000,28.000000,28.000000,28.000000,28.000000,28.000000,28.000000,28.000000,28.000000,28.000000,28.000000,28.000000,28.000000,28.000000,28.000000,28.000000,28.000000,28.000000,28.000100,28.000600
28.000000,28.000000,28.000000,28.000000,28.000000,28.000000,28.000000,28.000000,28.000000,28.000000,28.000000,28.000000,28.000000,28.000000,28.000000,28.000000,28.000000,28.000000,28.000000,28.000200,28.001100
28.000000,28.000000,28.000000,28.000000,28.000000,28.000000,28.000000,28.000000,28.000000,28.000000,28.000000,28.000000,28.000000,28.000000,28.000000,28.000000,28.000000,28.000000,28.000100,28.000300,28.001600
28.000000,28.000000,28.000000,28.000000,28.000000,28.000000,28.000000,28.000000,28.000000,28.000000,28.000000,28.000000,28.000000,28.000000,28.000000,28.000000,28.000000,28.000000,28.000100,28.000500,28.002200
28.000000,28.000000,28.000000,28.000000,28.000000,28.000000,28.000000,28.000000,28.000000,28.000000,28.000000,28.000000,28.000000,28.000000,28.000000,28.000000,28.000000,28.000000,28.000200,28.000800,28.002900
28.000000,28.000000,28.000000,28.000000,28.000000,28.000000,28.000000,28.000000,28.000000,28.000000,28.000000,28.000000,28.000000,28.000000,28.000000,28.000000,28.000000,28.000100,28.000300,28.001100,28.003600
28.000000,28.000000,28.000000,28.000000,28.000000,28.000000,28.000000,28.000000,28.000000,28.000000,28.000000,28.000000,28.000000,28.000000,28.000000,28.000000,28.000000,28.000100,28.000400,28.001400,28.004300
28.000000,28.000000,28.000000,28.000000,28.000000,28.000000,28.000000,28.000000,28.000000,28.000000,28.000000,28.000000,28.000000,28.000000,28.000000,28.000000,28.000000,28.000100,28.000500,28.001700,28.005100
28.000000,28.000000,28.000000,28.000000,28.000000,28.000000,28.000000,28.000000,28.000000,28.000000,28.000000,28.000000,28.000000,28.000000,28.000000,28.000000,28.000100,28.000200,28.000700,28.002100,28.006000
28.000000,28.000000,28.000000,28.000000,28.000000,28.000000,28.000000,28.000000,28.000000,28.000000,28.000000,28.000000,28.000000,28.000000,28.000000,28.000000,28.000100,28.000300,28.000900,28.002600,28.006800
28.000000,28.000000,28.000000,28.000000,28.000000,28.000000,28.000000,28.000000,28.000000,28.000000,28.000000,28.000000,28.000000,28.000000,28.000000,28.000000,28.000100,28.000300,28.001100,28.003100,28.007800
28.000000,28.000000,28.000000,28.000000,28.000000,28.000000,28.000000,28.000000,28.000000,28.000000,28.000000,28.000000,28.000000,28.000000,28.000000,28.000000,28.000100,28.000400,28.001300,28.003600,28.008700
28.000000,28.000000,28.000000,28.000000,28.000000,28.000000,28.000000,28.000000,28.000000,28.000000,28.000000,28.000000,28.000000,28.000000,28.000000,28.000100,28.000200,28.000500,28.001600,28.004100,28.009700
28.000000,28.000000,28.000000,28.000000,28.000000,28.000000,28.000000,28.000000,28.000000,28.000000,28.000000,28.000000,28.000000,28.000000,28.000000,28.000100,28.000200,28.000700,28.001900,28.004700,28.010700
28.000000,28.000000,28.000000,28.000000,28.000000,28.000000,28.000000,28.000000,28.000000,28.000000,28.000000,28.000000,28.000000,28.000000,28.000000,28.000100,28.000300,28.000800,28.002200,28.005300,28.011800
28.000000,28.000000,28.000000,28.000000,28.000000,28.000000,28.000000,28.000000,28.000000,28.000000,28.000000,28.000000,28.000000,28.000000,28.000000,28.000100,28.000300,28.001000,28.002500,28.005900,28.012900
28.000000,28.000000,28.000000,28.000000,28.000000,28.000000,28.000000,28.000000,28.000000,28.000000,28.000000,28.000000,28.000000,28.000000,28.000000,28.000100,28.000400,28.001100,28.002800,28.006600,28.014000
28.000000,28.000000,28.000000,28.000000,28.000000,28.000000,28.000000,28.000000,28.000000,28.000000,28.000000,28.000000,28.000000,28.000000,28.000100,28.000200,28.000500,28.001300,28.003200,28.007300,28.015100
28.000000,28.000000,28.000000,28.000000,28.000000,28.000000,28.000000,28.000000,28.000000,28.000000,28.000000,28.000000,28.000000,28.000000,28.000100,28.000200,28.000600,28.001500,28.003600,28.008000,28.016300
28.000000,28.000000,28.000000,28.000000,28.000000,28.000000,28.000000,28.000000,28.000000,28.000000,28.000000,28.000000,28.000000,28.000000,28.000100,28.000300,28.000700,28.001700,28.004000,28.008700,28.017500
28.000000,28.000000,28.000000,28.000000,28.000000,28.000000,28.000000,28.000000,28.000000,28.000000,28.000000,28.000000,28.000000,28.000000,28.000100,28.000300,28.000800,28.002000,28.004500,28.009500,28.018700
28.000000,28.000000,28.000000,28.000000,28.000000,28.000000,28.000000,28.000000,28.000000,28.000000,28.000000,28.000000,28.000000,28.000000,28.000100,28.000400,28.000900,28.002200,28.005000,28.010300,28.020000
28.000000,28.000000,28.000000,28.000000,28.000000,28.000000,28.000000,28.000000,28.000000,28.000000,28.000000,28.000000,28.000000,28.000100,28.000200,28.000400,28.001100,28.002500,28.005400,28.011100,28.021300
28.000000,28.000000,28.000000,28.000000,28.000000,28.000000,28.000000,28.000000,28.000000,28.000000,28.000000,28.000000,28.000000,28.000100,28.000200,28.000500,28.001200,28.002800,28.006000,28.011900,28.022600
28.000000,28.000000,28.000000,28.000000,28.000000,28.000000,28.000000,28.000000,28.000000,28.000000,28.000000,28.000000,28.000000,28.000100,28.000200,28.000600,28.001400,28.003100,28.006500,28.012800,28.023900
28.000000,28.000000,28.000000,28.000000,28.000000,28.000000,28.000000,28.000000,28.000000,28.000000,28.000000,28.000000,28.000000,28.000100,28.000300,28.000700,28.001600,28.003400,28.007000,28.013700,28.025200
28.000000,28.000000,28.000000,28.000000,28.000000,28.000000,28.000000,28.000000,28.000000,28.000000,28.000000,28.000000,28.000000,28.000100,28.000300,28.000800,28.001700,28.003700,28.007600,28.014600,28.026600
28.000000,28.000000,28.000000,28.000000,28.000000,28.000000,28.000000,28.000000,28.000000,28.000000,28.000000,28.000000,28.000100,28.000100,28.000400,28.000900,28.001900,28.004100,28.008200,28.015600,28.028000
28.000000,28.000000,28.000000,28.000000,28.000000,28.000000,28.000000,28.000000,28.000000,28.000000,28.000000,28.000000,28.000100,28.000200,28.000400,28.001000,28.002100,28.004500,28.008800,28.016500,28.029400
28.000000,28.000000,28.000000,28.000000,28.000000,28.000000,28.000000,28.000000,28.000000,28.000000,28.000000,28.000000,28.000100,28.000200,28.000500,28.001100,28.002400,28.004900,28.009400,28.017500,28.030900
28.000000,28.000000,28.000000,28.000000,28.000000,28.000000,28.000000,28.000000,28.000000,28.000000,28.000000,28.000000,28.000100,28.000200,28.000500,28.001200,28.002600,28.005300,28.010100,28.018500,28.032300
28.000000,28.000000,28.000000,28.000000,28.000000,28.000000,28.000000,28.000000,28.000000,28.000000,28.000000,28.000000,28.000100,28.000300,28.000600,28.001400,28.002800,28.005700,28.010800,28.019500,28.033800
28.000000,28.000000,28.000000,28.000000,28.000000,28.000000,28.000000,28.000000,28.000000,28.000000,28.000000,28.000100,28.000100,28.000300,28.000700,28.001500,28.003100,28.006100,28.011500,28.020600,28.035300
28.000000,28.000000,28.000000,28.000000,28.000000,28.000000,28.000000,28.000000,28.000000,28.000000,28.000000,28.000100,28.000100,28.000300,28.000800,28.001700,28.003400,28.006500,28.012200,28.021600,28.036900
28.000000,28.000000,28.000000,28.000000,28.000000,28.000000,28.000000,28.000000,28.000000,28.000000,28.000000,28.000100,28.000200,28.000400,28.000900,28.001800,28.003600,28.007000,28.012900,28.022700,28.038400
28.000000,28.000000,28.000000,28.000000,28.000000,28.000000,28.000000,28.000000,28.000000,28.000000,28.000000,28.000100,28.000200,28.000400,28.001000,28.002000,28.003900,28.007500,28.013700,28.023800,28.040000
28.000000,28.000000,28.000000,28.000000,28.000000,28.000000,28.000000,28.000000,28.000000,28.000000,28.000000,28.000100,28.000200,28.000500,28.001100,28.002200,28.004200,28.008000,28.014400,28.025000,28.041500
28.000000,28.000000,28.000000,28.000000,28.000000,28.000000,28.000000,28.000000,28.000000,28.000000,28.000000,28.000100,28.000200,28.000500,28.001200,28.002300,28.004600,28.008500,28.015200,28.026100,28.043100
28.000000,28.000000,28.000000,28.000000,28.000000,28.000000,28.000000,28.000000,28.000000,28.000000,28.000100,28.000100,28.000300,28.000600,28.001300,28.002500,28.004900,28.009000,28.016000,28.027300,28.044800
28.000000,28.000000,28.000000,28.000000,28.000000,28.000000,28.000000,28.000000,28.000000,28.000000,28.000100,28.000100,28.000300,28.000700,28.001400,28.002800,28.005200,28.009600,28.016800,28.028500,28.046400
28.000000,28.000000,28.000000,28.000000,28.000000,28.000000,28.000000,28.000000,28.000000,28.000000,28.000100,28.000200,28.000400,28.000700,28.001500,28.003000,28.005600,28.010100,28.017700,28.029700,28.048100
28.000000,28.000000,28.000000,28.000000,28.000000,28.000000,28.000000,28.000000,28.000000,28.000000,28.000100,28.000200,28.000400,28.000800,28.001600,28.003200,28.006000,28.010700,28.018500,28.030900,28.049700
28.000000,28.000000,28.000000,28.000000,28.000000,28.000000,28.000000,28.000000,28.000000,28.000000,28.000100,28.000200,28.000400,28.000900,28.001800,28.003400,28.006300,28.011300,28.019400,28.032100,28.051400
28.000000,28.000000,28.000000,28.000000,28.000000,28.000000,28.000000,28.000000,28.000000,28.000000,28.000100,28.000200,28.000500,28.001000,28.001900,28.003700,28.006700,28.011900,28.020300,28.033400,28.053100
28.000000,28.000000,28.000000,28.000000,28.000000,28.000000,28.000000,28.000000,28.000000,28.000100,28.000100,28.000300,28.000500,28.001100,28.002100,28.003900,28.007100,28.012500,28.021200,28.034700,28.054900
28.000000,28.000000,28.000000,28.000000,28.000000,28.000000,28.000000,28.000000,28.000000,28.000100,28.000100,28.000300,28.000600,28.001200,28.002200,28.004200,28.007600,28.013100,28.022100,28.036000,28.056600
28.000000,28.000000,28.000000,28.000000,28.000000,28.000000,28.000000,28.000000,28.000000,28.000100,28.000100,28.000300,28.000600,28.001300,28.002400,28.004500,28.008000,28.013800,28.023100,28.037300,28.058400
28.000000,28.000000,28.000000,28.000000,28.000000,28.000000,28.000000,28.000000,28.000000,28.000100,28.000200,28.000300,28.000700,28.001400,28.002600,28.004700,28.008400,28.014500,28.024000,28.038600,28.060100
28.000000,28.000000,28.000000,28.000000,28.000000,28.000000,28.000000,28.000000,28.000000,28.000100,28.000200,28.000400,28.000800,28.001500,28.002800,28.005000,28.008900,28.015100,28.025000,28.039900,28.061900
28.000000,28.000000,28.000000,28.000000,28.000000,28.000000,28.000000,28.000000,28.000000,28.000100,28.000200,28.000400,28.000800,28.001600,28.003000,28.005300,28.009300,28.015800,28.026000,28.041300,28.063800
28.000000,28.000000,28.000000,28.000000,28.000000,28.000000,28.000000,28.000000,28.000000,28.000100,28.000200,28.000500,28.000900,28.001700,28.003200,28.005700,28.009800,28.016500,28.027000,28.042700,28.065600
28.000000,28.000000,28.000000,28.000000,28.000000,28.000000,28.000000,28.000000,28.000100,28.000100,28.000200,28.000500,28.001000,28.001800,28.003400,28.006000,28.010300,28.017300,28.028000,28.044100,28.067400
28.000000,28.000000,28.000000,28.000000,28.000000,28.000000,28.000000,28.000000,28.000100,28.000100,28.000300,28.000500,28.001000,28.002000,28.003600,28.006300,28.010800,28.018000,28.029000,28.045500,28.069300
28.000000,28.000000,28.000000,28.000000,28.000000,28.000000,28.000000,28.000000,28.000100,28.000100,28.000300,28.000600,28.001100,28.002100,28.003800,28.006700,28.011300,28.018700,28.030100,28.046900,28.071100
28.000000,28.000000,28.000000,28.000000,28.000000,28.000000,28.000000,28.000000,28.000100,28.000200,28.000300,28.000600,28.001200,28.002200,28.004000,28.007000,28.011900,28.019500,28.031100,28.048400,28.073000
28.000000,28.000000,28.000000,28.000000,28.000000,28.000000,28.000000,28.000000,28.000100,28.000200,28.000400,28.000700,28.001300,28.002400,28.004300,28.007400,28.012400,28.020300,28.032200,28.049800,28.074900
28.000000,28.000000,28.000000,28.000000,28.000000,28.000000,28.000000,28.000000,28.000100,28.000200,28.000400,28.000700,28.001400,28.002500,28.004500,28.007800,28.013000,28.021100,28.033300,28.051300,28.076900
28.000000,28.000000,28.000000,28.000000,28.000000,28.000000,28.000000,28.000100,28.000100,28.000200,28.000400,28.000800,28.001500,28.002700,28.004800,28.008100,28.013500,28.021900,28.034400,28.052800,28.078800
28.000000,28.000000,28.000000,28.000000,28.000000,28.000000,28.000000,28.000100,28.000100,28.000200,28.000500,28.000900,28.001600,28.002900,28.005000,28.008500,28.014100,28.022700,28.035600,28.054300,28.080700
28.000000,28.000000,28.000000,28.000000,28.000000,28.000000,28.000000,28.000100,28.000100,28.000300,28.000500,28.000900,28.001700,28.003000,28.005300,28.008900,28.014700,28.023500,28.036700,28.055800,28.082800
28.000000,28.000000,28.000000,28.000000,28.000000,28.000000,28.000000,28.000100,28.000100,28.000300,28.000500,28.001000,28.001800,28.003200,28.005600,28.009400,28.015300,28.024400,28.037900,28.057300,28.084800
28.000000,28.000000,28.000000,28.000000,28.000000,28.000000,28.000000,28.000100,28.000200,28.000300,28.000600,28.001100,28.001900,28.003400,28.005900,28.009800,28.015900,28.025200,28.039000,28.058900,28.086900
28.000000,28.000000,28.000000,28.000000,28.000000,28.000000,28.000000,28.000100,28.000200,28.000300,28.000600,28.001100,28.002100,28.003600,28.006100,28.010200,28.016500,28.026100,28.040200,28.060500,28.089100
28.000000,28.000000,28.000000,28.000000,28.000000,28.000000,28.000000,28.000100,28.000200,28.000400,28.000700,28.001200,28.002200,28.003800,28.006400,28.010700,28.017200,28.027000,28.041500,28.062100,28.091200
28.000000,28.000000,28.000000,28.000000,28.000000,28.000000,28.000100,28.000100,28.000200,28.000400,28.000700,28.001300,28.002300,28.004000,28.006800,28.011100,28.017800,28.027900,28.042700,28.063800,28.093400
28.000000,28.000000,28.000000,28.000000,28.000000,28.000000,28.000100,28.000100,28.000200,28.000400,28.000800,28.001400,28.002500,28.004200,28.007100,28.011600,28.018500,28.028800,28.043900,28.065500,28.095700
28.000000,28.000000,28.000000,28.000000,28.000000,28.000000,28.000100,28.000100,28.000200,28.000400,28.000800,28.001500,28.002600,28.004400,28.007400,28.012100,28.019200,28.029800,28.045200,28.067200,28.097900
28.000000,28.000000,28.000000,28.000000,28.000000,28.000000,28.000100,28.000100,28.000300,28.000500,28.000900,28.001600,28.002700,28.004700,28.007700,28.012500,28.019900,28.030700,28.046500,28.068900,28.100200
28.000000,28.000000,28.000000,28.000000,28.000000,28.000000,28.000100,28.000100,28.000300,28.000500,28.000900,28.001700,28.002900,28.004900,28.008100,28.013000,28.020600,28.031700,28.047800,28.070700,28.102500
28.000000,28.000000,28.000000,28.000000,28.000000,28.000000,28.000100,28.000200,28.000300,28.000600,28.001000,28.001800,28.003000,28.005100,28.008400,28.013500,28.021300,28.032700,28.049100,28.072400,28.104800
28.000000,28.000000,28.000000,28.000000,28.000000,28.000000,28.000100,28.000200,28.000300,28.000600,28.001100,28.001900,28.003200,28.005400,28.008800,28.014100,28.022000,28.033700,28.050500,28.074200,28.107200
28.000000,28.000000,28.000000,28.000000,28.000000,28.000100,28.000100,28.000200,28.000400,28.000600,28.001100,28.002000,28.003400,28.005600,28.009200,28.014600,28.022700,28.034700,28.051900,28.076000,28.109500
28.000000,28.000000,28.000000,28.000000,28.000000,28.000100,28.000100,28.000200,28.000400,28.000700,28.001200,28.002100,28.003500,28.005900,28.009500,28.015100,28.023500,28.035700,28.053200,28.077900,28.111900
28.000000,28.000000,28.000000,28.000000,28.000000,28.000100,28.000100,28.000200,28.000400,28.000700,28.001300,28.002200,28.003700,28.006100,28.009900,28.015700,28.024300,28.036800,28.054700,28.079700,28.114300
28.000000,28.000000,28.000000,28.000000,28.000000,28.000100,28.000100,28.000200,28.000400,28.000800,28.001400,28.002300,28.003900,28.006400,28.010300,28.016300,28.025100,28.037800,28.056100,28.081600,28.116800
28.000000,28.000000,28.000000,28.000000,28.000000,28.000100,28.000100,28.000300,28.000500,28.000800,28.001400,28.002500,28.004100,28.006700,28.010700,28.016800,28.025800,28.038900,28.057500,28.083500,28.119200
28.000000,28.000000,28.000000,28.000000,28.000000,28.000100,28.000200,28.000300,28.000500,28.000900,28.001500,28.002600,28.004300,28.007000,28.011100,28.017400,28.026700,28.040000,28.059000,28.085500,28.121700
28.000000,28.000000,28.000000,28.000000,28.000100,28.000100,28.000200,28.000300,28.000500,28.000900,28.001600,28.002700,28.004500,28.007300,28.011600,28.018000,28.027500,28.041100,28.060500,28.087400,28.124200
28.000000,28.000000,28.000000,28.000000,28.000100,28.000100,28.000200,28.000300,28.000600,28.001000,28.001700,28.002900,28.004700,28.007600,28.012000,28.018600,28.028300,28.042300,28.062000,28.089400,28.126700
28.000000,28.000000,28.000000,28.000000,28.000100,28.000100,28.000200,28.000300,28.000600,28.001100,28.001800,28.003000,28.004900,28.007900,28.012400,28.019200,28.029200,28.043400,28.063500,28.091300,28.129200
28.000000,28.000000,28.000000,28.000000,28.000100,28.000100,28.000200,28.000400,28.000600,28.001100,28.001900,28.003100,28.005100,28.008200,28.012900,28.019900,28.030000,28.044600,28.065100,28.093300,28.131800
28.000000,28.000000,28.000000,28.000000,28.000100,28.000100,28.000200,28.000400,28.000700,28.001200,28.002000,28.003300,28.005400,28.008500,28.013400,28.020500,28.030900,28.045800,28.066600,28.095400,28.134400
28.000000,28.000000,28.000000,28.000000,28.000100,28.000100,28.000200,28.000400,28.000700,28.001200,28.002100,28.003400,28.005600,28.008900,28.013800,28.021200,28.031800,28.047000,28.068200,28.097400,28.137000
28.000000,28.000000,28.000000,28.000000,28.000100,28.000100,28.000300,28.000500,28.000800,28.001300,28.002200,28.003600,28.005800,28.009200,28.014300,28.021800,28.032700,28.048200,28.069800,28.099500,28.139600
28.000000,28.000000,28.000000,28.000100,28.000100,28.000200,28.000300,28.000500,28.000800,28.001400,28.002300,28.003800,28.006100,28.009600,28.014800,28.022500,28.033600,28.049400,28.071400,28.101500,28.142200
28.000000,28.000000,28.000000,28.000100,28.000100,28.000200,28.000300,28.000500,28.000900,28.001500,28.002400,28.003900,28.006300,28.009900,28.015300,28.023200,28.034600,28.050600,28.073000,28.103600,28.144800
28.000000,28.000000,28.000000,28.000100,28.000100,28.000200,28.000300,28.000500,28.000900,28.001500,28.002500,28.004100,28.006600,28.010300,28.015800,28.023900,28.035500,28.051900,28.074700,28.105800,28.147500
28.000000,28.000000,28.000000,28.000100,28.000100,28.000200,28.000300,28.000600,28.001000,28.001600,28.002700,28.004300,28.006800,28.010600,28.016300,28.024600,28.036500,28.053200,28.076300,28.107900,28.150200
28.000000,28.000000,28.000000,28.000100,28.000100,28.000200,28.000400,28.000600,28.001000,28.001700,28.002800,28.004500,28.007100,28.011000,28.016900,28.025300,28.037400,28.054500,28.078000,28.110000,28.152900
28.000000,28.000000,28.000100,28.000100,28.000100,28.000200,28.000400,28.000600,28.001100,28.001800,28.002900,28.004700,28.007400,28.011400,28.017400,28.026100,28.038400,28.055800,28.079700,28.112200,28.155600
28.000000,28.000000,28.000100,28.000100,28.000100,28.000200,28.000400,28.000700,28.001100,28.001900,28.003000,28.004900,28.007600,28.011800,28.017900,28.026800,28.039400,28.057100,28.081400,28.114400,28.158300
28.000000,28.000000,28.000100,28.000100,28.000200,28.000300,28.000400,28.000700,28.001200,28.002000,28.003200,28.005100,28.007900,28.012200,28.018500,28.027600,28.040500,28.058500,28.083200,28.116600,28.161000
28.000000,28.000000,28.000100,28.000100,28.000200,28.000300,28.000500,28.000800,28.001300,28.002100,28.003300,28.005300,28.008200,28.012600,28.019100,28.028300,28.041500,28.059800,28.084900,28.118800,28.163800
28.000000,28.000100,28.000100,28.000100,28.000200,28.000300,28.000500,28.000800,28.001300,28.002200,28.003500,28.005500,28.008500,28.013000,28.019600,28.029100,28.042500,28.061200,28.086700,28.121000,28.166600
28.000100,28.000100,28.000100,28.000100,28.000200,28.000300,28.000500,28.000900,28.001400,28.002300,28.003600,28.005700,28.008800,28.013500,28.020200,28.029900,28.043600,28.062600,28.088500,28.123300,28.169400
28.000100,28.000100,28.000100,28.000100,28.000200,28.000300,28.000500,28.000900,28.001500,28.002400,28.003800,28.005900,28.009100,28.013900,28.020800,28.030700,28.044700,28.064000,28.090300,28.125600,28.172200
28.000100,28.000100,28.000100,28.000100,28.000200,28.000400,28.000600,28.001000,28.001500,28.002500,28.003900,28.006100,28.009500,28.014400,28.021400,28.031600,28.045800,28.065400,28.092100,28.127800,28.175000
28.000100,28.000100,28.000100,28.000100,28.000200,28.000400,28.000600,28.001000,28.001600,28.002600,28.004100,28.006400,28.009800,28.014800,28.022100,28.032400,28.046900,28.066800,28.093900,28.130100,28.177800
28.000100,28.000100,28.000100,28.000200,28.000200,28.000400,28.000600,28.001100,28.001700,28.002700,28.004300,28.006600,28.010100,28.015300,28.022700,28.033200,28.048000,28.068300,28.095800,28.132500,28.180700
28.000100,28.000100,28.000100,28.000200,28.000300,28.000400,28.000700,28.001100,28.001800,28.002800,28.004400,28.006900,28.010500,28.015700,28.023300,28.034100,28.049100,28.069700,28.097600,28.134800,28.183600
28.000100,28.000100,28.000100,28.000200,28.000300,28.000400,28.000700,28.001200,28.001900,28.002900,28.004600,28.007100,28.010800,28.016200,28.024000,28.035000,28.050200,28.071200,28.099500,28.137100,28.186400
28.000100,28.000100,28.000100,28.000200,28.000300,28.000500,28.000800,28.001200,28.001900,28.003100,28.004800,28.007400,28.011200,28.016700,28.024600,28.035800,28.051400,28.072700,28.101400,28.139500,28.189300
28.000100,28.000100,28.000100,28.000200,28.000300,28.000500,28.000800,28.001300,28.002000,28.003200,28.005000,28.007600,28.011500,28.017200,28.025300,28.036700,28.052600,28.074200,28.103300,28.141900,28.192300
28.000100,28.000100,28.000100,28.000200,28.000300,28.000500,28.000800,28.001300,28.002100,28.003300,28.005200,28.007900,28.011900,28.017700,28.026000,28.037600,28.053800,28.075700,28.105200,28.144300,28.195200
28.000100,28.000100,28.000200,28.000200,28.000400,28.000600,28.000900,28.001400,28.002200,28.003500,28.005300,28.008200,28.012300,28.018200,28.026700,28.038600,28.054900,28.077300,28.107200,28.146700,28.198100
28.000100,28.000100,28.000200,28.000200,28.000400,28.000600,28.000900,28.001500,28.002300,28.003600,28.005500,28.008400,28.012700,28.018700,28.027400,28.039500,28.056200,28.078800,28.109100,28.149100,28.201100
28.000100,28.000100,28.000200,28.000300,28.000400,28.000600,28.001000,28.001500,28.002400,28.003700,28.005700,28.008700,28.013000,28.019300,28.028100,28.040400,28.057400,28.080400,28.111100,28.151600,28.204100
28.000100,28.000100,28.000200,28.000300,28.000400,28.000700,28.001000,28.001600,28.002500,28.003900,28.006000,28.009000,28.013400,28.019800,28.028800,28.041400,28.058600,28.082000,28.113100,28.154000,28.207100
28.000100,28.000200,28.000200,28.000300,28.000400,28.000700,28.001100,28.001700,28.002600,28.004000,28.006200,28.009300,28.013900,28.020400,28.029600,28.042300,28.059900,28.083500,28.115100,28.156500,28.210100
28.000200,28.000200,28.000200,28.000300,28.000500,28.000700,28.001100,28.001800,28.002700,28.004200,28.006400,28.009600,28.014300,28.020900,28.030300,28.043300,28.061100,28.085200,28.117100,28.159000,28.213100
28.000200,28.000200,28.000200,28.000300,28.000500,28.000800,28.001200,28.001800,28.002800,28.004400,28.006600,28.009900,28.014700,28.021500,28.031100,28.044300,28.062400,28.086800,28.119100,28.161500,28.216100
28.000200,28.000200,28.000200,28.000300,28.000500,28.000800,28.001200,28.001900,28.003000,28.004500,28.006800,28.010200,28.015100,28.022100,28.031800,28.045300,28.063700,28.088400,28.121200,28.164000,28.219100
28.000200,28.000200,28.000300,28.000400,28.000500,28.000800,28.001300,28.002000,28.003100,28.004700,28.007100,28.010500,28.015500,28.022700,28.032600,28.046300,28.065000,28.090100,28.123200,28.166500,28.222200
28.000200,28.000200,28.000300,28.000400,28.000600,28.000900,28.001400,28.002100,28.003200,28.004900,28.007300,28.010900,28.016000,28.023200,28.033400,28.047300,28.066300,28.091700,28.125300,28.169100,28.225300
28.000200,28.000200,28.000300,28.000400,28.000600,28.000900,28.001400,28.002200,28.003300,28.005000,28.007500,28.011200,28.016400,28.023900,28.034200,28.048400,28.067600,28.093400,28.127400,28.171600,28.228400
28.000200,28.000200,28.000300,28.000400,28.000600,28.001000,28.001500,28.002300,28.003400,28.005200,28.007800,28.011500,28.016900,28.024500,28.035000,28.049400,28.069000,28.095100,28.129500,28.174200,28.231500
28.000200,28.000300,28.000300,28.000500,28.000700,28.001000,28.001500,28.002400,28.003600,28.005400,28.008000,28.011900,28.017400,28.025100,28.035800,28.050500,28.070300,28.096800,28.131600,28.176800,28.234600
28.000300,28.000300,28.000300,28.000500,28.000700,28.001100,28.001600,28.002400,28.003700,28.005600,28.008300,28.012200,28.017800,28.025700,28.036600,28.051600,28.071700,28.098500,28.133700,28.179400,28.237700
28.000300,28.000300,28.000400,28.000500,28.000700,28.001100,28.001700,28.002500,28.003800,28.005800,28.008600,28.012600,28.018300,28.026400,28.037500,28.052600,28.073100,28.100300,28.135900,28.182000,28.240800
28.000300,28.000300,28.000400,28.000500,28.000800,28.001200,28.001800,28.002600,28.004000,28.006000,28.008800,28.013000,28.018800,28.027000,28.038300,28.053700,28.074500,28.102000,28.138000,28.184600,28.243900
28.000300,28.000300,28.000400,28.000600,28.000800,28.001200,28.001800,28.002700,28.004100,28.006200,28.009100,28.013300,28.019300,28.027700,28.039200,28.054800,28.075900,28.103800,28.140200,28.187200,28.246900
28.000300,28.000300,28.000400,28.000600,28.000900,28.001300,28.001900,28.002900,28.004300,28.006400,28.009400,28.013700,28.019800,28.028300,28.040100,28.056000,28.077300,28.105500,28.142400,28.189800,28.250000
28.000300,28.000400,28.000500,28.000600,28.000900,28.001300,28.002000,28.003000,28.004400,28.006600,28.009700,28.014100,28.020300,28.029000,28.040900,28.057100,28.078700,28.107300,28.144600,28.192500,28.253000
28.000400,28.000400,28.000500,28.000700,28.000900,28.001400,28.002100,28.003100,28.004600,28.006800,28.010000,28.014500,28.020900,28.029700,28.041800,28.058200,28.080200,28.109100,28.146800,28.195100,28.256000
28.000400,28.000400,28.000500,28.000700,28.001000,28.001400,28.002100,28.003200,28.004700,28.007000,28.010300,28.014900,28.021400,28.030400,28.042700,28.059400,28.081600,28.110900,28.149000,28.197700,28.259000
28.000400,28.000400,28.000500,28.000700,28.001000,28.001500,28.002200,28.003300,28.004900,28.007200,28.010600,28.015300,28.021900,28.031100,28.043600,28.060600,28.083100,28.112700,28.151200,28.200300,28.262000
28.000400,28.000500,28.000600,28.000800,28.001100,28.001600,28.002300,28.003400,28.005100,28.007400,28.010900,28.015700,28.022500,28.031800,28.044600,28.061700,28.084600,28.114600,28.153400,28.202900,28.265000
28.000400,28.000500,28.000600,28.000800,28.001100,28.001600,28.002400,28.003600,28.005200,28.007700,28.011200,28.016100,28.023000,28.032500,28.045500,28.062900,28.086100,28.116400,28.155600,28.205500,28.268000
28.000500,28.000500,28.000600,28.000800,28.001200,28.001700,28.002500,28.003700,28.005400,28.007900,28.011500,28.016500,28.023600,28.033300,28.046400,28.064100,28.087600,28.118300,28.157800,28.208100,28.271000
28.000500,28.000500,28.000600,28.000900,28.001200,28.001800,28.002600,28.003800,28.005600,28.008200,28.011800,28.017000,28.024100,28.034000,28.047400,28.065300,28.089100,28.120100,28.160100,28.210800,28.274000
28.000500,28.000600,28.000700,28.000900,28.001300,28.001800,28.002700,28.003900,28.005800,28.008400,28.012100,28.017400,28.024700,28.034800,28.048400,28.066600,28.090600,28.122000,28.162300,28.213400,28.276900
28.000500,28.000600,28.000700,28.000900,28.001300,28.001900,28.002800,28.004100,28.006000,28.008700,28.012500,28.017900,28.025300,28.035500,28.049300,28.067800,28.092100,28.123900,28.164600,28.216000,28.279900
28.000600,28.000600,28.000700,28.001000,28.001400,28.002000,28.002900,28.004200,28.006100,28.008900,28.012800,28.018300,28.025900,28.036300,28.050300,28.069000,28.093700,28.125700,28.166800,28.218600,28.282900
28.000600,28.000600,28.000800,28.001000,28.001400,28.002100,28.003000,28.004400,28.006300,28.009200,28.013200,28.018800,28.026500,28.037100,28.051300,28.070300,28.095200,28.127600,28.169100,28.221200,28.285900
28.000600,28.000700,28.000800,28.001100,28.001500,28.002100,28.003100,28.004500,28.006500,28.009400,28.013500,28.019200,28.027100,28.037900,28.052300,28.071500,28.096800,28.129500,28.171300,28.223900,28.288900
28.000700,28.000700,28.000900,28.001100,28.001600,28.002200,28.003200,28.004600,28.006700,28.009700,28.013900,28.019700,28.027700,28.038600,28.053300,28.072800,28.098400,28.131400,28.173600,28.226500,28.291900
28.000700,28.000700,28.000900,28.001200,28.001600,28.002300,28.003300,28.004800,28.006900,28.010000,28.014200,28.020200,28.028400,28.039500,28.054300,28.074100,28.100000,28.133300,28.175800,28.229100,28.294900
28.000700,28.000800,28.000900,28.001200,28.001700,28.002400,28.003400,28.005000,28.007100,28.010300,28.014600,28.020700,28.029000,28.040300,28.055400,28.075400,28.101500,28.135300,28.178100,28.231800,28.297900
28.000800,28.000800,28.001000,28.001300,28.001700,28.002500,28.003600,28.005100,28.007400,28.010500,28.015000,28.021200,28.029600,28.041100,28.056400,28.076700,28.103100,28.137200,28.180400,28.234400,28.300900
28.000800,28.000800,28.001000,28.001300,28.001800,28.002600,28.003700,28.005300,28.007600,28.010800,28.015400,28.021700,28.030300,28.041900,28.057500,28.078000,28.104700,28.139100,28.182700,28.237100,28.303900
28.000800,28.000900,28.001100,28.001400,28.001900,28.002700,28.003800,28.005400,28.007800,28.011100,28.015800,28.022200,28.030900,28.042800,28.058500,28.079300,28.106400,28.141100,28.185000,28.239700,28.306900
28.000900,28.000900,28.001100,28.001400,28.002000,28.002800,28.003900,28.005600,28.008000,28.011400,28.016200,28.022700,28.031600,28.043600,28.059600,28.080700,28.108000,28.143000,28.187300,28.242400,28.309900
28.000900,28.001000,28.001200,28.001500,28.002000,28.002900,28.004100,28.005800,28.008300,28.011700,28.016600,28.023200,28.032300,28.044500,28.060700,28.082000,28.109600,28.145000,28.189600,28.245000,28.312900
28.000900,28.001000,28.001200,28.001600,28.002100,28.003000,28.004200,28.006000,28.008500,28.012000,28.017000,28.023800,28.033000,28.045300,28.061800,28.083300,28.111300,28.146900,28.191900,28.247700,28.316000
28.001000,28.001100,28.001300,28.001600,28.002200,28.003100,28.004300,28.006100,28.008700,28.012400,28.017400,28.024300,28.033700,28.046200,28.062900,28.084700,28.112900,28.148900,28.194200,28.250300,28.319000
28.001000,28.001100,28.001300,28.001700,28.002300,28.003200,28.004500,28.006300,28.009000,28.012700,28.017800,28.024800,28.034400,28.047100,28.064000,28.086100,28.114600,28.150900,28.196500,28.253000,28.322000
28.001100,28.001100,28.001400,28.001700,28.002400,28.003300,28.004600,28.006500,28.009200,28.013000,28.018200,28.025400,28.035100,28.048000,28.065100,28.087400,28.116200,28.152900,28.198800,28.255700,28.325000
28.001100,28.001200,28.001400,28.001800,28.002400,28.003400,28.004700,28.006700,28.009500,28.013300,28.018700,28.025900,28.035800,28.048900,28.066200,28.088800,28.117900,28.154800,28.201100,28.258300,28.328100
28.001200,28.001200,28.001500,28.001900,28.002500,28.003500,28.004900,28.006900,28.009700,28.013700,28.019100,28.026500,28.036500,28.049800,28.067400,28.090200,28.119600,28.156800,28.203500,28.261000,28.331100
28.001200,28.001300,28.001500,28.001900,28.002600,28.003600,28.005000,28.007100,28.010000,28.014000,28.019500,28.027100,28.037200,28.050700,28.068500,28.091600,28.121300,28.158800,28.205800,28.263700,28.334100
28.001300,28.001400,28.001600,28.002000,28.002700,28.003700,28.005200,28.007300,28.010300,28.014400,28.020000,28.027700,28.038000,28.051700,28.069700,28.093000,28.123000,28.160800,28.208100,28.266400,28.337200
28.001300,28.001400,28.001700,28.002100,28.002800,28.003800,28.005400,28.007500,28.010500,28.014700,28.020500,28.028200,28.038700,28.052600,28.070800,28.094400,28.124700,28.162900,28.210500,28.269100,28.340200
28.001400,28.001500,28.001700,28.002200,28.002900,28.004000,28.005500,28.007700,28.010800,28.015100,28.020900,28.028800,28.039500,28.053500,28.072000,28.095900,28.126400,28.164900,28.212800,28.271800,28.343300
28.001400,28.001500,28.001800,28.002300,28.003000,28.004100,28.005700,28.007900,28.011100,28.015400,28.021400,28.029400,28.040200,28.054500,28.073200,28.097300,28.128100,28.166900,28.215200,28.274500,28.346300
28.001500,28.001600,28.001800,28.002300,28.003100,28.004200,28.005800,28.008200,28.011400,28.015800,28.021900,28.030000,28.041000,28.055400,28.074300,28.098700,28.129800,28.168900,28.217600,28.277200,28.349400
28.001600,28.001600,28.001900,28.002400,28.003200,28.004400,28.006000,28.008400,28.011700,28.016200,28.022300,28.030700,28.041800,28.056400,28.075500,28.100200,28.131500,28.171000,28.219900,28.279900,28.352400
28.001600,28.001700,28.002000,28.002500,28.003300,28.004500,28.006200,28.008600,28.012000,28.016600,28.022800,28.031300,28.042600,28.057400,28.076700,28.101600,28.133300,28.173000,28.222300,28.282600,28.355500
28.001700,28.001800,28.002100,28.002600,28.003400,28.004600,28.006400,28.008800,28.012200,28.016900,28.023300,28.031900,28.043300,28.058400,28.077900,28.103100,28.135000,28.175100,28.224700,28.285300,28.358600
28.001700,28.001800,28.002100,28.002700,28.003500,28.004800,28.006600,28.009100,28.012600,28.017300,28.023800,28.032600,28.044100,28.059400,28.079200,28.104600,28.136800,28.177100,28.227100,28.288100,28.361700
28.001800,28.001900,28.002200,28.002800,28.003600,28.004900,28.006700,28.009300,28.012900,28.017700,28.024300,28.033200,28.044900,28.060400,28.080400,28.106000,28.138500,28.179200,28.229500,28.290800,28.364700
28.001900,28.002000,28.002300,28.002900,28.003700,28.005100,28.006900,28.009500,28.013200,28.018100,28.024900,28.033800,28.045800,28.061400,28.081600,28.107500,28.140300,28.181300,28.231900,28.293500,28.367800
28.001900,28.002000,28.002400,28.003000,28.003900,28.005200,28.007100,28.009800,28.013500,28.018500,28.025400,28.034500,28.046600,28.062400,28.082900,28.109000,28.142100,28.183400,28.234300,28.296300,28.370900
28.002000,28.002100,28.002500,28.003100,28.004000,28.005400,28.007300,28.010000,28.013800,28.019000,28.025900,28.035200,28.047400,28.063400,28.084100,28.110500,28.143900,28.185400,28.236700,28.299000,28.374000
28.002100,28.002200,28.002500,28.003200,28.004100,28.005500,28.007500,28.010300,28.014100,28.019400,28.026400,28.035800,28.048300,28.064500,28.085400,28.112000,28.145700,28.187500,28.239100,28.301800,28.377100
28.002200,28.002300,28.002600,28.003300,28.004200,28.005700,28.007700,28.010600,28.014500,28.019800,28.027000,28.036500,28.049100,28.065500,28.086600,28.113500,28.147500,28.189600,28.241500,28.304500,28.380200
28.002200,28.002400,28.002700,28.003400,28.004400,28.005800,28.007900,28.010800,28.014800,28.020200,28.027500,28.037200,28.049900,28.066500,28.087900,28.115100,28.149300,28.191700,28.243900,28.307300,28.383300
28.002300,28.002400,28.002800,28.003500,28.004500,28.006000,28.008100,28.011100,28.015200,28.020700,28.028100,28.037900,28.050800,28.067600,28.089200,28.116600,28.151100,28.193900,28.246400,28.310000,28.386400
28.002400,28.002500,28.002900,28.003600,28.004600,28.006200,28.008300,28.011400,28.015500,28.021100,28.028600,28.038600,28.051700,28.068700,28.090500,28.118100,28.152900,28.196000,28.248800,28.312800,28.389600
28.002500,28.002600,28.003000,28.003700,28.004800,28.006300,28.008600,28.011600,28.015900,28.021600,28.029200,28.039300,28.052500,28.069700,28.091800,28.119700,28.154700,28.198100,28.251200,28.315600,28.392700
28.002600,28.002700,28.003100,28.003800,28.004900,28.006500,28.008800,28.011900,28.016200,28.022000,28.029800,28.040000,28.053400,28.070800,28.093100,28.121200,28.156500,28.200200,28.253700,28.318400,28.395800
28.002700,28.002800,28.003200,28.003900,28.005100,28.006700,28.009000,28.012200,28.016600,28.022500,28.030300,28.040700,28.054300,28.071900,28.094400,28.122800,28.158400,28.202400,28.256100,28.321200,28.398900
28.002700,28.002900,28.003300,28.004100,28.005200,28.006900,28.009200,28.012500,28.016900,28.022900,28.030900,28.041500,28.055200,28.073000,28.095700,28.124400,28.160200,28.204500,28.258600,28.323900,28.402100
28.002800,28.003000,28.003400,28.004200,28.005400,28.007100,28.009500,28.012800,28.017300,28.023400,28.031500,28.042200,28.056100,28.074100,28.097000,28.125900,28.162100,28.206600,28.261100,28.326700,28.405200
28.002900,28.003100,28.003500,28.004300,28.005500,28.007300,28.009700,28.013100,28.017700,28.023900,28.032100,28.042900,28.057000,28.075200,28.098300,28.127500,28.163900,28.208800,28.263500,28.329500,28.408400
28.003000,28.003200,28.003600,28.004400,28.005700,28.007400,28.010000,28.013400,28.018100,28.024400,28.032700,28.043700,28.057900,28.076300,28.099700,28.129100,28.165800,28.211000,28.266000,28.332400,28.411500
28.003100,28.003300,28.003700,28.004600,28.005800,28.007600,28.010200,28.013700,28.018500,28.024900,28.033300,28.044400,28.058900,28.077400,28.101000,28.130700,28.167700,28.213100,28.268500,28.335200,28.414700
28.003200,28.003400,28.003900,28.004700,28.006000,28.007800,28.010400,28.014000,28.018900,28.025300,28.033900,28.045200,28.059800,28.078600,28.102400,28.132300,28.169500,28.215300,28.271000,28.338000,28.417800
28.003300,28.003500,28.004000,28.004800,28.006100,28.008000,28.010700,28.014300,28.019300,28.025800,28.034600,28.046000,28.060700,28.079700,28.103700,28.133900,28.171400,28.217500,28.273500,28.340800,28.421000
28.003400,28.003600,28.004100,28.005000,28.006300,28.008300,28.011000,28.014700,28.019700,28.026400,28.035200,28.046700,28.061700,28.080800,28.105100,28.135500,28.173300,28.219700,28.276000,28.343600,28.424200
28.003600,28.003700,28.004200,28.005100,28.006500,28.008500,28.011200,28.015000,28.020100,28.026900,28.035800,28.047500,28.062600,28.082000,28.106500,28.137200,28.175200,28.221900,28.278500,28.346500,28.427300
28.003700,28.003800,28.004300,28.005300,28.006700,28.008700,28.011500,28.015300,28.020500,28.027400,28.036500,28.048300,28.063600,28.083100,28.107900,28.138800,28.177100,28.224100,28.281000,28.349300,28.430400
28.003800,28.003900,28.004500,28.005400,28.006800,28.008900,28.011800,28.015700,28.020900,28.027900,28.037100,28.049100,28.064600,28.084300,28.109200,28.140400,28.179000,28.226300,28.283500,28.352100,28.433400
28.003900,28.004100,28.004600,28.005600,28.007000,28.009100,28.012000,28.016000,28.021300,28.028400,28.037800,28.049900,28.065500,28.085500,28.110600,28.142100,28.180900,28.228500,28.286000,28.354900,28.436500
28.004000,28.004200,28.004700,28.005700,28.007200,28.009300,28.012300,28.016300,28.021800,28.029000,28.038400,28.050700,28.066500,28.086700,28.112000,28.143700,28.182900,28.230700,28.288500,28.357700,28.439500
28.004100,28.004300,28.004900,28.005900,28.007400,28.009600,28.012600,28.016700,28.022200,28.029500,28.039100,28.051500,28.067500,28.087800,28.113500,28.145400,28.184800,28.232900,28.291000,28.360500,28.442600
28.004300,28.004400,28.005000,28.006000,28.007600,28.009800,28.012900,28.017000,28.022600,28.030000,28.039800,28.052300,28.068500,28.089000,28.114900,28.147100,28.186700,28.235100,28.293500,28.363300,28.445600
28.004400,28.004600,28.005200,28.006200,28.007800,28.010000,28.013200,28.017400,28.023100,28.030600,28.040400,28.053200,28.069500,28.090200,28.116300,28.148700,28.188700,28.237300,28.296100,28.366100,28.448600
28.004500,28.004700,28.005300,28.006400,28.008000,28.010300,28.013500,28.017800,28.023500,28.031200,28.041100,28.054000,28.070500,28.091400,28.117700,28.150400,28.190600,28.239600,28.298600,28.368900,28.451600
28.004600,28.004800,28.005500,28.006500,28.008200,28.010500,28.013800,28.018100,28.024000,28.031700,28.041800,28.054800,28.071500,28.092700,28.119200,28.152100,28.192600,28.241800,28.301100,28.371700,28.454600
28.004800,28.005000,28.005600,28.006700,28.008400,28.010800,28.014100,28.018500,28.024500,28.032300,28.042500,28.055700,28.072500,28.093900,28.120600,28.153800,28.194500,28.244000,28.303600,28.374400,28.457600
28.004900,28.005100,28.005800,28.006900,28.008600,28.011000,28.014400,28.018900,28.024900,28.032900,28.043200,28.056500,28.073600,28.095100,28.122100,28.155500,28.196500,28.246300,28.306100,28.377200,28.460600
28.005100,28.005300,28.005900,28.007100,28.008800,28.011300,28.014700,28.019300,28.025400,28.033400,28.043900,28.057400,28.074600,28.096300,28.123500,28.157200,28.198400,28.248500,28.308600,28.380000,28.463600
28.005200,28.005400,28.006100,28.007200,28.009000,28.011500,28.015000,28.019700,28.025900,28.034000,28.044600,28.058300,28.075600,28.097600,28.125000,28.158900,28.200400,28.250800,28.311100,28.382700,28.466500
28.005400,28.005600,28.006200,28.007400,28.009200,28.011800,28.015300,28.020100,28.026400,28.034600,28.045300,28.059100,28.076700,28.098800,28.126500,28.160600,28.202400,28.253000,28.313600,28.385500,28.469500
28.005500,28.005700,28.006400,28.007600,28.009500,28.012100,28.015600,28.020500,28.026800,28.035200,28.046100,28.060000,28.077700,28.100100,28.127900,28.162300,28.204400,28.255300,28.316200,28.388200,28.472500
28.005700,28.005900,28.006600,28.007800,28.009700,28.012300,28.016000,28.020900,28.027300,28.035800,28.046800,28.060900,28.078800,28.101300,28.129400,28.164000,28.206400,28.257500,28.318700,28.391000,28.475500
28.005800,28.006000,28.006800,28.008000,28.009900,28.012600,28.016300,28.021300,28.027800,28.036400,28.047500,28.061800,28.079900,28.102600,28.130900,28.165800,28.208300,28.259800,28.321200,28.393700,28.478400
28.006000,28.006200,28.006900,28.008200,28.010100,28.012900,28.016600,28.021700,28.028300,28.037000,28.048300,28.062700,28.081000,28.103900,28.132400,28.167500,28.210300,28.262000,28.323700,28.396500,28.481400
28.006100,28.006400,28.007100,28.008400,28.010400,28.013200,28.017000,28.022100,28.028800,28.037700,28.049000,28.063600,28.082000,28.105200,28.133900,28.169300,28.212300,28.264300,28.326200,28.399200,28.484400
28.006300,28.006500,28.007300,28.008600,28.010600,28.013500,28.017300,28.022500,28.029400,28.038300,28.049800,28.064500,28.083100,28.106400,28.135400,28.171000,28.214300,28.266500,28.328700,28.402000,28.487300
28.006500,28.006700,28.007500,28.008800,28.010900,28.013700,28.017700,28.022900,28.029900,28.038900,28.050600,28.065400,28.084200,28.107700,28.136900,28.172800,28.216300,28.268800,28.331200,28.404700,28.490300
28.006600,28.006900,28.007700,28.009000,28.011100,28.014000,28.018000,28.023400,28.030400,28.039600,28.051300,28.066400,28.085300,28.109000,28.138400,28.174500,28.218300,28.271000,28.333700,28.407500,28.493200
28.006800,28.007100,28.007900,28.009300,28.011400,28.014300,28.018400,28.023800,28.030900,28.040200,28.052100,28.067300,28.086400,28.110300,28.140000,28.176300,28.220300,28.273300,28.336200,28.410200,28.496200
28.007000,28.007200,28.008100,28.009500,28.011600,28.014600,28.018800,28.024300,28.031500,28.040800,28.052900,28.068200,28.087500,28.111700,28.141500,28.178000,28.222400,28.275600,28.338700,28.412900,28.499100
28.007200,28.007400,28.008300,28.009700,28.011900,28.014900,28.019100,28.024700,28.032000,28.041500,28.053700,28.069200,28.088700,28.113000,28.143000,28.179800,28.224400,28.277800,28.341200,28.415700,28.502100
28.007300,28.007600,28.008500,28.009900,28.012100,28.015300,28.019500,28.025200,28.032600,28.042200,28.054500,28.070100,28.089800,28.114300,28.144600,28.181600,28.226400,28.280100,28.343700,28.418400,28.505000
28.007500,28.007800,28.008700,28.010200,28.012400,28.015600,28.019900,28.025600,28.033100,28.042800,28.055300,28.071100,28.090900,28.115600,28.146100,28.183400,28.228400,28.282300,28.346200,28.421100,28.508000
28.007700,28.008000,28.008900,28.010400,28.012700,28.015900,28.020300,28.026100,28.033700,28.043500,28.056100,28.072000,28.092100,28.117000,28.147700,28.185100,28.230400,28.284600,28.348800,28.423900,28.510900
28.007900,28.008200,28.009100,28.010600,28.013000,28.016200,28.020700,28.026500,28.034200,28.044200,28.056900,28.073000,28.093200,28.118300,28.149200,28.186900,28.232500,28.286900,28.351300,28.426600,28.513900
28.008100,28.008400,28.009300,28.010900,28.013200,28.016500,28.021000,28.027000,28.034800,28.044900,28.057700,28.074000,28.094300,28.119700,28.150800,28.188700,28.234500,28.289200,28.353800,28.429300,28.516800
28.008300,28.008600,28.009500,28.011100,28.013500,28.016900,28.021400,28.027500,28.035400,28.045600,28.058500,28.074900,28.095500,28.121000,28.152400,28.190500,28.236500,28.291400,28.356300,28.432100,28.519800
28.008500,28.008800,28.009700,28.011400,28.013800,28.017200,28.021800,28.028000,28.036000,28.046200,28.059400,28.075900,28.096700,28.122400,28.153900,28.192300,28.238600,28.293700,28.358800,28.434800,28.522700
28.008700,28.009000,28.010000,28.011600,28.014100,28.017600,28.022300,28.028500,28.036500,28.046900,28.060200,28.076900,28.097800,28.123700,28.155500,28.194100,28.240600,28.296000,28.361300,28.437500,28.525700
28.008900,28.009200,28.010200,28.011900,28.014400,28.017900,28.022700,28.028900,28.037100,28.047700,28.061000,28.077900,28.099000,28.125100,28.157100,28.195900,28.242600,28.298300,28.363800,28.440300,28.528600
28.009100,28.009500,28.010400,28.012100,28.014700,28.018300,28.023100,28.029400,28.037700,28.048400,28.061900,28.078900,28.100200,28.126500,28.158700,28.197700,28.244700,28.300500,28.366300,28.443000,28.531500
28.009400,28.009700,28.010700,28.012400,28.015000,28.018600,28.023500,28.029900,28.038300,28.049100,28.062700,28.079900,28.101400,28.127900,28.160300,28.199600,28.246700,28.302800,28.368800,28.445700,28.534500
28.009600,28.009900,28.010900,28.012700,28.015300,28.019000,28.023900,28.030500,28.038900,28.049800,28.063600,28.081000,28.102600,28.129200,28.161900,28.201400,28.248800,28.305100,28.371300,28.448500,28.537400
28.009800,28.010100,28.011200,28.012900,28.015600,28.019300,28.024400,28.031000,28.039500,28.050500,28.064500,28.082000,28.103800,28.130600,28.163500,28.203200,28.250800,28.307400,28.373900,28.451200,28.540400
28.010000,28.010400,28.011400,28.013200,28.015900,28.019700,28.024800,28.031500,28.040200,28.051300,28.065300,28.083000,28.105000,28.132000,28.165100,28.205000,28.252900,28.309700,28.376400,28.453900,28.543300
28.010300,28.010600,28.011700,28.013500,28.016200,28.020100,28.025200,28.032000,28.040800,28.052000,28.066200,28.084000,28.106200,28.133400,28.166700,28.206900,28.255000,28.312000,28.378900,28.456700,28.546300
28.010500,28.010800,28.011900,28.013800,28.016600,28.020500,28.025700,28.032500,28.041400,28.052800,28.067100,28.085100,28.107400,28.134800,28.168300,28.208700,28.257000,28.314200,28.381400,28.459400,28.549200
28.010700,28.011100,28.012200,28.014100,28.016900,28.020800,28.026100,28.033100,28.042000,28.053500,28.068000,28.086100,28.108600,28.136300,28.169900,28.210500,28.259100,28.316500,28.383900,28.462100,28.552100
28.011000,28.011300,28.012400,28.014400,28.017200,28.021200,28.026600,28.033600,28.042700,28.054300,28.068900,28.087200,28.109800,28.137700,28.171500,28.212400,28.261100,28.318800,28.386400,28.464900,28.555100
28.011200,28.011600,28.012700,28.014700,28.017600,28.021600,28.027000,28.034100,28.043300,28.055000,28.069800,28.088200,28.111100,28.139100,28.173200,28.214200,28.263200,28.321100,28.388900,28.467600,28.558000
28.011500,28.011800,28.013000,28.015000,28.017900,28.022000,28.027500,28.034700,28.044000,28.055800,28.070700,28.089300,28.112300,28.140500,28.174800,28.216100,28.265300,28.323400,28.391500,28.470300,28.561000
28.011700,28.012100,28.013300,28.015300,28.018300,28.022400,28.028000,28.035200,28.044600,28.056600,28.071600,28.090400,28.113500,28.141900,28.176400,28.217900,28.267400,28.325700,28.394000,28.473100,28.563900
28.012000,28.012400,28.013500,28.015600,28.018600,28.022800,28.028400,28.035800,28.045300,28.057300,28.072500,28.091400,28.114800,28.143400,28.178100,28.219800,28.269400,28.328000,28.396500,28.475800,28.566900
28.012200,28.012600,28.013800,28.015900,28.019000,28.023200,28.028900,28.036400,28.045900,28.058100,28.073400,28.092500,28.116000,28.144800,28.179700,28.221600,28.271500,28.330300,28.399000,28.478600,28.569800
28.012500,28.012900,28.014100,28.016200,28.019300,28.023600,28.029400,28.036900,28.046600,28.058900,28.074400,28.093600,28.117300,28.146300,28.181400,28.223500,28.273600,28.332600,28.401600,28.481300,28.572800
28.012800,28.013200,28.014400,28.016500,28.019700,28.024000,28.029900,28.037500,28.047300,28.059700,28.075300,28.094700,28.118600,28.147700,28.183000,28.225400,28.275700,28.334900,28.404100,28.484000,28.575700
28.013000,28.013400,28.014700,28.016800,28.020000,28.024500,28.030400,28.038100,28.048000,28.060500,28.076200,28.095800,28.119800,28.149200,28.184700,28.227200,28.277800,28.337200,28.406600,28.486800,28.578600
28.013300,28.013700,28.015000,28.017200,28.020400,28.024900,28.030900,28.038700,28.048700,28.061300,28.077200,28.096900,28.121100,28.150600,28.186300,28.229100,28.279900,28.339600,28.409100,28.489500,28.581600
28.013600,28.014000,28.015300,28.017500,28.020800,28.025300,28.031400,28.039300,28.049400,28.062100,28.078100,28.098000,28.122400,28.152100,28.188000,28.231000,28.282000,28.341900,28.411700,28.492300,28.584500
28.013900,28.014300,28.015600,28.017800,28.021200,28.025800,28.031900,28.039800,28.050000,28.062900,28.079100,28.099100,28.123700,28.153600,28.189700,28.232900,28.284100,28.344200,28.414200,28.495000,28.587500
28.014200,28.014600,28.015900,28.018200,28.021500,28.026200,28.032400,28.040400,28.050700,28.063800,28.080000,28.100200,28.125000,28.155100,28.191400,28.234800,28.286200,28.346500,28.416700,28.497700,28.590400
28.014500,28.014900,28.016200,28.018500,28.021900,28.026600,28.032900,28.041100,28.051500,28.064600,28.081000,28.101300,28.126200,28.156500,28.193000,28.236600,28.288300,28.348800,28.419300,28.500500,28.593400
28.014800,28.015200,28.016500,28.018900,28.022300,28.027100,28.033400,28.041700,28.052200,28.065400,28.082000,28.102500,28.127500,28.158000,28.194700,28.238500,28.290400,28.351100,28.421800,28.503200,28.596300
28.015100,28.015500,28.016900,28.019200,28.022700,28.027600,28.034000,28.042300,28.052900,28.066300,28.083000,28.103600,28.128800,28.159500,28.196400,28.240400,28.292500,28.353500,28.424300,28.506000,28.599300
28.015400,28.015800,28.017200,28.019600,28.023100,28.028000,28.034500,28.042900,28.053600,28.067100,28.083900,28.104700,28.130200,28.161000,28.198100,28.242300,28.294600,28.355800,28.426900,28.508700,28.602200
28.015700,28.016100,28.017500,28.020000,28.023500,28.028500,28.035000,28.043500,28.054300,28.068000,28.084900,28.105900,28.131500,28.162500,28.199800,28.244200,28.296700,28.358100,28.429400,28.511500,28.605400
28.016000,28.016400,28.017900,28.020300,28.023900,28.028900,28.035600,28.044100,28.055100,28.068800,28.085900,28.107000,28.132800,28.164000,28.201500,28.246100,28.298800,28.360400,28.431900,28.514300,28.608700
28.016300,28.016800,28.018200,28.020700,28.024400,28.029400,28.036100,28.044800,28.055800,28.069700,28.086900,28.108200,28.134100,28.165500,28.203200,28.248000,28.300900,28.362800,28.434500,28.517100,28.612000
28.016600,28.017100,28.018500,28.021100,28.024800,28.029900,28.036700,28.045400,28.056600,28.070500,28.087900,28.109300,28.135400,28.167000,28.204900,28.249900,28.303000,28.365100,28.437100,28.520000,28.615400
28.016900,28.017400,28.018900,28.021400,28.025200,28.030400,28.037200,28.046100,28.057300,28.071400,28.088900,28.110500,28.136800,28.168500,28.206600,28.251900,28.305200,28.367400,28.439700,28.522900,28.618900
28.017300,28.017800,28.019300,28.021800,28.025600,28.030900,28.037800,28.046700,28.058100,28.072300,28.089900,28.111700,28.138100,28.170100,28.208300,28.253800,28.307300,28.369800,28.442300,28.525900,28.622400
28.017600,28.018100,28.019600,28.022200,28.026100,28.031400,28.038300,28.047400,28.058800,28.073200,28.091000,28.112800,28.139400,28.171600,28.210000,28.255700,28.309400,28.372200,28.444900,28.528900,28.625900
28.017900,28.018400,28.020000,28.022600,28.026500,28.031900,28.038900,28.048000,28.059600,28.074000,28.092000,28.114000,28.140800,28.173100,28.211800,28.257600,28.311600,28.374500,28.447500,28.531900,28.629500
28.018300,28.018800,28.020300,28.023000,28.026900,28.032400,28.039500,28.048700,28.060300,28.074900,28.093000,28.115200,28.142100,28.174600,28.213500,28.259500,28.313700,28.376900,28.450200,28.535000,28.633200
28.018600,28.019100,28.020700,28.023400,28.027400,28.032900,28.040100,28.049400,28.061100,28.075800,28.094000,28.116400,28.143500,28.176200,28.215200,28.261500,28.315900,28.379300,28.452900,28.538100,28.636800
28.019000,28.019500,28.021100,28.023800,28.027800,28.033400,28.040700,28.050000,28.061900,28.076700,28.095100,28.117600,28.144900,28.177700,28.217000,28.263400,28.318000,28.381700,28.455600,28.541200,28.640500
28.019300,28.019900,28.021500,28.024200,28.028300,28.033900,28.041200,28.050700,28.062700,28.077600,28.096100,28.118800,28.146200,28.179300,28.218700,28.265400,28.320200,28.384100,28.458300,28.544400,28.644300
28.019700,28.020200,28.021800,28.024600,28.028800,28.034400,28.041800,28.051400,28.063500,28.078600,28.097200,28.120000,28.147600,28.180800,28.220400,28.267300,28.322300,28.386500,28.461100,28.547500,28.648100
28.020000,28.020600,28.022200,28.025100,28.029200,28.034900,28.042400,28.052100,28.064300,28.079500,28.098200,28.121200,28.149000,28.182400,28.222200,28.269300,28.324500,28.389000,28.463900,28.550800,28.651900
28.020400,28.021000,28.022600,28.025500,28.029700,28.035500,28.043000,28.052800,28.065100,28.080400,28.099300,28.122400,28.150400,28.183900,28.223900,28.271200,28.326700,28.391400,28.466700,28.554000,28.655700
28.020800,28.021300,28.023000,28.025900,28.030200,28.036000,28.043700,28.053500,28.065900,28.081300,28.100400,28.123600,28.151700,28.185500,28.225700,28.273200,28.328900,28.393900,28.469500,28.557300,28.659500
28.021200,28.021700,28.023400,28.026300,28.030700,28.036500,28.044300,28.054200,28.066700,28.082300,28.101400,28.124800,28.153100,28.187100,28.227500,28.275200,28.331100,28.396400,28.472300,28.560600,28.663400
28.021500,28.022100,28.023800,28.026800,28.031100,28.037100,28.044900,28.054900,28.067500,28.083200,28.102500,28.126100,28.154500,28.188600,28.229200,28.277100,28.333300,28.398900,28.475200,28.563900,28.667300
28.021900,28.022500,28.024200,28.027200,28.031600,28.037600,28.045500,28.055600,28.068300,28.084100,28.103600,28.127300,28.155900,28.190200,28.231000,28.279100,28.335600,28.401400,28.478100,28.567300,28.671300
28.022300,28.022900,28.024600,28.027700,28.032100,28.038200,28.046100,28.056300,28.069200,28.085100,28.104700,28.128500,28.157300,28.191800,28.232800,28.281100,28.337800,28.404000,28.481000,28.570600,28.675300
28.022700,28.023300,28.025100,28.028100,28.032600,28.038700,28.046800,28.057100,28.070000,28.086000,28.105800,28.129800,28.158700,28.193400,28.234600,28.283100,28.340100,28.406500,28.483900,28.574000,28.679200
28.023100,28.023700,28.025500,28.028600,28.033100,28.039300,28.047400,28.057800,28.070800,28.087000,28.106900,28.131000,28.160100,28.195000,28.236400,28.285100,28.342300,28.409100,28.486900,28.577500,28.683300
28.023500,28.024100,28.025900,28.029000,28.033600,28.039900,28.048100,28.058500,28.071700,28.088000,28.108000,28.132300,28.161600,28.196600,28.238200,28.287200,28.344600,28.411700,28.489800,28.580900,28.687300
28.023900,28.024500,28.026300,28.029500,28.034100,28.040400,28.048700,28.059300,28.072500,28.088900,28.109100,28.133500,28.163000,28.198200,28.240000,28.289200,28.346900,28.414300,28.492800,28.584400,28.691300
28.024300,28.024900,28.026800,28.030000,28.034700,28.041000,28.049400,28.060000,28.073400,28.089900,28.110200,28.134800,28.164400,28.199800,28.241800,28.291200,28.349200,28.416900,28.495800,28.587900,28.695400
28.024700,28.025300,28.027200,28.030500,28.035200,28.041600,28.050000,28.060800,28.074200,28.090900,28.111300,28.136000,28.165800,28.201400,28.243600,28.293300,28.351500,28.419500,28.498800,28.591400,28.699500
28.025100,28.025800,28.027700,28.030900,28.035700,28.042200,28.050700,28.061500,28.075100,28.091900,28.112400,28.137300,28.167300,28.203000,28.245400,28.295300,28.353800,28.422200,28.501900,28.594900,28.703700
28.025600,28.026200,28.028100,28.031400,28.036200,28.042800,28.051400,28.062300,28.075900,28.092800,28.113500,28.138600,28.168700,28.204700,28.247200,28.297400,28.356200,28.424800,28.505000,28.598500,28.707800
28.026000,28.026600,28.028600,28.031900,28.036800,28.043400,28.052000,28.063000,28.076800,28.093800,28.114700,28.139900,28.170200,28.206300,28.249100,28.299500,28.358500,28.427500,28.508000,28.602100,28.712000
28.026400,28.027100,28.029000,28.032400,28.037300,28.044000,28.052700,28.063800,28.077700,28.094800,28.115800,28.141200,28.171600,28.207900,28.250900,28.301600,28.360900,28.430200,28.511200,28.605700,28.716100
28.026900,28.027500,28.029500,28.032900,28.037900,28.044600,28.053400,28.064600,28.078600,28.095800,28.116900,28.142400,28.173100,28.209600,28.252800,28.303600,28.363300,28.432900,28.514300,28.609300,28.720400
28.027300,28.028000,28.030000,28.033400,28.038400,28.045200,28.054100,28.065400,28.079500,28.096800,28.118100,28.143700,28.174500,28.211200,28.254700,28.305800,28.365600,28.435700,28.517400,28.612900,28.724600
28.027800,28.028400,28.030400,28.033900,28.039000,28.045800,28.054800,28.066100,28.080300,28.097900,28.119200,28.145000,28.176000,28.212900,28.256500,28.307900,28.368000,28.438400,28.520600,28.616600,28.728800
28.028200,28.028900,28.030900,28.034400,28.039500,28.046400,28.055500,28.066900,28.081200,28.098900,28.120400,28.146400,28.177500,28.214600,28.258400,28.310000,28.370500,28.441200,28.523800,28.620300,28.733100
28.028700,28.029300,28.031400,28.034900,28.040100,28.047100,28.056200,28.067700,28.082100,28.099900,28.121500,28.147700,28.179000,28.216200,28.260300,28.312100,28.372900,28.443900,28.527000,28.624000,28.737400
28.029100,28.029800,28.031900,28.035400,28.040600,28.047700,28.056900,28.068500,28.083000,28.100900,28.122700,28.149000,28.180500,28.217900,28.262200,28.314300,28.375300,28.446700,28.530200,28.627700,28.741700
28.029600,28.030300,28.032400,28.036000,28.041200,28.048300,28.057600,28.069300,28.084000,28.102000,28.123900,28.150300,28.182000,28.219600,28.264100,28.316400,28.377800,28.449500,28.533400,28.631400,28.746000
28.030100,28.030800,28.032900,28.036500,28.041800,28.049000,28.058300,28.070100,28.084900,28.103000,28.125000,28.151600,28.183500,28.221300,28.266000,28.318600,28.380200,28.452400,28.536600,28.635200,28.750300
28.030500,28.031200,28.033400,28.037000,28.042400,28.049600,28.059000,28.070900,28.085800,28.104000,28.126200,28.153000,28.185000,28.223000,28.267900,28.320800,28.382700,28.455200,28.539900,28.638900,28.754700
28.031000,28.031700,28.033900,28.037600,28.043000,28.050300,28.059800,28.071800,28.086700,28.105100,28.127400,28.154300,28.186500,28.224700,28.269900,28.323000,28.385200,28.458100,28.543200,28.642700,28.759000
28.031500,28.032200,28.034400,28.038100,28.043600,28.050900,28.060500,28.072600,28.087600,28.106100,28.128600,28.155700,28.188000,28.226400,28.271800,28.325200,28.387700,28.460900,28.546500,28.646500,28.763400
28.032000,28.032700,28.034900,28.038700,28.044200,28.051600,28.061200,28.073400,28.088600,28.107200,28.129800,28.157000,28.189500,28.228100,28.273700,28.327400,28.390200,28.463800,28.549800,28.650300,28.767800
28.032500,28.033200,28.035400,28.039200,28.044800,28.052200,28.062000,28.074200,28.089500,28.108300,28.131000,28.158400,28.191100,28.229900,28.275700,28.329600,28.392800,28.466700,28.553200,28.654200,28.772300
28.033000,28.033700,28.035900,28.039800,28.045400,28.052900,28.062700,28.075100,28.090500,28.109300,28.132200,28.159700,28.192600,28.231600,28.277700,28.331800,28.395300,28.469600,28.556500,28.658000,28.776700
28.033500,28.034200,28.036500,28.040300,28.046000,28.053600,28.063500,28.075900,28.091400,28.110400,28.133400,28.161100,28.194100,28.233400,28.279600,28.334100,28.397900,28.472600,28.559900,28.661900,28.781200
28.034000,28.034700,28.037000,28.040900,28.046600,28.054300,28.064200,28.076800,28.092400,28.111500,28.134600,28.162500,28.195700,28.235100,28.281600,28.336300,28.400500,28.475500,28.563300,28.665800,28.785600
28.034500,28.035200,28.037500,28.041500,28.047200,28.054900,28.065000,28.077600,28.093300,28.112600,28.135900,28.163900,28.197300,28.236900,28.283600,28.338600,28.403000,28.478500,28.566700,28.669700,28.790100
28.035000,28.035800,28.038100,28.042100,28.047800,28.055600,28.065700,28.078500,28.094300,28.113600,28.137100,28.165200,28.198800,28.238600,28.285600,28.340900,28.405600,28.481400,28.570100,28.673600,28.794600
28.035500,28.036300,28.038600,28.042600,28.048500,28.056300,28.066500,28.079400,28.095300,28.114700,28.138300,28.166600,28.200400,28.240400,28.287600,28.343200,28.408200,28.484400,28.573500,28.677600,28.799100
28.036000,28.036800,28.039200,28.043200,28.049100,28.057000,28.067300,28.080200,28.096200,28.115800,28.139600,28.168000,28.202000,28.242200,28.289700,28.345500,28.410900,28.487400,28.577000,28.681500,28.803700
28.036600,28.037300,28.039700,28.043800,28.049700,28.057700,28.068100,28.081100,28.097200,28.116900,28.140800,28.169400,28.203600,28.244000,28.291700,28.347800,28.413500,28.490500,28.580400,28.685500,28.808200
28.037100,28.037900,28.040300,28.044400,28.050400,28.058400,28.068900,28.082000,28.098200,28.118100,28.142100,28.170900,28.205200,28.245800,28.293700,28.350100,28.416200,28.493500,28.583900,28.689500,28.812800
28.037600,28.038400,28.040900,28.045000,28.051000,28.059200,28.069600,28.082900,28.099200,28.119200,28.143300,28.172300,28.206800,28.247600,28.295800,28.352400,28.418800,28.496500,28.587400,28.693500,28.817400
28.038200,28.039000,28.041400,28.045600,28.051700,28.059900,28.070400,28.083700,28.100200,28.120300,28.144600,28.173700,28.208400,28.249400,28.297900,28.354800,28.421500,28.499600,28.590900,28.697500,28.821900
28.038700,28.039500,28.042000,28.046200,28.052300,28.060600,28.071200,28.084600,28.101200,28.121400,28.145800,28.175100,28.210000,28.251300,28.299900,28.357100,28.424200,28.502700,28.594400,28.701600,28.826600
28.039300,28.040100,28.042600,28.046800,28.053000,28.061300,28.072000,28.085500,28.102200,28.122600,28.147100,28.176600,28.211600,28.253100,28.302000,28.359500,28.426900,28.505800,28.598000,28.705600,28.831200
28.039800,28.040700,28.043200,28.047500,28.053700,28.062100,28.072900,28.086400,28.103200,28.123700,28.148400,28.178000,28.213200,28.254900,28.304100,28.361900,28.429600,28.508900,28.601500,28.709700,28.835800
28.040400,28.041200,28.043800,28.048100,28.054400,28.062800,28.073700,28.087300,28.104200,28.124800,28.149700,28.179500,28.214900,28.256800,28.306200,28.364300,28.432300,28.512000,28.605100,28.713800,28.840500
28.041000,28.041800,28.044400,28.048700,28.055000,28.063500,28.074500,28.088300,28.105300,28.126000,28.151000,28.180900,28.216500,28.258700,28.308300,28.366700,28.435100,28.515100,28.608700,28.717900,28.845100
28.041500,28.042400,28.045000,28.049300,28.055700,28.064300,28.075300,28.089200,28.106300,28.127100,28.152300,28.182400,28.218200,28.260500,28.310500,28.369100,28.437800,28.518300,28.612300,28.722000,28.849800
28.042100,28.043000,28.045600,28.050000,28.056400,28.065000,28.076100,28.090100,28.107300,28.128300,28.153600,28.183900,28.219800,28.262400,28.312600,28.371500,28.440600,28.521400,28.615900,28.726100,28.854400
28.042700,28.043500,28.046200,28.050600,28.057100,28.065800,28.077000,28.091000,28.108400,28.129500,28.154900,28.185300,28.221500,28.264300,28.314700,28.374000,28.443400,28.524600,28.619500,28.730200,28.858800
28.043300,28.044100,28.046800,28.051300,28.057800,28.066500,28.077800,28.092000,28.109400,28.130600,28.156200,28.186800,28.223200,28.266200,28.316900,28.376400,28.446200,28.527800,28.623100,28.734300,28.863300
28.043900,28.044700,28.047400,28.051900,28.058500,28.067300,28.078700,28.092900,28.110500,28.131800,28.157500,28.188300,28.224900,28.268100,28.319000,28.378900,28.449000,28.531000,28.626800,28.738300,28.867600
28.044500,28.045300,28.048000,28.052600,28.059200,28.068100,28.079500,28.093900,28.111500,28.133000,28.158900,28.189800,28.226600,28.270000,28.321200,28.381400,28.451800,28.534200,28.630400,28.742400,28.872000
28.045100,28.045900,28.048600,28.053200,28.059900,28.068900,28.080400,28.094800,28.112600,28.134200,28.160200,28.191300,28.228300,28.271900,28.323400,28.383800,28.454600,28.537400,28.634100,28.746400,28.876400
28.045700,28.046600,28.049300,28.053900,28.060600,28.069600,28.081200,28.095800,28.113600,28.135400,28.161600,28.192800,28.230000,28.273900,28.325600,28.386300,28.457500,28.540700,28.637700,28.750500,28.880700
28.046300,28.047200,28.049900,28.054600,28.061400,28.070400,28.082100,28.096700,28.114700,28.136600,28.162900,28.194300,28.231700,28.275800,28.327800,28.388800,28.460300,28.543900,28.641300,28.754500,28.885000
28.046900,28.047800,28.050600,28.055300,28.062100,28.071200,28.083000,28.097700,28.115800,28.137800,28.164300,28.195900,28.233400,28.277800,28.330000,28.391400,28.463200,28.547100,28.645000,28.758500,28.889300
28.047500,28.048400,28.051200,28.055900,28.062800,28.072000,28.083800,28.098700,28.116900,28.139000,28.165600,28.197400,28.235100,28.279700,28.332200,28.393900,28.466100,28.550400,28.648600,28.762500,28.893600
28.048100,28.049000,28.051900,28.056600,28.063500,28.072800,28.084700,28.099600,28.118000,28.140200,28.167000,28.198900,28.236900,28.281700,28.334500,28.396400,28.468900,28.553700,28.652300,28.766500,28.897800
28.048700,28.049700,28.052500,28.057300,28.064300,28.073600,28.085600,28.100600,28.119100,28.141400,28.168400,28.200500,28.238600,28.283700,28.336700,28.399000,28.471800,28.556900,28.655900,28.770500,28.902100
28.049400,28.050300,28.053200,28.058000,28.065000,28.074400,28.086500,28.101600,28.120200,28.142700,28.169700,28.202100,28.240400,28.285700,28.339000,28.401500,28.474700,28.560200,28.659500,28.774400,28.906300
28.050000,28.051000,28.053800,28.058700,28.065800,28.075200,28.087400,28.102600,28.121300,28.143900,28.171100,28.203600,28.242200,28.287700,28.341200,28.404100,28.477600,28.563400,28.663200,28.778400,28.910600
28.050700,28.051600,28.054500,28.059400,28.066500,28.076100,28.088300,28.103600,28.122400,28.145200,28.172500,28.205200,28.243900,28.289700,28.343500,28.406700,28.480600,28.566700,28.666800,28.782300,28.914800
28.051300,28.052300,28.055200,28.060100,28.067300,28.076900,28.089200,28.104600,28.123500,28.146400,28.173900,28.206800,28.245700,28.291700,28.345800,28.409300,28.483500,28.570000,28.670400,28.786300,28.919000
28.052000,28.052900,28.055900,28.060900,28.068100,28.077700,28.090100,28.105600,28.124600,28.147700,28.175300,28.208400,28.247500,28.293700,28.348100,28.411900,28.486400,28.573300,28.674000,28.790200,28.923200
28.052600,28.053600,28.056500,28.061600,28.068800,28.078600,28.091000,28.106600,28.125700,28.148900,28.176800,28.209900,28.249300,28.295800,28.350400,28.414500,28.489300,28.576500,28.677700,28.794200,28.927400
28.053300,28.054300,28.057200,28.062300,28.069600,28.079400,28.092000,28.107600,28.126900,28.150200,28.178200,28.211500,28.251100,28.297800,28.352700,28.417100,28.492300,28.579800,28.681300,28.798100,28.931600
28.053900,28.054900,28.057900,28.063000,28.070400,28.080200,28.092900,28.108700,28.128000,28.151500,28.179600,28.213200,28.252900,28.299900,28.355000,28.419700,28.495200,28.583100,28.684900,28.802000,28.935800
28.054600,28.055600,28.058600,28.063800,28.071200,28.081100,28.093800,28.109700,28.129200,28.152700,28.181000,28.214800,28.254700,28.301900,28.357400,28.422300,28.498200,28.586400,28.688500,28.805900,28.940000
28.055300,28.056300,28.059300,28.064500,28.072000,28.082000,28.094800,28.110700,28.130300,28.154000,28.182500,28.216400,28.256600,28.304000,28.359700,28.425000,28.501100,28.589700,28.692100,28.809900,28.944100
28.056000,28.057000,28.060000,28.065300,28.072800,28.082800,28.095700,28.111800,28.131500,28.155300,28.183900,28.218000,28.258400,28.306100,28.362000,28.427600,28.504100,28.593000,28.695700,28.813800,28.948300
28.056700,28.057700,28.060800,28.066000,28.073600,28.083700,28.096600,28.112800,28.132600,28.156600,28.185400,28.219700,28.260300,28.308100,28.364400,28.430200,28.507100,28.596300,28.699400,28.817700,28.952500
28.057300,28.058400,28.061500,28.066800,28.074400,28.084600,28.097600,28.113900,28.133800,28.157900,28.186900,28.221300,28.262100,28.310200,28.366800,28.432900,28.510000,28.599600,28.703000,28.821600,28.956700
28.058000,28.059100,28.062200,28.067500,28.075200,28.085400,28.098600,28.114900,28.135000,28.159200,28.188300,28.223000,28.264000,28.312300,28.369100,28.435600,28.513000,28.602900,28.706600,28.825500,28.960800
28.058700,28.059800,28.062900,28.068300,28.076000,28.086300,28.099500,28.116000,28.136200,28.160600,28.189800,28.224600,28.265900,28.314400,28.371500,28.438200,28.516000,28.606200,28.710200,28.829400,28.965000
28.059400,28.060500,28.063700,28.069000,28.076800,28.087200,28.100500,28.117100,28.137300,28.161900,28.191300,28.226300,28.267700,28.316600,28.373900,28.440900,28.519000,28.609500,28.713800,28.833300,28.969100
28.060200,28.061200,28.064400,28.069800,28.077600,28.088100,28.101500,28.118100,28.138500,28.163200,28.192800,28.228000,28.269600,28.318700,28.376300,28.443600,28.522000,28.612800,28.717400,28.837200,28.973300
28.060900,28.061900,28.065100,28.070600,28.078500,28.089000,28.102400,28.119200,28.139700,28.164600,28.194300,28.229700,28.271500,28.320800,28.378700,28.446300,28.525000,28.616100,28.721000,28.841100,28.977400
28.061600,28.062700,28.065900,28.071400,28.079300,28.089900,28.103400,28.120300,28.140900,28.165900,28.195800,28.231300,28.273400,28.323000,28.381100,28.449000,28.528000,28.619400,28.724600,28.845000,28.981600
28.062300,28.063400,28.066600,28.072200,28.080200,28.090800,28.104400,28.121400,28.142200,28.167200,28.197300,28.233000,28.275300,28.325100,28.383500,28.451700,28.531000,28.622700,28.728200,28.848900,28.985700
28.063000,28.064100,28.067400,28.073000,28.081000,28.091700,28.105400,28.122500,28.143400,28.168600,28.198800,28.234800,28.277200,28.327300,28.385900,28.454400,28.534000,28.626000,28.731800,28.852700,28.989900
28.063800,28.064900,28.068200,28.073800,28.081900,28.092600,28.106400,28.123600,28.144600,28.170000,28.200300,28.236500,28.279200,28.329400,28.388300,28.457100,28.537000,28.629300,28.735400,28.856600,28.994000
28.064500,28.065600,28.068900,28.074600,28.082700,28.093600,28.107400,28.124700,28.145800,28.171300,28.201900,28.238200,28.281100,28.331600,28.390800,28.459800,28.540000,28.632600,28.739100,28.860500,28.998200
28.065300,28.066400,28.069700,28.075400,28.083600,28.094500,28.108500,28.125800,28.147100,28.172700,28.203400,28.239900,28.283000,28.333800,28.393200,28.462500,28.543000,28.636000,28.742700,28.864400,29.002300
28.066000,28.067100,28.070500,28.076200,28.084400,28.095400,28.109500,28.126900,28.148300,28.174100,28.205000,28.241700,28.285000,28.336000,28.395700,28.465300,28.546000,28.639300,28.746300,28.868300,29.006400
28.066800,28.067900,28.071300,28.077000,28.085300,28.096400,28.110500,28.128100,28.149600,28.175500,28.206500,28.243400,28.287000,28.338200,28.398100,28.468000,28.549100,28.642600,28.749900,28.872200,29.010600
28.067500,28.068600,28.072100,28.077800,28.086200,28.097300,28.111500,28.129200,28.150800,28.176900,28.208100,28.245100,28.288900,28.340400,28.400600,28.470700,28.552100,28.645900,28.753500,28.876000,29.014700
28.068300,28.069400,28.072800,28.078700,28.087100,28.098300,28.112600,28.130300,28.152100,28.178300,28.209700,28.246900,28.290900,28.342600,28.403100,28.473500,28.555100,28.649200,28.757100,28.879900,29.018800
28.069100,28.070200,28.073600,28.079500,28.088000,28.099200,28.113600,28.131500,28.153300,28.179700,28.211200,28.248700,28.292900,28.344800,28.405500,28.476200,28.558200,28.652600,28.760700,28.883800,29.023000
28.069800,28.071000,28.074500,28.080400,28.088900,28.100200,28.114700,28.132600,28.154600,28.181100,28.212800,28.250400,28.294900,28.347000,28.408000,28.479000,28.561200,28.655900,28.764300,28.887700,29.027100
28.070600,28.071800,28.075300,28.081200,28.089800,28.101200,28.115700,28.133800,28.155900,28.182500,28.214400,28.252200,28.296800,28.349200,28.410500,28.481800,28.564200,28.659200,28.767900,28.891600,29.031200
28.071400,28.072600,28.076100,28.082100,28.090700,28.102100,28.116800,28.135000,28.157200,28.184000,28.216000,28.254000,28.298800,28.351500,28.413000,28.484500,28.567300,28.662500,28.771500,28.895400,29.035400
28.072200,28.073300,28.076900,28.082900,28.091600,28.103100,28.117800,28.136100,28.158500,28.185400,28.217600,28.255800,28.300800,28.353700,28.415500,28.487300,28.570300,28.665900,28.775100,28.899300,29.039500
28.073000,28.074100,28.077700,28.083800,28.092500,28.104100,28.118900,28.137300,28.159800,28.186900,28.219200,28.257600,28.302900,28.356000,28.418000,28.490100,28.573400,28.669200,28.778800,28.903200,29.043600
28.073800,28.075000,28.078500,28.084600,28.093400,28.105100,28.120000,28.138500,28.161100,28.188300,28.220800,28.259400,28.304900,28.358200,28.420500,28.492800,28.576400,28.672600,28.782400,28.907100,29.047700
28.074600,28.075800,28.079400,28.085500,28.094300,28.106100,28.121100,28.139700,28.162400,28.189800,28.222500,28.261200,28.306900,28.360500,28.423000,28.495600,28.579500,28.675900,28.786000,28.910900,29.051900
28.075400,28.076600,28.080200,28.086400,28.095300,28.107100,28.122200,28.140900,28.163700,28.191200,28.224100,28.263000,28.308900,28.362800,28.425500,28.498400,28.582600,28.679200,28.789600,28.914800,29.056000
28.076200,28.077400,28.081100,28.087300,28.096200,28.108100,28.123200,28.142100,28.165000,28.192700,28.225700,28.264900,28.311000,28.365000,28.428100,28.501200,28.585600,28.682600,28.793200,28.918700,29.060100
28.077000,28.078200,28.081900,28.088200,28.097100,28.109100,28.124300,28.143300,28.166400,28.194200,28.227400,28.266700,28.313000,28.367300,28.430600,28.504000,28.588700,28.685900,28.796800,28.922600,29.064300
28.077800,28.079100,28.082800,28.089000,28.098100,28.110100,28.125500,28.144500,28.167700,28.195700,28.229000,28.268500,28.315100,28.369600,28.433100,28.506800,28.591800,28.689300,28.800400,28.926500,29.068400
28.078700,28.079900,28.083600,28.089900,28.099000,28.111100,28.126600,28.145700,28.169000,28.197200,28.230700,28.270400,28.317100,28.371900,28.435700,28.509600,28.594900,28.692600,28.804100,28.930300,29.072500
28.079500,28.080700,28.084500,28.090900,28.100000,28.112200,28.127700,28.146900,28.170400,28.198700,28.232300,28.272200,28.319200,28.374200,28.438200,28.512400,28.597900,28.696000,28.807700,28.934200,29.076600
28.080300,28.081600,28.085400,28.091800,28.101000,28.113200,28.128800,28.148200,28.171800,28.200200,28.234000,28.274100,28.321300,28.376500,28.440800,28.515200,28.601000,28.699300,28.811300,28.938100,29.080800
28.081200,28.082400,28.086200,28.092700,28.101900,28.114200,28.129900,28.149400,28.173100,28.201700,28.235700,28.276000,28.323400,28.378800,28.443300,28.518000,28.604100,28.702700,28.814900,28.942000,29.084900
28.082000,28.083300,28.087100,28.093600,28.102900,28.115300,28.131100,28.150600,28.174500,28.203200,28.237400,28.277900,28.325400,28.381100,28.445900,28.520900,28.607200,28.706000,28.818500,28.945900,29.089000
28.082900,28.084200,28.088000,28.094500,28.103900,28.116300,28.132200,28.151900,28.175900,28.204700,28.239100,28.279700,28.327500,28.383400,28.448500,28.523700,28.610300,28.709400,28.822200,28.949700,29.093200
28.083800,28.085000,28.088900,28.095400,28.104900,28.117400,28.133400,28.153100,28.177200,28.206200,28.240800,28.281600,28.329600,28.385800,28.451000,28.526500,28.613400,28.712700,28.825800,28.953600,29.097300
28.084600,28.085900,28.089800,28.096400,28.105900,28.118500,28.134500,28.154400,28.178600,28.207800,28.242500,28.283500,28.331700,28.388100,28.453600,28.529400,28.616500,28.716100,28.829400,28.957500,29.101400
28.085500,28.086800,28.090700,28.097300,28.106900,28.119500,28.135700,28.155700,28.180000,28.209300,28.244200,28.285400,28.333900,28.390400,28.456200,28.532200,28.619600,28.719500,28.833000,28.961400,29.105600
28.086400,28.087700,28.091600,28.098300,28.107900,28.120600,28.136800,28.156900,28.181400,28.210900,28.245900,28.287300,28.336000,28.392800,28.458800,28.535000,28.622700,28.722800,28.836700,28.965300,29.109800
28.087200,28.088600,28.092500,28.099200,28.108900,28.121700,28.138000,28.158200,28.182800,28.212400,28.247600,28.289200,28.338100,28.395100,28.461400,28.537900,28.625800,28.726200,28.840300,28.969200,29.114000
28.088100,28.089400,28.093400,28.100200,28.109900,28.122800,28.139200,28.159500,28.184200,28.214000,28.249400,28.291200,28.340200,28.397500,28.464000,28.540700,28.628900,28.729600,28.843900,28.973100,29.118200
28.089000,28.090300,28.094400,28.101100,28.110900,28.123900,28.140400,28.160800,28.185700,28.215500,28.251100,28.293100,28.342400,28.399900,28.466600,28.543600,28.632000,28.733000,28.847600,28.977000,29.122400
28.089900,28.091300,28.095300,28.102100,28.111900,28.125000,28.141500,28.162100,28.187100,28.217100,28.252800,28.295000,28.344500,28.402200,28.469200,28.546400,28.635100,28.736300,28.851200,28.980900,29.126600
28.090800,28.092200,28.096200,28.103100,28.112900,28.126100,28.142700,28.163400,28.188500,28.218700,28.254600,28.297000,28.346700,28.404600,28.471800,28.549300,28.638200,28.739700,28.854900,28.984800,29.130800
28.091700,28.093100,28.097200,28.104100,28.114000,28.127200,28.143900,28.164700,28.190000,28.220300,28.256400,28.298900,28.348800,28.407000,28.474400,28.552200,28.641400,28.743100,28.858500,28.988800,29.135100
28.092600,28.094000,28.098100,28.105000,28.115000,28.128300,28.145100,28.166000,28.191400,28.221900,28.258100,28.300900,28.351000,28.409400,28.477000,28.555000,28.644500,28.746500,28.862200,28.992700,29.139300
28.093600,28.094900,28.099000,28.106000,28.116100,28.129400,28.146400,28.167300,28.192900,28.223500,28.259900,28.302800,28.353100,28.411700,28.479700,28.557900,28.647600,28.749900,28.865900,28.996700,29.143600
28.094500,28.095900,28.100000,28.107000,28.117100,28.130500,28.147600,28.168700,28.194300,28.225100,28.261700,28.304800,28.355300,28.414100,28.482300,28.560800,28.650800,28.753300,28.869500,29.000600,29.147800
28.095400,28.096800,28.101000,28.108000,28.118200,28.131700,28.148800,28.170000,28.195800,28.226700,28.263400,28.306800,28.357500,28.416500,28.484900,28.563700,28.653900,28.756700,28.873200,29.004600,29.152100
28.096300,28.097700,28.101900,28.109000,28.119200,28.132800,28.150000,28.171300,28.197300,28.228300,28.265200,28.308700,28.359700,28.418900,28.487600,28.566600,28.657000,28.760100,28.876900,29.008500,29.156300
28.097300,28.098700,28.102900,28.110100,28.120300,28.133900,28.151300,28.172700,28.198700,28.230000,28.267000,28.310700,28.361800,28.421400,28.490200,28.569500,28.660200,28.763500,28.880600,29.012500,29.160600
28.098200,28.099600,28.103900,28.111100,28.121400,28.135100,28.152500,28.174000,28.200200,28.231600,28.268800,28.312700,28.364000,28.423800,28.492900,28.572400,28.663300,28.766900,28.884200,29.016500,29.164900
28.099200,28.100600,28.104900,28.112100,28.122500,28.136200,28.153800,28.175400,28.201700,28.233200,28.270600,28.314700,28.366200,28.426200,28.495500,28.575300,28.666500,28.770300,28.887900,29.020500,29.169200
28.100100,28.101600,28.105900,28.113100,28.123600,28.137400,28.155000,28.176800,28.203200,28.234900,28.272400,28.316700,28.368400,28.428600,28.498200,28.578200,28.669700,28.773800,28.891600,29.024500,29.173500
28.101100,28.102500,28.106800,28.114200,28.124600,28.138600,28.156300,28.178100,28.204700,28.236500,28.274300,28.318700,28.370700,28.431000,28.500800,28.581100,28.672800,28.777200,28.895300,29.028400,29.177800
28.102100,28.103500,28.107800,28.115200,28.125700,28.139700,28.157500,28.179500,28.206200,28.238200,28.276100,28.320700,28.372900,28.433500,28.503500,28.584000,28.676000,28.780600,28.899000,29.032400,29.182100
28.103000,28.104500,28.108800,28.116200,28.126900,28.140900,28.158800,28.180900,28.207700,28.239800,28.277900,28.322700,28.375100,28.435900,28.506200,28.586900,28.679200,28.784100,28.902800,29.036400,29.186400
28.104000,28.105500,28.109900,28.117300,28.128000,28.142100,28.160100,28.182300,28.209200,28.241500,28.279800,28.324800,28.377300,28.438400,28.508900,28.589800,28.682300,28.787500,28.906500,29.040400,29.190700
28.105000,28.106500,28.110900,28.118400,28.129100,28.143300,28.161400,28.183700,28.210800,28.243200,28.281600,28.326800,28.379600,28.440800,28.511500,28.592800,28.685500,28.791000,28.910200,29.044500,29.195000
28.106000,28.107500,28.111900,28.119400,28.130200,28.144500,28.162700,28.185100,28.212300,28.244900,28.283500,28.328800,28.381800,28.443300,28.514200,28.595700,28.688700,28.794400,28.913900,29.048500,29.199300
28.107000,28.108500,28.112900,28.120500,28.131300,28.145700,28.164000,28.186500,28.213800,28.246600,28.285300,28.330900,28.384000,28.445700,28.516900,28.598600,28.691900,28.797900,28.917700,29.052500,29.203600
28.108000,28.109500,28.114000,28.121600,28.132500,28.146900,28.165300,28.187900,28.215400,28.248200,28.287200,28.332900,28.386300,28.448200,28.519600,28.601600,28.695100,28.801300,28.921400,29.056500,29.208000
28.109000,28.110500,28.115000,28.122600,28.133600,28.148100,28.166600,28.189300,28.216900,28.249900,28.289000,28.335000,28.388500,28.450700,28.522300,28.604500,28.698300,28.804800,28.925100,29.060600,29.212300
28.110000,28.111500,28.116000,28.123700,28.134700,28.149300,28.167900,28.190800,28.218500,28.251700,28.290900,28.337000,28.390800,28.453200,28.525000,28.607500,28.701500,28.808300,28.928900,29.064600,29.216600
28.111000,28.112500,28.117100,28.124800,28.135900,28.150600,28.169200,28.192200,28.220100,28.253400,28.292800,28.339100,28.393100,28.455600,28.527800,28.610400,28.704700,28.811700,28.932600,29.068600,29.221000
28.112000,28.113600,28.118100,28.125900,28.137000,28.151800,28.170500,28.193600,28.221600,28.255100,28.294700,28.341200,28.395300,28.458100,28.530500,28.613400,28.707900,28.815200,28.936400,29.072700,29.225300
28.113100,28.114600,28.119200,28.127000,28.138200,28.153000,28.171900,28.195100,28.223200,28.256800,28.296600,28.343200,28.397600,28.460600,28.533200,28.616300,28.711100,28.818700,28.940100,29.076700,29.229700
28.114100,28.115600,28.120300,28.128100,28.139400,28.154300,28.173200,28.196500,28.224800,28.258500,28.298500,28.345300,28.399900,28.463100,28.535900,28.619300,28.714400,28.822200,28.943900,29.080800,29.234000
28.115100,28.116700,28.121300,28.129200,28.140500,28.155500,28.174500,28.198000,28.226400,28.260300,28.300400,28.347400,28.402200,28.465600,28.538700,28.622300,28.717600,28.825700,28.947700,29.084800,29.238400
28.116200,28.117700,28.122400,28.130400,28.141700,28.156800,28.175900,28.199400,28.228000,28.262000,28.302300,28.349500,28.404500,28.468100,28.541400,28.625300,28.720800,28.829200,28.951500,29.088900,29.242800
28.117200,28.118800,28.123500,28.131500,28.142900,28.158000,28.177200,28.200900,28.229600,28.263800,28.304200,28.351600,28.406800,28.470600,28.544100,28.628300,28.724100,28.832700,28.955200,29.093000,29.247100
28.118300,28.119900,28.124600,28.132600,28.144100,28.159300,28.178600,28.202400,28.231200,28.265500,28.306100,28.353700,28.409100,28.473200,28.546900,28.631200,28.727300,28.836200,28.959000,29.097000,29.251500
28.119400,28.120900,28.125700,28.133700,28.145300,28.160600,28.180000,28.203900,28.232800,28.267300,28.308000,28.355800,28.411400,28.475700,28.549600,28.634200,28.730500,28.839700,28.962800,29.101100,29.255900
28.120400,28.122000,28.126800,28.134900,28.146500,28.161900,28.181300,28.205300,28.234400,28.269000,28.310000,28.357900,28.413700,28.478200,28.552400,28.637200,28.733800,28.843200,28.966600,29.105200,29.260300
28.121500,28.123100,28.127900,28.136000,28.147700,28.163100,28.182700,28.206800,28.236000,28.270800,28.311900,28.360100,28.416000,28.480800,28.555200,28.640200,28.737100,28.846700,28.970400,29.109300,29.264700
28.122600,28.124200,28.129000,28.137200,28.148900,28.164400,28.184100,28.208300,28.237600,28.272600,28.313900,28.362200,28.418400,28.483300,28.557900,28.643200,28.740300,28.850300,28.974200,29.113400,29.269000
28.123700,28.125300,28.130100,28.138400,28.150100,28.165700,28.185500,28.209800,28.239300,28.274400,28.315800,28.364300,28.420700,28.485800,28.560700,28.646300,28.743600,28.853800,28.978000,29.117500,29.273400
28.124700,28.126400,28.131300,28.139500,28.151400,28.167000,28.186900,28.211400,28.240900,28.276200,28.317800,28.366400,28.423000,28.488400,28.563500,28.649300,28.746900,28.857300,28.981800,29.121600,29.277800
28.125800,28.127500,28.132400,28.140700,28.152600,28.168300,28.188300,28.212900,28.242600,28.278000,28.319700,28.368600,28.425400,28.490900,28.566300,28.652300,28.750100,28.860900,28.985600,29.125700,29.282200
28.126900,28.128600,28.133500,28.141900,28.153800,28.169700,28.189700,28.214400,28.244200,28.279800,28.321700,28.370700,28.427700,28.493500,28.569000,28.655300,28.753400,28.864400,28.989500,29.129800,29.286700
28.128000,28.129700,28.134700,28.143100,28.155100,28.171000,28.191100,28.215900,28.245900,28.281600,28.323700,28.372900,28.430100,28.496100,28.571800,28.658400,28.756700,28.868000,28.993300,29.133900,29.291100
28.129200,28.130800,28.135800,28.144200,28.156300,28.172300,28.192500,28.217500,28.247500,28.283400,28.325600,28.375100,28.432400,28.498600,28.574600,28.661400,28.760000,28.871500,28.997100,29.138000,29.295500
28.130300,28.131900,28.137000,28.145400,28.157600,28.173600,28.194000,28.219000,28.249200,28.285200,28.327600,28.377200,28.434800,28.501200,28.577400,28.664400,28.763300,28.875100,29.001000,29.142100,29.299900
28.131400,28.133100,28.138100,28.146600,28.158800,28.175000,28.195400,28.220500,28.250900,28.287000,28.329600,28.379400,28.437200,28.503800,28.580200,28.667500,28.766600,28.878600,29.004800,29.146300,29.304300
28.132500,28.134200,28.139300,28.147800,28.160100,28.176300,28.196800,28.222100,28.252600,28.288900,28.331600,28.381600,28.439500,28.506400,28.583100,28.670500,28.769900,28.882200,29.008600,29.150400,29.308800
28.133700,28.135400,28.140400,28.149100,28.161400,28.177700,28.198300,28.223600,28.254300,28.290700,28.333600,28.383800,28.441900,28.509000,28.585900,28.673600,28.773200,28.885800,29.012500,29.154500,29.313200
28.134800,28.136500,28.141600,28.150300,28.162700,28.179000,28.199700,28.225200,28.256000,28.292500,28.335600,28.385900,28.444300,28.511600,28.588700,28.676700,28.776500,28.889300,29.016300,29.158700,29.317600
28.136000,28.137700,28.142800,28.151500,28.163900,28.180400,28.201200,28.226800,28.257700,28.294400,28.337600,28.388100,28.446700,28.514200,28.591500,28.679700,28.779800,28.892900,29.020200,29.162800,29.322100
28.137100,28.138800,28.144000,28.152700,28.165200,28.181800,28.202700,28.228400,28.259400,28.296200,28.339700,28.390300,28.449100,28.516800,28.594400,28.682800,28.783100,28.896500,29.024100,29.167000,29.326500
28.138300,28.140000,28.145200,28.154000,28.166500,28.183100,28.204100,28.229900,28.261100,28.298100,28.341700,28.392500,28.451500,28.519400,28.597200,28.685900,28.786500,28.900100,29.027900,29.171100,29.331000
28.139400,28.141200,28.146400,28.155200,28.167800,28.184500,28.205600,28.231500,28.262800,28.300000,28.343700,28.394800,28.453900,28.522000,28.600000,28.689000,28.789800,28.903700,29.031800,29.175300,29.335400
28.140600,28.142300,28.147600,28.156400,28.169100,28.185900,28.207100,28.233100,28.264500,28.301800,28.345700,28.397000,28.456300,28.524600,28.602900,28.692000,28.793100,28.907300,29.035700,29.179400,29.339900
28.141800,28.143500,28.148800,28.157700,28.170400,28.187300,28.208600,28.234700,28.266200,28.303700,28.347800,28.399200,28.458700,28.527300,28.605700,28.695100,28.796500,28.910900,29.039600,29.183600,29.344300
28.143000,28.144700,28.150000,28.159000,28.171800,28.188700,28.210100,28.236300,28.268000,28.305600,28.349800,28.401400,28.461200,28.529900,28.608600,28.698200,28.799800,28.914500,29.043400,29.187800,29.348800
28.144100,28.145900,28.151200,28.160200,28.173100,28.190100,28.211600,28.237900,28.269700,28.307500,28.351900,28.403700,28.463600,28.532500,28.611500,28.701300,28.803200,28.918100,29.047300,29.192000,29.353300
28.145300,28.147100,28.152500,28.161500,28.174400,28.191500,28.213100,28.239600,28.271500,28.309400,28.353900,28.405900,28.466000,28.535200,28.614300,28.704400,28.806500,28.921800,29.051200,29.196100,29.357700
28.146500,28.148300,28.153700,28.162800,28.175800,28.192900,28.214600,28.241200,28.273200,28.311300,28.356000,28.408100,28.468500,28.537800,28.617200,28.707500,28.809900,28.925400,29.055100,29.200300,29.362200
28.147700,28.149500,28.154900,28.164100,28.177100,28.194300,28.216100,28.242800,28.275000,28.313200,28.358100,28.410400,28.470900,28.540500,28.620100,28.710700,28.813300,28.929000,29.059000,29.204500,29.366600
28.149000,28.150800,28.156200,28.165300,28.178400,28.195800,28.217600,28.244400,28.276700,28.315100,28.360200,28.412600,28.473400,28.543200,28.623000,28.713800,28.816600,28.932600,29.062900,29.208700,29.370900
28.150200,28.152000,28.157400,28.166600,28.179800,28.197200,28.219100,28.246100,28.278500,28.317000,28.362200,28.414900,28.475800,28.545800,28.625900,28.716900,28.820000,28.936300,29.066800,29.212800,29.375200
28.151400,28.153200,28.158700,28.167900,28.181200,28.198600,28.220700,28.247700,28.280300,28.318900,28.364300,28.417200,28.478300,28.548500,28.628800,28.720000,28.823400,28.939900,29.070700,29.216900,29.379500
28.152600,28.154400,28.159900,28.169200,28.182500,28.200100,28.222200,28.249400,28.282100,28.320900,28.366400,28.419400,28.480700,28.551200,28.631700,28.723200,28.826800,28.943600,29.074600,29.221100,29.383700
28.153900,28.155700,28.161200,28.170600,28.183900,28.201500,28.223800,28.251000,28.283900,28.322800,28.368500,28.421700,28.483200,28.553800,28.634600,28.726300,28.830200,28.947200,29.078500,29.225200,29.387900
28.155100,28.156900,28.162500,28.171900,28.185300,28.203000,28.225300,28.252700,28.285600,28.324700,28.370600,28.424000,28.485700,28.556500,28.637500,28.729500,28.833600,28.950800,29.082400,29.229300,29.392100
28.156300,28.158200,28.163800,28.173200,28.186700,28.204400,28.226900,28.254400,28.287400,28.326700,28.372700,28.426300,28.488200,28.559200,28.640400,28.732600,28.837000,28.954500,29.086300,29.233300,29.396300
28.157600,28.159400,28.165100,28.174500,28.188000,28.205900,28.228400,28.256000,28.289300,28.328600,28.374800,28.428600,28.490700,28.561900,28.643300,28.735800,28.840400,28.958100,29.090200,29.237400,29.400500
28.158800,28.160700,28.166300,28.175900,28.189400,28.207400,28.230000,28.257700,28.291100,28.330600,28.377000,28.430900,28.493100,28.564600,28.646200,28.738900,28.843800,28.961800,29.094000,29.241500,29.404700
28.160100,28.162000,28.167600,28.177200,28.190800,28.208900,28.231600,28.259400,28.292900,28.332600,28.379100,28.433200,28.495600,28.567300,28.649100,28.742100,28.847200,28.965400,29.097900,29.245500,29.408800
28.161400,28.163300,28.168900,28.178500,28.192300,28.210300,28.233100,28.261100,28.294700,28.334500,28.381200,28.435500,28.498100,28.570000,28.652100,28.745300,28.850600,28.969100,29.101800,29.249500,29.412900
28.162700,28.164500,28.170300,28.179900,28.193700,28.211800,28.234700,28.262800,28.296500,28.336500,28.383300,28.437800,28.500700,28.572800,28.655000,28.748400,28.854000,28.972700,29.105600,29.253500,29.417100
28.163900,28.165800,28.171600,28.181300,28.195100,28.213300,28.236300,28.264500,28.298400,28.338500,28.385500,28.440100,28.503200,28.575500,28.658000,28.751600,28.857400,28.976400,29.109500,29.257600,29.421200
28.165200,28.167100,28.172900,28.182600,28.196500,28.214800,28.237900,28.266200,28.300200,28.340500,28.387600,28.442400,28.505700,28.578200,28.660900,28.754800,28.860800,28.980000,29.113300,29.261600,29.425300
28.166500,28.168400,28.174200,28.184000,28.197900,28.216300,28.239500,28.267900,28.302000,28.342400,28.389800,28.444800,28.508200,28.580900,28.663900,28.758000,28.864200,28.983600,29.117200,29.265600,29.429300
28.167800,28.169700,28.175500,28.185400,28.199400,28.217800,28.241100,28.269600,28.303900,28.344400,28.391900,28.447100,28.510700,28.583700,28.666800,28.761100,28.867600,28.987300,29.121000,29.269500,29.433400
28.169100,28.171000,28.176900,28.186700,28.200800,28.219400,28.242700,28.271400,28.305800,28.346400,28.394100,28.449500,28.513300,28.586400,28.669800,28.764300,28.871000,28.990900,29.124800,29.273500,29.437500
28.170400,28.172400,28.178200,28.188100,28.202300,28.220900,28.244400,28.273100,28.307600,28.348500,28.396300,28.451800,28.515800,28.589200,28.672700,28.767500,28.874500,28.994500,29.128600,29.277500,29.441600
28.171700,28.173700,28.179600,28.189500,28.203700,28.222400,28.246000,28.274800,28.309500,28.350500,28.398500,28.454200,28.518400,28.591900,28.675700,28.770700,28.877900,28.998200,29.132400,29.281400,29.445600
28.173100,28.175000,28.180900,28.190900,28.205200,28.224000,28.247600,28.276600,28.311400,28.352500,28.400600,28.456500,28.520900,28.594700,28.678700,28.773900,28.881300,29.001800,29.136300,29.285400,29.449700
28.174400,28.176400,28.182300,28.192300,28.206600,28.225500,28.249300,28.278300,28.313200,28.354500,28.402800,28.458900,28.523500,28.597400,28.681600,28.777100,28.884700,29.005400,29.140100,29.289300,29.453700
28.175700,28.177700,28.183700,28.193700,28.208100,28.227100,28.250900,28.280100,28.315100,28.356500,28.405000,28.461200,28.526000,28.600200,28.684600,28.780300,28.888100,29.009000,29.143900,29.293300,29.457700
28.177100,28.179000,28.185000,28.195200,28.209600,28.228600,28.252600,28.281900,28.317000,28.358600,28.407200,28.463600,28.528600,28.602900,28.687600,28.783500,28.891500,29.012600,29.147600,29.297200,29.461700
28.178400,28.180400,28.186400,28.196600,28.211100,28.230200,28.254200,28.283600,28.318900,28.360600,28.409400,28.466000,28.531200,28.605700,28.690600,28.786700,28.894900,29.016300,29.151400,29.301100,29.465800
28.179800,28.181800,28.187800,28.198000,28.212600,28.231700,28.255900,28.285400,28.320800,28.362700,28.411600,28.468400,28.533700,28.608500,28.693600,28.789900,28.898400,29.019900,29.155200,29.305000,29.469800
28.181100,28.183100,28.189200,28.199400,28.214100,28.233300,28.257500,28.287200,28.322700,28.364700,28.413800,28.470800,28.536300,28.611300,28.696600,28.793100,28.901800,29.023500,29.159000,29.309000,29.473800
28.182500,28.184500,28.190600,28.200900,28.215600,28.234900,28.259200,28.289000,28.324600,28.366800,28.416100,28.473200,28.538900,28.614100,28.699600,28.796300,28.905200,29.027100,29.162800,29.312900,29.477800
28.183800,28.185900,28.192000,28.202300,28.217100,28.236500,28.260900,28.290800,28.326500,28.368800,28.418300,28.475600,28.541500,28.616900,28.702600,28.799500,28.908600,29.030700,29.166500,29.316800,29.481800
28.185200,28.187300,28.193400,28.203800,28.218600,28.238100,28.262600,28.292600,28.328500,28.370900,28.420500,28.478000,28.544100,28.619600,28.705600,28.802700,28.912000,29.034300,29.170300,29.320700,29.485700
28.186600,28.188600,28.194800,28.205200,28.220100,28.239700,28.264300,28.294400,28.330400,28.373000,28.422700,28.480400,28.546700,28.622400,28.708600,28.805900,28.915400,29.037900,29.174100,29.324500,29.489700
28.188000,28.190000,28.196200,28.206700,28.221600,28.241300,28.266000,28.296200,28.332300,28.375100,28.425000,28.482800,28.549300,28.625200,28.711600,28.809200,28.918800,29.041500,29.177800,29.328400,29.493700
28.189400,28.191400,28.197700,28.208200,28.223100,28.242900,28.267700,28.298000,28.334300,28.377100,28.427200,28.485200,28.551900,28.628000,28.714600,28.812400,28.922300,29.045100,29.181600,29.332300,29.497700
28.190800,28.192800,28.199100,28.209600,28.224700,28.244500,28.269400,28.299800,28.336200,28.379200,28.429500,28.487600,28.554500,28.630900,28.717600,28.815600,28.925700,29.048700,29.185300,29.336200,29.501600
28.192200,28.194300,28.200500,28.211100,28.226200,28.246100,28.271100,28.301600,28.338200,28.381300,28.431700,28.490100,28.557100,28.633700,28.720600,28.818800,28.929100,29.052300,29.189100,29.340000,29.505600
28.193600,28.195700,28.202000,28.212600,28.227800,28.247700,28.272800,28.303400,28.340100,28.383400,28.434000,28.492500,28.559700,28.636500,28.723600,28.822000,28.932500,29.055900,29.192800,29.343900,29.509500
28.195000,28.197100,28.203400,28.214100,28.229300,28.249400,28.274500,28.305300,28.342100,28.385500,28.436300,28.494900,28.562400,28.639300,28.726600,28.825200,28.935900,29.059400,29.196600,29.347800,29.513500
28.196400,28.198500,28.204900,28.215600,28.230900,28.251000,28.276300,28.307100,28.344100,28.387700,28.438500,28.497400,28.565000,28.642100,28.729700,28.828400,28.939300,29.063000,29.200300,29.351600,29.517400
28.197800,28.200000,28.206300,28.217100,28.232400,28.252600,28.278000,28.309000,28.346000,28.389800,28.440800,28.499800,28.567600,28.645000,28.732700,28.831700,28.942700,29.066600,29.204000,29.355500,29.521400
28.199300,28.201400,28.207800,28.218600,28.234000,28.254300,28.279700,28.310800,28.348000,28.391900,28.443100,28.502300,28.570200,28.647800,28.735700,28.834900,28.946100,29.070200,29.207700,29.359300,29.525300
28.200700,28.202800,28.209300,28.220100,28.235600,28.255900,28.281500,28.312700,28.350000,28.394000,28.445400,28.504700,28.572900,28.650600,28.738700,28.838100,28.949500,29.073800,29.211500,29.363200,29.529200
28.202200,28.204300,28.210800,28.221700,28.237200,28.257600,28.283200,28.314500,28.352000,28.396200,28.447700,28.507200,28.575500,28.653400,28.741800,28.841300,28.952900,29.077300,29.215200,29.367000,29.533200
28.203600,28.205800,28.212200,28.223200,28.238800,28.259300,28.285000,28.316400,28.354000,28.398300,28.450000,28.509700,28.578200,28.656300,28.744800,28.844600,28.956300,29.080900,29.218900,29.370800,29.537100
28.205100,28.207200,28.213700,28.224700,28.240400,28.260900,28.286800,28.318300,28.356000,28.400400,28.452300,28.512100,28.580800,28.659100,28.747800,28.847800,28.959700,29.084500,29.222600,29.374700,29.541000
28.206500,28.208700,28.215200,28.226200,28.242000,28.262600,28.288500,28.320200,28.358000,28.402600,28.454600,28.514600,28.583500,28.662000,28.750900,28.851000,28.963200,29.088000,29.226300,29.378500,29.544900
28.208000,28.210200,28.216700,28.227800,28.243600,28.264300,28.290300,28.322100,28.360000,28.404800,28.456900,28.517100,28.586200,28.664800,28.753900,28.854200,28.966600,29.091600,29.230000,29.382300,29.548900
28.209500,28.211600,28.218200,28.229300,28.245200,28.266000,28.292100,28.324000,28.362000,28.406900,28.459200,28.519600,28.588800,28.667700,28.756900,28.857500,28.970000,29.095200,29.233700,29.386100,29.552800
28.210900,28.213100,28.219700,28.230900,28.246800,28.267700,28.293900,28.325800,28.364100,28.409100,28.461500,28.522100,28.591500,28.670500,28.760000,28.860700,28.973400,29.098700,29.237400,29.390000,29.556700
28.212400,28.214600,28.221300,28.232500,28.248400,28.269400,28.295700,28.327800,28.366100,28.411200,28.463800,28.524600,28.594200,28.673400,28.763000,28.863900,28.976800,29.102300,29.241100,29.393800,29.560600
28.213900,28.216100,28.222800,28.234000,28.250000,28.271100,28.297500,28.329700,28.368100,28.413400,28.466200,28.527100,28.596800,28.676200,28.766100,28.867100,28.980200,29.105900,29.244800,29.397600,29.564500
28.215400,28.217600,28.224300,28.235600,28.251700,28.272800,28.299300,28.331600,28.370200,28.415600,28.468500,28.529600,28.599500,28.679100,28.769100,28.870400,28.983600,29.109400,29.248500,29.401400,29.568400
28.216900,28.219100,28.225900,28.237200,28.253300,28.274500,28.301100,28.333500,28.372200,28.417800,28.470900,28.532100,28.602200,28.682000,28.772200,28.873600,28.987000,29.113000,29.252200,29.405200,29.572300
28.218400,28.220700,28.227400,28.238800,28.255000,28.276200,28.302900,28.335400,28.374300,28.420000,28.473200,28.534600,28.604900,28.684800,28.775200,28.876800,28.990300,29.116500,29.255900,29.409000,29.576100
28.219900,28.222200,28.228900,28.240400,28.256600,28.277900,28.304700,28.337300,28.376300,28.422200,28.475500,28.537100,28.607600,28.687700,28.778300,28.880000,28.993700,29.120100,29.259600,29.412800,29.580000
28.221500,28.223700,28.230500,28.242000,28.258300,28.279700,28.306500,28.339300,28.378400,28.424400,28.477900,28.539600,28.610300,28.690600,28.781300,28.883300,28.997100,29.123600,29.263300,29.416600,29.583900
28.223000,28.225200,28.232100,28.243600,28.259900,28.281400,28.308400,28.341200,28.380400,28.426600,28.480300,28.542100,28.613000,28.693400,28.784400,28.886500,29.000500,29.127200,29.266900,29.420400,29.587800
28.224500,28.226800,28.233600,28.245200,28.261600,28.283200,28.310200,28.343200,28.382500,28.428800,28.482600,28.544700,28.615700,28.696300,28.787400,28.889700,29.003900,29.130700,29.270600,29.424200,29.591700
28.226000,28.228300,28.235200,28.246800,28.263300,28.284900,28.312100,28.345100,28.384600,28.431000,28.485000,28.547200,28.618400,28.699200,28.790500,28.893000,29.007300,29.134200,29.274300,29.427900,29.595600
28.227600,28.229900,28.236800,28.248400,28.264900,28.286700,28.313900,28.347100,28.386700,28.433200,28.487400,28.549700,28.621100,28.702100,28.793500,28.896200,29.010700,29.137800,29.278000,29.431700,29.599400
28.229100,28.231400,28.238400,28.250000,28.266600,28.288400,28.315800,28.349000,28.388800,28.435500,28.489700,28.552300,28.623800,28.705000,28.796600,28.899400,29.014100,29.141300,29.281600,29.435500,29.603300
28.230700,28.233000,28.239900,28.251700,28.268300,28.290200,28.317600,28.351000,28.390900,28.437700,28.492100,28.554800,28.626500,28.707900,28.799700,28.902600,29.017500,29.144900,29.285300,29.439300,29.607300
28.232200,28.234600,28.241500,28.253300,28.270000,28.292000,28.319500,28.353000,28.393000,28.439900,28.494500,28.557400,28.629200,28.710700,28.802700,28.905900,29.020900,29.148400,29.289000,29.443100,29.611400
28.233800,28.236100,28.243100,28.254900,28.271700,28.293700,28.321400,28.355000,28.395100,28.442200,28.496900,28.559900,28.631900,28.713600,28.805800,28.909100,29.024300,29.151900,29.292700,29.446900,29.615500
28.235400,28.237700,28.244700,28.256600,28.273400,28.295500,28.323200,28.357000,28.397200,28.444400,28.499300,28.562500,28.634600,28.716500,28.808900,28.912300,29.027700,29.155500,29.296300,29.450800,29.619700
28.237000,28.239300,28.246400,28.258200,28.275100,28.297300,28.325100,28.358900,28.399300,28.446700,28.501700,28.565000,28.637400,28.719400,28.811900,28.915600,29.031100,29.159000,29.300000,29.454700,29.623900
28.238500,28.240900,28.248000,28.259900,28.276900,28.299100,28.327000,28.360900,28.401400,28.448900,28.504100,28.567600,28.640100,28.722300,28.815000,28.918800,29.034400,29.162600,29.303700,29.458600,29.628100
28.240100,28.242500,28.249600,28.261600,28.278600,28.300900,28.328900,28.362900,28.403500,28.451200,28.506500,28.570200,28.642800,28.725200,28.818100,28.922000,29.037800,29.166100,29.307400,29.462500,29.632400
28.241700,28.244100,28.251200,28.263200,28.280300,28.302700,28.330800,28.364900,28.405600,28.453400,28.508900,28.572700,28.645600,28.728100,28.821100,28.925300,29.041200,29.169600,29.311100,29.466500,29.636700
28.243300,28.245700,28.252900,28.264900,28.282000,28.304500,28.332700,28.367000,28.407800,28.455700,28.511300,28.575300,28.648300,28.731000,28.824200,28.928500,29.044600,29.173200,29.314900,29.470400,29.641000
28.244900,28.247300,28.254500,28.266600,28.283800,28.306300,28.334600,28.369000,28.409900,28.458000,28.513800,28.577900,28.651000,28.733900,28.827300,28.931700,29.048000,29.176800,29.318600,29.474400,29.645300
28.246500,28.248900,28.256100,28.268300,28.285500,28.308200,28.336500,28.371000,28.412100,28.460300,28.516200,28.580500,28.653800,28.736800,28.830300,28.935000,29.051400,29.180300,29.322400,29.478400,29.649700
28.248200,28.250600,28.257800,28.270000,28.287300,28.310000,28.338400,28.373000,28.414200,28.462500,28.518600,28.583000,28.656500,28.739800,28.833400,28.938200,29.054800,29.183900,29.326200,29.482500,29.654100
28.249800,28.252200,28.259500,28.271700,28.289000,28.311800,28.340400,28.375100,28.416400,28.464800,28.521000,28.585600,28.659300,28.742700,28.836500,28.941500,29.058200,29.187500,29.329900,29.486500,29.658500
28.251400,28.253800,28.261100,28.273400,28.290800,28.313700,28.342300,28.377100,28.418500,28.467100,28.523500,28.588200,28.662000,28.745600,28.839600,28.944700,29.061600,29.191100,29.333700,29.490600,29.662900
28.253100,28.255500,28.262800,28.275100,28.292600,28.315500,28.344200,28.379100,28.420700,28.469400,28.525900,28.590800,28.664800,28.748500,28.842700,28.947900,29.065000,29.194600,29.337500,29.494700,29.667300
28.254700,28.257100,28.264500,28.276800,28.294400,28.317400,28.346200,28.381200,28.422900,28.471700,28.528400,28.593400,28.667500,28.751400,28.845700,28.951200,29.068500,29.198200,29.341400,29.498800,29.671800
28.256300,28.258800,28.266100,28.278500,28.296100,28.319200,28.348100,28.383200,28.425000,28.474000,28.530800,28.596000,28.670300,28.754300,28.848800,28.954400,29.071900,29.201900,29.345200,29.502900,29.676200
28.258000,28.260400,28.267800,28.280300,28.297900,28.321100,28.350100,28.385300,28.427200,28.476300,28.533300,28.598600,28.673100,28.757300,28.851900,28.957700,29.075300,29.205500,29.349000,29.507000,29.680700
28.259600,28.262100,28.269500,28.282000,28.299700,28.323000,28.352000,28.387400,28.429400,28.478600,28.535700,28.601200,28.675800,28.760200,28.855000,28.960900,29.078700,29.209100,29.352900,29.511100,29.685200
28.261300,28.263800,28.271200,28.283700,28.301500,28.324800,28.354000,28.389400,28.431600,28.481000,28.538200,28.603800,28.678600,28.763100,28.858100,28.964200,29.082200,29.212700,29.356700,29.515300,29.689700
28.263000,28.265500,28.272900,28.285500,28.303300,28.326700,28.356000,28.391500,28.433800,28.483300,28.540600,28.606500,28.681400,28.766000,28.861200,28.967500,29.085600,29.216400,29.360600,29.519500,29.694300
28.264700,28.267100,28.274600,28.287200,28.305100,28.328600,28.357900,28.393600,28.436000,28.485600,28.543100,28.609100,28.684100,28.769000,28.864300,28.970700,29.089100,29.220000,29.364500,29.523700,29.698800
28.266300,28.268800,28.276300,28.289000,28.306900,28.330500,28.359900,28.395700,28.438200,28.487900,28.545600,28.611700,28.686900,28.771900,28.867400,28.974000,29.092500,29.223700,29.368400,29.527800,29.703400
28.268000,28.270500,28.278100,28.290700,28.308800,28.332400,28.361900,28.397700,28.440400,28.490300,28.548100,28.614300,28.689700,28.774900,28.870500,28.977300,29.096000,29.227300,29.372300,29.532100,29.707900
28.269700,28.272200,28.279800,28.292500,28.310600,28.334300,28.363900,28.399800,28.442600,28.492600,28.550500,28.617000,28.692500,28.777800,28.873600,28.980600,29.099400,29.231000,29.376300,29.536300,29.712500
28.271400,28.273900,28.281500,28.294300,28.312400,28.336200,28.365900,28.401900,28.444800,28.495000,28.553000,28.619600,28.695300,28.780700,28.876700,28.983800,29.102900,29.234700,29.380200,29.540500,29.717100
28.273100,28.275600,28.283300,28.296100,28.314300,28.338100,28.367900,28.404000,28.447000,28.497300,28.555500,28.622200,28.698100,28.783700,28.879800,28.987100,29.106400,29.238400,29.384100,29.544800,29.721700
28.274800,28.277400,28.285000,28.297800,28.316100,28.340000,28.369900,28.406100,28.449200,28.499700,28.558000,28.624900,28.700800,28.786600,28.882900,28.990400,29.109900,29.242100,29.388100,29.549000,29.726300
28.276500,28.279100,28.286700,28.299600,28.317900,28.341900,28.371900,28.408300,28.451500,28.502000,28.560500,28.627500,28.703600,28.789600,28.886100,28.993700,29.113400,29.245800,29.392100,29.553300,29.731000
28.278300,28.280800,28.288500,28.301400,28.319800,28.343800,28.373900,28.410400,28.453700,28.504400,28.563000,28.630100,28.706400,28.792600,28.889200,28.997000,29.116900,29.249500,29.396000,29.557600,29.735600
28.280000,28.282500,28.290300,28.303200,28.321700,28.345800,28.375900,28.412500,28.455900,28.506800,28.565500,28.632800,28.709200,28.795500,28.892300,29.000300,29.120400,29.253300,29.400000,29.561900,29.740300
28.281700,28.284300,28.292000,28.305000,28.323500,28.347700,28.378000,28.414600,28.458200,28.509100,28.568000,28.635400,28.712100,28.798500,28.895400,29.003600,29.123900,29.257000,29.404000,29.566200,29.744900
28.283500,28.286000,28.293800,28.306800,28.325400,28.349700,28.380000,28.416800,28.460400,28.511500,28.570500,28.638100,28.714900,28.801500,28.898600,29.007000,29.127400,29.260700,29.408000,29.570500,29.749600
28.285200,28.287800,28.295600,28.308700,28.327300,28.351600,28.382000,28.418900,28.462700,28.513900,28.573000,28.640800,28.717700,28.804400,28.901700,29.010300,29.130900,29.264500,29.412100,29.574800,29.754300
28.286900,28.289500,28.297300,28.310500,28.329100,28.353600,28.384100,28.421000,28.464900,28.516300,28.575600,28.643400,28.720500,28.807400,28.904900,29.013600,29.134400,29.268200,29.416100,29.579200,29.759000
28.288700,28.291300,28.299100,28.312300,28.331000,28.355500,28.386100,28.423200,28.467200,28.518600,28.578100,28.646100,28.723300,28.810400,28.908000,29.017000,29.138000,29.272000,29.420100,29.583500,29.763700
28.290500,28.293100,28.300900,28.314100,28.332900,28.357500,28.388200,28.425300,28.469500,28.521000,28.580600,28.648800,28.726100,28.813400,28.911200,29.020300,29.141500,29.275800,29.424200,29.587900,29.768400
28.292200,28.294800,28.302700,28.316000,28.334800,28.359400,28.390200,28.427500,28.471700,28.523400,28.583100,28.651400,28.729000,28.816400,28.914300,29.023600,29.145100,29.279600,29.428200,29.592300,29.773100
28.294000,28.296600,28.304500,28.317800,28.336700,28.361400,28.392300,28.429600,28.474000,28.525800,28.585700,28.654100,28.731800,28.819300,28.917500,29.027000,29.148600,29.283400,29.432300,29.596600,29.777900
28.295800,28.298400,28.306300,28.319700,28.338600,28.363400,28.394300,28.431800,28.476300,28.528200,28.588200,28.656800,28.734600,28.822300,28.920700,29.030300,29.152200,29.287200,29.436400,29.601000,29.782600
28.297500,28.300200,28.308100,28.321500,28.340500,28.365400,28.396400,28.434000,28.478600,28.530600,28.590700,28.659500,28.737500,28.825300,28.923800,29.033700,29.155800,29.291000,29.440500,29.605400,29.787400
28.299300,28.302000,28.310000,28.323400,28.342400,28.367400,28.398500,28.436200,28.480900,28.533000,28.593300,28.662200,28.740300,28.828300,28.927000,29.037100,29.159400,29.294800,29.444600,29.609800,29.792100
28.301100,28.303800,28.311800,28.325300,28.344400,28.369400,28.400600,28.438300,28.483100,28.535500,28.595800,28.664900,28.743100,28.831400,28.930200,29.040500,29.163000,29.298700,29.448700,29.614300,29.796900
28.302900,28.305600,28.313600,28.327100,28.346300,28.371400,28.402600,28.440500,28.485400,28.537900,28.598400,28.667600,28.746000,28.834400,28.933400,29.043800,29.166500,29.302500,29.452800,29.618700,29.801700
28.304700,28.307400,28.315500,28.329000,28.348200,28.373400,28.404700,28.442700,28.487700,28.540300,28.601000,28.670300,28.748800,28.837400,28.936600,29.047200,29.170200,29.306300,29.456900,29.623100,29.806500
28.306500,28.309200,28.317300,28.330900,28.350200,28.375400,28.406800,28.444900,28.490000,28.542700,28.603500,28.673000,28.751700,28.840400,28.939800,29.050600,29.173800,29.310200,29.461000,29.627600,29.811300
28.308400,28.311000,28.319200,28.332800,28.352100,28.377400,28.408900,28.447100,28.492400,28.545200,28.606100,28.675700,28.754600,28.843400,28.943000,29.054000,29.177400,29.314100,29.465200,29.632000,29.816100
28.310200,28.312900,28.321000,28.334700,28.354100,28.379400,28.411000,28.449300,28.494700,28.547600,28.608600,28.678400,28.757400,28.846500,28.946200,29.057400,29.181000,29.317900,29.469300,29.636500,29.820900
28.312000,28.314700,28.322900,28.336600,28.356000,28.381400,28.413100,28.451500,28.497000,28.550000,28.611200,28.681100,28.760300,28.849500,28.949400,29.060800,29.184600,29.321800,29.473500,29.641000,29.825700
28.313800,28.316500,28.324700,28.338500,28.358000,28.383500,28.415300,28.453700,28.499300,28.552500,28.613800,28.683800,28.763200,28.852500,28.952600,29.064300,29.188300,29.325700,29.477700,29.645500,29.830600
28.315700,28.318400,28.326600,28.340400,28.359900,28.385500,28.417400,28.455900,28.501600,28.554900,28.616400,28.686500,28.766100,28.855600,28.955900,29.067700,29.191900,29.329600,29.481800,29.650000,29.835400
28.317500,28.320200,28.328500,28.342300,28.361900,28.387500,28.419500,28.458200,28.504000,28.557400,28.619000,28.689300,28.768900,28.858600,28.959100,29.071100,29.195600,29.333500,29.486000,29.654500,29.840300
28.319400,28.322100,28.330300,28.344200,28.363900,28.389600,28.421600,28.460400,28.506300,28.559800,28.621600,28.692000,28.771800,28.861700,28.962300,29.074500,29.199200,29.337400,29.490200,29.659000,29.845200
28.321200,28.324000,28.332200,28.346100,28.365900,28.391600,28.423800,28.462600,28.508600,28.562300,28.624100,28.694700,28.774700,28.864700,28.965600,29.078000,29.202900,29.341300,29.494400,29.663500,29.850000
28.323100,28.325800,28.334100,28.348100,28.367800,28.393700,28.425900,28.464900,28.511000,28.564800,28.626700,28.697500,28.777600,28.867800,28.968800,29.081400,29.206600,29.345300,29.498600,29.668000,29.854900
28.324900,28.327700,28.336000,28.350000,28.369800,28.395700,28.428000,28.467100,28.513300,28.567200,28.629300,28.700200,28.780500,28.870900,28.972100,29.084900,29.210300,29.349200,29.502900,29.672600,29.859800
28.326800,28.329600,28.337900,28.351900,28.371800,28.397800,28.430200,28.469300,28.515700,28.569700,28.632000,28.703000,28.783400,28.874000,28.975300,29.088400,29.213900,29.353100,29.507100,29.677100,29.864700
28.328700,28.331500,28.339800,28.353900,28.373800,28.399900,28.432300,28.471600,28.518000,28.572200,28.634600,28.705700,28.786300,28.877000,28.978600,29.091800,29.217600,29.357100,29.511300,29.681700,29.869600
28.330600,28.333300,28.341700,28.355800,28.375800,28.401900,28.434500,28.473800,28.520400,28.574700,28.637200,28.708500,28.789200,28.880100,28.981900,29.095300,29.221300,29.361100,29.515600,29.686200,29.874500
28.332400,28.335200,28.343600,28.357800,28.377800,28.404000,28.436700,28.476100,28.522800,28.577200,28.639800,28.711300,28.792200,28.883200,28.985100,29.098800,29.225100,29.365000,29.519800,29.690800,29.879400
28.334300,28.337100,28.345600,28.359800,28.379900,28.406100,28.438800,28.478400,28.525100,28.579700,28.642400,28.714000,28.795100,28.886300,28.988400,29.102300,29.228800,29.369000,29.524100,29.695400,29.884300
28.336200,28.339000,28.347500,28.361700,28.381900,28.408200,28.441000,28.480600,28.527500,28.582200,28.645100,28.716800,28.798000,28.889400,28.991700,29.105800,29.232500,29.373000,29.528400,29.700000,29.889100
28.338100,28.340900,28.349400,28.363700,28.383900,28.410300,28.443200,28.482900,28.529900,28.584700,28.647700,28.719600,28.800900,28.892500,28.995000,29.109300,29.236200,29.377000,29.532600,29.704500,29.893900
28.340000,28.342900,28.351400,28.365700,28.385900,28.412400,28.445300,28.485200,28.532300,28.587200,28.650300,28.722400,28.803900,28.895600,28.998300,29.112800,29.240000,29.381000,29.536900,29.709100,29.898800
28.341900,28.344800,28.353300,28.367600,28.388000,28.414500,28.447500,28.487500,28.534700,28.589700,28.653000,28.725100,28.806800,28.898700,29.001600,29.116300,29.243700,29.385000,29.541200,29.713600,29.903600
28.343900,28.346700,28.355300,28.369600,28.390000,28.416600,28.449700,28.489700,28.537100,28.592200,28.655600,28.727900,28.809800,28.901800,29.004900,29.119800,29.247500,29.389000,29.545500,29.718200,29.908400
28.345800,28.348600,28.357200,28.371600,28.392000,28.418700,28.451900,28.492000,28.539500,28.594700,28.658300,28.730700,28.812700,28.905000,29.008200,29.123300,29.251200,29.393000,29.549800,29.722800,29.913200
28.347700,28.350600,28.359200,28.373600,28.394100,28.420800,28.454100,28.494300,28.541900,28.597200,28.660900,28.733500,28.815700,28.908100,29.011500,29.126900,29.255000,29.397000,29.554000,29.727300,29.917900
28.349600,28.352500,28.361100,28.375600,28.396200,28.423000,28.456300,28.496600,28.544300,28.599700,28.663600,28.736300,28.818600,28.911200,29.014900,29.130400,29.258800,29.401000,29.558300,29.731900,29.922700
28.351600,28.354500,28.363100,28.377600,28.398200,28.425100,28.458500,28.498900,28.546700,28.602300,28.666200,28.739100,28.821600,28.914400,29.018200,29.133900,29.262500,29.405100,29.562600,29.736400,29.927500
28.353500,28.356400,28.365100,28.379600,28.400300,28.427200,28.460700,28.501200,28.549100,28.604800,28.668900,28.741900,28.824600,28.917500,29.021500,29.137500,29.266300,29.409100,29.566900,29.740900,29.932300
28.355500,28.358400,28.367100,28.381700,28.402300,28.429300,28.463000,28.503500,28.551500,28.607400,28.671600,28.744800,28.827600,28.920700,29.024900,29.141000,29.270100,29.413100,29.571200,29.745500,29.937000
28.357400,28.360300,28.369000,28.383700,28.404400,28.431500,28.465200,28.505900,28.553900,28.609900,28.674200,28.747600,28.830500,28.923800,29.028200,29.144600,29.273900,29.417200,29.575500,29.750000,29.941800
28.359400,28.362300,28.371000,28.385700,28.406500,28.433600,28.467400,28.508200,28.556400,28.612400,28.676900,28.750400,28.833500,28.927000,29.031600,29.148200,29.277700,29.421200,29.579800,29.754600,29.946600
28.361300,28.364300,28.373000,28.387700,28.408600,28.435800,28.469600,28.510500,28.558800,28.615000,28.679600,28.753200,28.836500,28.930200,29.035000,29.151700,29.281500,29.425300,29.584100,29.759100,29.951300
28.363300,28.366200,28.375000,28.389800,28.410700,28.437900,28.471900,28.512800,28.561200,28.617600,28.682300,28.756100,28.839500,28.933300,29.038300,29.155300,29.285300,29.429300,29.588400,29.763600,29.956100
28.365300,28.368200,28.377000,28.391800,28.412800,28.440100,28.474100,28.515200,28.563700,28.620100,28.685000,28.758900,28.842500,28.936500,29.041700,29.158900,29.289100,29.433400,29.592700,29.768200,29.960900
28.367300,28.370200,28.379000,28.393900,28.414900,28.442300,28.476400,28.517500,28.566100,28.622700,28.687700,28.761800,28.845500,28.939700,29.045100,29.162500,29.292900,29.437400,29.597000,29.772700,29.965600
28.369300,28.372200,28.381100,28.395900,28.417000,28.444400,28.478600,28.519900,28.568600,28.625300,28.690400,28.764600,28.848500,28.942900,29.048500,29.166100,29.296800,29.441500,29.601300,29.777300,29.970400
28.371200,28.374200,28.383100,28.398000,28.419100,28.446600,28.480900,28.522200,28.571000,28.627800,28.693100,28.767500,28.851600,28.946100,29.051800,29.169700,29.300600,29.445500,29.605600,29.781800,29.975100
28.373200,28.376200,28.385100,28.400000,28.421200,28.448800,28.483100,28.524600,28.573500,28.630400,28.695800,28.770300,28.854600,28.949300,29.055200,29.173300,29.304400,29.449600,29.609900,29.786300,29.979900
28.375200,28.378200,28.387100,28.402100,28.423300,28.451000,28.485400,28.526900,28.576000,28.633000,28.698500,28.773200,28.857600,28.952500,29.058600,29.176900,29.308300,29.453700,29.614200,29.790900,29.984700
28.377200,28.380200,28.389200,28.404200,28.425400,28.453200,28.487700,28.529300,28.578400,28.635600,28.701300,28.776100,28.860600,28.955700,29.062000,29.180500,29.312100,29.457800,29.618500,29.795400,29.989400
28.379300,28.382200,28.391200,28.406300,28.427600,28.455400,28.490000,28.531700,28.580900,28.638200,28.704000,28.778900,28.863700,28.958900,29.065400,29.184100,29.315900,29.461800,29.622800,29.799900,29.994200
28.381300,28.384300,28.393200,28.408300,28.429700,28.457600,28.492200,28.534000,28.583400,28.640800,28.706700,28.781800,28.866700,28.962100,29.068900,29.187800,29.319800,29.465900,29.627100,29.804500,29.998900
28.383300,28.386300,28.395300,28.410400,28.431800,28.459800,28.494500,28.536400,28.585900,28.643400,28.709500,28.784700,28.869800,28.965400,29.072300,29.191400,29.323600,29.470000,29.631400,29.809000,30.003700
28.385300,28.388300,28.397300,28.412500,28.434000,28.462000,28.496800,28.538800,28.588400,28.646000,28.712200,28.787600,28.872800,28.968600,29.075700,29.195000,29.327500,29.474100,29.635800,29.813600,30.008500
28.387300,28.390400,28.399400,28.414600,28.436100,28.464200,28.499100,28.541200,28.590900,28.648600,28.715000,28.790500,28.875900,28.971800,29.079100,29.198700,29.331300,29.478100,29.640100,29.818100,30.013200
28.389400,28.392400,28.401500,28.416700,28.438300,28.466400,28.501400,28.543600,28.593400,28.651200,28.717700,28.793400,28.878900,28.975100,29.082600,29.202300,29.335200,29.482200,29.644400,29.822700,30.018000
28.391400,28.394400,28.403500,28.418800,28.440500,28.468600,28.503700,28.546000,28.595900,28.653900,28.720500,28.796300,28.882000,28.978300,29.086000,29.206000,29.339100,29.486300,29.648700,29.827200,30.022700
28.393500,28.396500,28.405600,28.420900,28.442600,28.470900,28.506000,28.548400,28.598400,28.656500,28.723200,28.799200,28.885100,28.981600,29.089400,29.209600,29.342900,29.490400,29.653000,29.831700,30.027500
28.395500,28.398600,28.407700,28.423100,28.444800,28.473100,28.508300,28.550800,28.600900,28.659100,28.726000,28.802100,28.888200,28.984800,29.092900,29.213300,29.346800,29.494500,29.657300,29.836300,30.032300
28.397600,28.400600,28.409800,28.425200,28.447000,28.475300,28.510600,28.553200,28.603400,28.661700,28.728800,28.805000,28.891200,28.988100,29.096400,29.216900,29.350700,29.498600,29.661700,29.840800,30.037000
28.399600,28.402700,28.411900,28.427300,28.449100,28.477600,28.513000,28.555600,28.605900,28.664400,28.731500,28.808000,28.894300,28.991300,29.099800,29.220600,29.354600,29.502700,29.666000,29.845400,30.041800
28.401700,28.404800,28.414000,28.429400,28.451300,28.479800,28.515300,28.558000,28.608400,28.667000,28.734300,28.810900,28.897400,28.994600,29.103300,29.224200,29.358400,29.506800,29.670300,29.849900,30.046600
28.403800,28.406800,28.416100,28.431600,28.453500,28.482100,28.517600,28.560400,28.611000,28.669700,28.737100,28.813800,28.900500,28.997900,29.106700,29.227900,29.362300,29.510900,29.674600,29.854500,30.051300
28.405800,28.408900,28.418200,28.433700,28.455700,28.484300,28.520000,28.562900,28.613500,28.672300,28.739900,28.816800,28.903600,29.001200,29.110200,29.231600,29.366200,29.515000,29.679000,29.859000,30.056100
28.407900,28.411000,28.420300,28.435900,28.457900,28.486600,28.522300,28.565300,28.616100,28.675000,28.742700,28.819700,28.906700,29.004400,29.113700,29.235300,29.370100,29.519100,29.683300,29.863600,30.060900
28.410000,28.413100,28.422400,28.438000,28.460100,28.488900,28.524600,28.567700,28.618600,28.677700,28.745500,28.822700,28.909800,29.007700,29.117200,29.239000,29.374000,29.523300,29.687600,29.868100,30.065600
28.412100,28.415200,28.424500,28.440200,28.462300,28.491100,28.527000,28.570200,28.621200,28.680300,28.748300,28.825600,28.912900,29.011000,29.120600,29.242600,29.377900,29.527400,29.692000,29.872700,30.070400
28.414200,28.417300,28.426600,28.442300,28.464500,28.493400,28.529400,28.572600,28.623700,28.683000,28.751100,28.828600,28.916100,29.014300,29.124100,29.246300,29.381800,29.531500,29.696300,29.877200,30.075200
28.416300,28.419400,28.428800,28.444500,28.466700,28.495700,28.531700,28.575100,28.626300,28.685700,28.753900,28.831500,28.919200,29.017600,29.127600,29.250000,29.385700,29.535600,29.700700,29.881800,30.080000
28.418400,28.421500,28.430900,28.446700,28.469000,28.498000,28.534100,28.577600,28.628800,28.688400,28.756700,28.834500,28.922300,29.020900,29.131100,29.253700,29.389600,29.539700,29.705000,29.886400,30.084700
28.420500,28.423600,28.433000,28.448800,28.471200,28.500300,28.536400,28.580000,28.631400,28.691100,28.759600,28.837500,28.925500,29.024300,29.134600,29.257400,29.393500,29.543900,29.709300,29.890900,30.089500
28.422600,28.425800,28.435200,28.451000,28.473400,28.502600,28.538800,28.582500,28.634000,28.693800,28.762400,28.840400,28.928600,29.027600,29.138100,29.261100,29.397400,29.548000,29.713700,29.895500,30.094300
28.424700,28.427900,28.437300,28.453200,28.475600,28.504900,28.541200,28.585000,28.636500,28.696500,28.765200,28.843400,28.931700,29.030900,29.141600,29.264800,29.401400,29.552100,29.718000,29.900000,30.099100
28.426900,28.430000,28.439500,28.455400,28.477900,28.507200,28.543600,28.587400,28.639100,28.699200,28.768100,28.846400,28.934900,29.034200,29.145200,29.268600,29.405300,29.556300,29.722400,29.904600,30.103900
28.429000,28.432100,28.441600,28.457600,28.480100,28.509500,28.546000,28.589900,28.641700,28.701900,28.770900,28.849400,28.938000,29.037500,29.148700,29.272300,29.409200,29.560400,29.726700,29.909200,30.108600
28.431100,28.434300,28.443800,28.459800,28.482400,28.511800,28.548400,28.592400,28.644300,28.704600,28.773800,28.852400,28.941200,29.040900,29.152200,29.276000,29.413100,29.564500,29.731100,29.913800,30.113400
28.433300,28.436400,28.446000,28.462000,28.484600,28.514100,28.550800,28.594900,28.646900,28.707300,28.776600,28.855400,28.944400,29.044200,29.155700,29.279700,29.417100,29.568700,29.735500,29.918300,30.118200
28.435400,28.438600,28.448200,28.464200,28.486900,28.516500,28.553200,28.597400,28.649500,28.710000,28.779500,28.858400,28.947500,29.047600,29.159300,29.283400,29.421000,29.572800,29.739800,29.922900,30.123000
28.437600,28.440700,28.450300,28.466400,28.489200,28.518800,28.555600,28.599900,28.652100,28.712800,28.782300,28.861400,28.950700,29.050900,29.162800,29.287200,29.424900,29.577000,29.744200,29.927500,30.127800
28.439700,28.442900,28.452500,28.468600,28.491400,28.521100,28.558000,28.602400,28.654700,28.715500,28.785200,28.864400,28.953900,29.054300,29.166300,29.290900,29.428900,29.581100,29.748500,29.932100,30.132600
28.441900,28.445100,28.454700,28.470900,28.493700,28.523500,28.560400,28.604900,28.657300,28.718200,28.788100,28.867500,28.957100,29.057600,29.169900,29.294600,29.432800,29.585300,29.752900,29.936600,30.137400
28.444000,28.447200,28.456900,28.473100,28.496000,28.525800,28.562800,28.607400,28.660000,28.721000,28.790900,28.870500,28.960300,29.061000,29.173400,29.298400,29.436800,29.589400,29.757300,29.941200,30.142200
28.446200,28.449400,28.459100,28.475300,28.498300,28.528100,28.565300,28.609900,28.662600,28.723700,28.793800,28.873500,28.963400,29.064300,29.177000,29.302100,29.440700,29.593600,29.761600,29.945800,30.147000
28.448400,28.451600,28.461300,28.477600,28.500600,28.530500,28.567700,28.612500,28.665200,28.726500,28.796700,28.876500,28.966600,29.067700,29.180500,29.305900,29.444700,29.597700,29.766000,29.950400,30.151800
28.450600,28.453800,28.463500,28.479800,28.502800,28.532900,28.570100,28.615000,28.667900,28.729200,28.799600,28.879600,28.969800,29.071100,29.184100,29.309600,29.448600,29.601900,29.770400,29.955000,30.156600
28.452700,28.456000,28.465700,28.482100,28.505100,28.535200,28.572600,28.617500,28.670500,28.732000,28.802500,28.882600,28.973000,29.074500,29.187600,29.313400,29.452600,29.606100,29.774800,29.959600,30.161400
28.454900,28.458200,28.467900,28.484300,28.507400,28.537600,28.575000,28.620100,28.673100,28.734700,28.805400,28.885700,28.976300,29.077800,29.191200,29.317200,29.456500,29.610200,29.779100,29.964100,30.166200
28.457100,28.460400,28.470200,28.486600,28.509800,28.540000,28.577500,28.622600,28.675800,28.737500,28.808300,28.888700,28.979500,29.081200,29.194800,29.320900,29.460500,29.614400,29.783500,29.968700,30.171100
28.459300,28.462600,28.472400,28.488800,28.512100,28.542300,28.579900,28.625100,28.678400,28.740300,28.811200,28.891800,28.982700,29.084600,29.198400,29.324700,29.464500,29.618600,29.787900,29.973400,30.176000
28.461500,28.464800,28.474600,28.491100,28.514400,28.544700,28.582400,28.627700,28.681100,28.743100,28.814100,28.894800,28.985900,29.088000,29.201900,29.328500,29.468400,29.622800,29.792300,29.978000,30.181000
28.463700,28.467000,28.476800,28.493400,28.516700,28.547100,28.584800,28.630300,28.683800,28.745900,28.817000,28.897900,28.989100,29.091400,29.205500,29.332200,29.472400,29.626900,29.796700,29.982700,30.186000
28.465900,28.469200,28.479100,28.495600,28.519000,28.549500,28.587300,28.632800,28.686400,28.748600,28.820000,28.901000,28.992400,29.094800,29.209100,29.336000,29.476400,29.631100,29.801100,29.987300,30.191100
28.468200,28.471400,28.481300,28.497900,28.521400,28.551900,28.589800,28.635400,28.689100,28.751400,28.822900,28.904100,28.995600,29.098200,29.212700,29.339800,29.480400,29.635300,29.805500,29.992000,30.196100
28.470400,28.473700,28.483600,28.500200,28.523700,28.554300,28.592300,28.638000,28.691800,28.754200,28.825800,28.907100,28.998800,29.101600,29.216300,29.343600,29.484400,29.639500,29.810000,29.996700,30.201200
28.472600,28.475900,28.485800,28.502500,28.526000,28.556700,28.594700,28.640500,28.694500,28.757000,28.828800,28.910200,29.002100,29.105000,29.219900,29.347400,29.488300,29.643700,29.814400,30.001500,30.206300
28.474800,28.478200,28.488100,28.504800,28.528400,28.559100,28.597200,28.643100,28.697200,28.759800,28.831700,28.913300,29.005300,29.108500,29.223500,29.351200,29.492300,29.647900,29.818800,30.006200,30.211500
28.477100,28.480400,28.490400,28.507100,28.530700,28.561500,28.599700,28.645700,28.699900,28.762700,28.834600,28.916400,29.008600,29.111900,29.227100,29.354900,29.496300,29.652100,29.823300,30.011000,30.216600
28.479300,28.482600,28.492600,28.509400,28.533100,28.563900,28.602200,28.648300,28.702600,28.765500,28.837600,28.919500,29.011800,29.115300,29.230700,29.358800,29.500300,29.656400,29.827800,30.015800,30.221800
28.481600,28.484900,28.494900,28.511700,28.535500,28.566400,28.604700,28.650900,28.705300,28.768300,28.840500,28.922600,29.015100,29.118700,29.234300,29.362600,29.504400,29.660600,29.832300,30.020600,30.227000
28.483800,28.487200,28.497200,28.514000,28.537800,28.568800,28.607200,28.653500,28.708000,28.771100,28.843500,28.925700,29.018400,29.122200,29.237900,29.366400,29.508400,29.664800,29.836800,30.025400,30.232200
28.486100,28.489400,28.499500,28.516400,28.540200,28.571200,28.609800,28.656100,28.710700,28.774000,28.846500,28.928800,29.021600,29.125600,29.241500,29.370200,29.512400,29.669100,29.841300,30.030200,30.237400
28.488300,28.491700,28.501800,28.518700,28.542600,28.573700,28.612300,28.658700,28.713400,28.776800,28.849400,28.931900,29.024900,29.129100,29.245200,29.374000,29.516400,29.673300,29.845800,30.035100,30.242600
28.490600,28.494000,28.504100,28.521000,28.545000,28.576100,28.614800,28.661300,28.716100,28.779600,28.852400,28.935000,29.028200,29.132500,29.248800,29.377800,29.520400,29.677600,29.850300,30.039900,30.247800
28.492900,28.496200,28.506400,28.523300,28.547300,28.578600,28.617300,28.663900,28.718800,28.782500,28.855400,28.938200,29.031500,29.136000,29.252400,29.381600,29.524500,29.681900,29.854900,30.044800,30.253100
28.495100,28.498500,28.508700,28.525700,28.549700,28.581000,28.619900,28.666600,28.721600,28.785300,28.858400,28.941300,29.034700,29.139400,29.256100,29.385500,29.528500,29.686200,29.859500,30.049700,30.258400
28.497400,28.500800,28.511000,28.528000,28.552100,28.583500,28.622400,28.669200,28.724300,28.788200,28.861400,28.944400,29.038000,29.142900,29.259700,29.389300,29.532600,29.690500,29.864000,30.054600,30.263700
28.499700,28.503100,28.513300,28.530400,28.554500,28.585900,28.624900,28.671800,28.727000,28.791000,28.864300,28.947600,29.041300,29.146300,29.263400,29.393200,29.536600,29.694800,29.868600,30.059500,30.269000
28.502000,28.505400,28.515600,28.532700,28.556900,28.588400,28.627500,28.674500,28.729800,28.793900,28.867300,28.950700,29.044600,29.149800,29.267000,29.397000,29.540700,29.699100,29.873200,30.064400,30.274300
28.504300,28.507700,28.517900,28.535100,28.559300,28.590900,28.630000,28.677100,28.732500,28.796800,28.870300,28.953900,29.047900,29.153300,29.270700,29.400900,29.544800,29.703400,29.877800,30.069300,30.279600
28.506600,28.510000,28.520300,28.537500,28.561700,28.593400,28.632600,28.679800,28.735300,28.799600,28.873400,28.957000,29.051200,29.156800,29.274300,29.404700,29.548900,29.707700,29.882400,30.074300,30.284900
28.508900,28.512300,28.522600,28.539800,28.564200,28.595800,28.635100,28.682400,28.738000,28.802500,28.876400,28.960200,29.054600,29.160300,29.278000,29.408600,29.552900,29.712000,29.887000,30.079300,30.290300
28.511200,28.514600,28.524900,28.542200,28.566600,28.598300,28.637700,28.685100,28.740800,28.805400,28.879400,28.963300,29.057900,29.163700,29.281700,29.412500,29.557000,29.716400,29.891700,30.084200,30.295600
28.513500,28.517000,28.527300,28.544600,28.569000,28.600800,28.640300,28.687700,28.743600,28.808300,28.882400,28.966500,29.061200,29.167200,29.285300,29.416300,29.561100,29.720800,29.896300,30.089200,30.301000
28.515800,28.519300,28.529600,28.547000,28.571400,28.603300,28.642900,28.690400,28.746300,28.811200,28.885400,28.969700,29.064500,29.170700,29.289000,29.420200,29.565300,29.725100,29.901000,30.094200,30.306400
28.518200,28.521600,28.532000,28.549300,28.573900,28.605800,28.645400,28.693100,28.749100,28.814100,28.888400,28.972800,29.067900,29.174200,29.292700,29.424100,29.569400,29.729500,29.905600,30.099200,30.311800
28.520500,28.523900,28.534300,28.551700,28.576300,28.608300,28.648000,28.695700,28.751900,28.817000,28.891500,28.976000,29.071200,29.177700,29.296400,29.428000,29.573500,29.733900,29.910300,30.104200,30.317200
28.522800,28.526300,28.536700,28.554100,28.578800,28.610800,28.650600,28.698400,28.754700,28.819900,28.894500,28.979200,29.074500,29.181200,29.300100,29.431900,29.577600,29.738300,29.915000,30.109300,30.322600
28.525200,28.528600,28.539100,28.556500,28.581200,28.613400,28.653200,28.701100,28.757500,28.822800,28.897600,28.982400,29.077900,29.184800,29.303800,29.435800,29.581800,29.742700,29.919700,30.114300,30.328000
28.527500,28.531000,28.541400,28.558900,28.583700,28.615900,28.655800,28.703800,28.760300,28.825700,28.900600,28.985600,29.081200,29.188300,29.307500,29.439700,29.585900,29.747100,29.924400,30.119400,30.333500
28.529900,28.533300,28.543800,28.561400,28.586100,28.618400,28.658400,28.706500,28.763100,28.828600,28.903600,28.988800,29.084600,29.191800,29.311200,29.443700,29.590100,29.751500,29.929100,30.124400,30.338900
28.532200,28.535700,28.546200,28.563800,28.588600,28.620900,28.661000,28.709200,28.765900,28.831500,28.906700,28.992000,29.087900,29.195300,29.314900,29.447600,29.594200,29.755900,29.933900,30.129500,30.344400
28.534600,28.538100,28.548600,28.566200,28.591100,28.623500,28.663600,28.711900,28.768700,28.834500,28.909800,28.995200,29.091300,29.198900,29.318700,29.451500,29.598400,29.760400,29.938600,30.134600,30.349800
28.536900,28.540400,28.551000,28.568600,28.593600,28.626000,28.666200,28.714600,28.771500,28.837400,28.912800,28.998400,29.094700,29.202400,29.322400,29.455500,29.602600,29.764800,29.943400,30.139700,30.355300
28.539300,28.542800,28.553400,28.571000,28.596000,28.628500,28.668900,28.717300,28.774300,28.840300,28.915900,29.001600,29.098000,29.206000,29.326100,29.459400,29.606800,29.769300,29.948100,30.144800,30.360800
28.541700,28.545200,28.555800,28.573500,28.598500,28.631100,28.671500,28.720000,28.777100,28.843300,28.919000,29.004800,29.101400,29.209500,29.329900,29.463400,29.611000,29.773700,29.952900,30.149900,30.366300
28.544000,28.547600,28.558200,28.575900,28.601000,28.633600,28.674100,28.722700,28.780000,28.846200,28.922000,29.008000,29.104800,29.213100,29.333600,29.467400,29.615200,29.778200,29.957700,30.155000,30.371800
28.546400,28.550000,28.560600,28.578400,28.603500,28.636200,28.676700,28.725500,28.782800,28.849200,28.925100,29.011300,29.108200,29.216600,29.337400,29.471300,29.619400,29.782700,29.962500,30.160100,30.377300
28.548800,28.552300,28.563000,28.580800,28.606000,28.638800,28.679400,28.728200,28.785600,28.852100,28.928200,29.014500,29.111600,29.220200,29.341200,29.475300,29.623600,29.787200,29.967200,30.165300,30.382800
28.551200,28.554700,28.565400,28.583300,28.608500,28.641300,28.682000,28.730900,28.788500,28.855100,28.931300,29.017700,29.115000,29.223800,29.344900,29.479300,29.627800,29.791700,29.972100,30.170400,30.388300
28.553600,28.557100,28.567800,28.585700,28.611000,28.643900,28.684700,28.733700,28.791300,28.858100,28.934400,29.021000,29.118400,29.227400,29.348700,29.483300,29.632100,29.796200,29.976900,30.175600,30.393900
28.556000,28.559600,28.570300,28.588200,28.613500,28.646500,28.687300,28.736400,28.794200,28.861000,28.937500,29.024200,29.121800,29.230900,29.352500,29.487300,29.636300,29.800700,29.981700,30.180700,30.399400
28.558400,28.562000,28.572700,28.590700,28.616100,28.649100,28.690000,28.739200,28.797000,28.864000,28.940600,29.027500,29.125200,29.234500,29.356300,29.491300,29.640600,29.805200,29.986500,30.185900,30.405000
28.560800,28.564400,28.575100,28.593100,28.618600,28.651700,28.692700,28.741900,28.799900,28.867000,28.943700,29.030700,29.128600,29.238100,29.360100,29.495300,29.644800,29.809800,29.991400,30.191100,30.410600
28.563200,28.566800,28.577600,28.595600,28.621100,28.654200,28.695300,28.744700,28.802800,28.870000,28.946800,29.034000,29.132000,29.241700,29.363900,29.499300,29.649100,29.814300,29.996200,30.196300,30.416100
28.565600,28.569200,28.580000,28.598100,28.623600,28.656800,28.698000,28.747500,28.805600,28.872900,28.950000,29.037200,29.135500,29.245300,29.367700,29.503300,29.653400,29.818800,30.001100,30.201500,30.421700
28.568100,28.571700,28.582500,28.600600,28.626200,28.659400,28.700700,28.750200,28.808500,28.875900,28.953100,29.040500,29.138900,29.249000,29.371500,29.507400,29.657600,29.823400,30.006000,30.206700,30.427300
28.570500,28.574100,28.584900,28.603100,28.628700,28.662100,28.703400,28.753000,28.811400,28.878900,28.956200,29.043800,29.142300,29.252600,29.375300,29.511400,29.661900,29.828000,30.010800,30.211900,30.432900
28.572900,28.576500,28.587400,28.605600,28.631300,28.664700,28.706100,28.755800,28.814300,28.881900,28.959300,29.047100,29.145800,29.256200,29.379100,29.515500,29.666200,29.832500,30.015700,30.217200,30.438500
28.575400,28.579000,28.589900,28.608100,28.633800,28.667300,28.708700,28.758600,28.817100,28.884900,28.962500,29.050400,29.149200,29.259800,29.383000,29.519500,29.670500,29.837100,30.020600,30.222400,30.444200
28.577800,28.581400,28.592300,28.610600,28.636400,28.669900,28.711400,28.761400,28.820000,28.888000,28.965600,29.053700,29.152700,29.263500,29.386800,29.523600,29.674800,29.841700,30.025500,30.227700,30.449800
28.580300,28.583900,28.594800,28.613100,28.638900,28.672500,28.714100,28.764100,28.822900,28.891000,28.968800,29.057000,29.156200,29.267100,29.390600,29.527600,29.679200,29.846300,30.030400,30.232900,30.455400
28.582700,28.586400,28.597300,28.615600,28.641500,28.675100,28.716900,28.766900,28.825800,28.894000,28.971900,29.060300,29.159600,29.270800,29.394500,29.531700,29.683500,29.850900,30.035400,30.238200,30.461100
28.585200,28.588800,28.599800,28.618100,28.644100,28.677800,28.719600,28.769700,28.828700,28.897000,28.975100,29.063600,29.163100,29.274400,29.398300,29.535800,29.687800,29.855600,30.040300,30.243500,30.466700
28.587600,28.591300,28.602300,28.620700,28.646600,28.680400,28.722300,28.772600,28.831700,28.900000,28.978300,29.066900,29.166600,29.278100,29.402200,29.539900,29.692200,29.860200,30.045200,30.248800,30.472400
28.590100,28.593800,28.604800,28.623200,28.649200,28.683100,28.725000,28.775400,28.834600,28.903100,28.981400,29.070200,29.170100,29.281700,29.406100,29.544000,29.696500,29.864800,30.050200,30.254100,30.478000
28.592600,28.596200,28.607300,28.625700,28.651800,28.685700,28.727700,28.778200,28.837500,28.906100,28.984600,29.073500,29.173500,29.285400,29.410000,29.548100,29.700900,29.869500,30.055100,30.259400,30.483700
28.595100,28.598700,28.609800,28.628300,28.654400,28.688400,28.730500,28.781000,28.840400,28.909200,28.987800,29.076800,29.177000,29.289100,29.413800,29.552200,29.705200,29.874100,30.060100,30.264700,30.489400
28.597500,28.601200,28.612300,28.630800,28.657000,28.691000,28.733200,28.783800,28.843300,28.912200,28.991000,29.080200,29.180500,29.292800,29.417700,29.556300,29.709600,29.878800,30.065100,30.270000,30.495000
28.600000,28.603700,28.614800,28.633400,28.659600,28.693700,28.735900,28.786700,28.846300,28.915300,28.994100,29.083500,29.184000,29.296500,29.421600,29.560500,29.714000,29.883400,30.070000,30.275300,30.500500
28.602500,28.606200,28.617300,28.635900,28.662200,28.696400,28.738700,28.789500,28.849200,28.918300,28.997300,29.086900,29.187500,29.300200,29.425500,29.564600,29.718400,29.888100,30.075000,30.280500,30.505900
28.605000,28.608700,28.619800,28.638500,28.664800,28.699000,28.741400,28.792300,28.852200,28.921400,29.000500,29.090200,29.191100,29.303900,29.429400,29.568700,29.722800,29.892800,30.080000,30.285800,30.511300
28.607500,28.611200,28.622400,28.641000,28.667400,28.701700,28.744200,28.795200,28.855100,28.924500,29.003700,29.093600,29.194600,29.307600,29.433400,29.572900,29.727200,29.897500,30.085000,30.291000,30.516700
28.610000,28.613700,28.624900,28.643600,28.670000,28.704400,28.746900,28.798000,28.858100,28.927500,29.007000,29.096900,29.198100,29.311300,29.437300,29.577000,29.731600,29.902200,30.090000,30.296300,30.522100
28.612500,28.616200,28.627400,28.646200,28.672700,28.707100,28.749700,28.800900,28.861000,28.930600,29.010200,29.100300,29.201600,29.315000,29.441200,29.581200,29.736000,29.906800,30.094900,30.301500,30.527500
28.615000,28.618800,28.630000,28.648800,28.675300,28.709800,28.752500,28.803700,28.864000,28.933700,29.013400,29.103700,29.205200,29.318700,29.445100,29.585400,29.740400,29.911500,30.099900,30.306700,30.532800
28.617600,28.621300,28.632500,28.651300,28.677900,28.712500,28.755200,28.806600,28.867000,28.936800,29.016600,29.107000,29.208700,29.322500,29.449100,29.589500,29.744900,29.916200,30.104900,30.311900,30.538100
28.620100,28.623800,28.635100,28.653900,28.680600,28.715200,28.758000,28.809500,28.869900,28.939900,29.019800,29.110400,29.212300,29.326200,29.453000,29.593700,29.749300,29.920900,30.109800,30.317000,30.543400
28.622600,28.626400,28.637600,28.656500,28.683200,28.717900,28.760800,28.812300,28.872900,28.943000,29.023100,29.113800,29.215800,29.330000,29.457000,29.597900,29.753700,29.925600,30.114800,30.322200,30.548700
28.625100,28.628900,28.640200,28.659100,28.685800,28.720600,28.763600,28.815200,28.875900,28.946100,29.026300,29.117200,29.219400,29.333700,29.461000,29.602100,29.758200,29.930300,30.119700,30.327300,30.554000
28.627700,28.631500,28.642800,28.661700,28.688500,28.723300,28.766400,28.818100,28.878900,28.949200,29.029600,29.120600,29.223000,29.337500,29.464900,29.606300,29.762600,29.935000,30.124700,30.332500,30.559200
28.630200,28.634000,28.645300,28.664300,28.691100,28.726000,28.769200,28.821000,28.881900,28.952300,29.032800,29.124000,29.226500,29.341200,29.468900,29.610500,29.767100,29.939700,30.129600,30.337600,30.564500
28.632800,28.636600,28.647900,28.666900,28.693800,28.728700,28.772000,28.823900,28.884900,28.955400,29.036100,29.127400,29.230100,29.345000,29.472900,29.614700,29.771500,29.944400,30.134500,30.342700,30.569700
28.635300,28.639100,28.650500,28.669600,28.696500,28.731500,28.774800,28.826800,28.887900,28.958600,29.039300,29.130800,29.233700,29.348800,29.476900,29.618900,29.776000,29.949100,30.139400,30.347800,30.574900
28.637900,28.641700,28.653100,28.672200,28.699100,28.734200,28.777600,28.829700,28.890900,28.961700,29.042600,29.134200,29.237300,29.352600,29.480900,29.623100,29.780500,29.953800,30.144400,30.352900,30.580200
28.640500,28.644300,28.655700,28.674800,28.701800,28.736900,28.780400,28.832600,28.893900,28.964800,29.045900,29.137700,29.240900,29.356300,29.484800,29.627400,29.784900,29.958500,30.149300,30.358000,30.585400
28.643000,28.646800,28.658300,28.677400,28.704500,28.739700,28.783200,28.835500,28.896900,28.968000,29.049100,29.141100,29.244500,29.360100,29.488900,29.631600,29.789400,29.963200,30.154200,30.363100,30.590600
28.645600,28.649400,28.660900,28.680100,28.707200,28.742400,28.786000,28.838400,28.899900,28.971100,29.052400,29.144500,29.248100,29.363900,29.492900,29.635800,29.793800,29.967900,30.159100,30.368200,30.595800
28.648200,28.652000,28.663500,28.682700,28.709900,28.745200,28.788900,28.841300,28.903000,28.974300,29.055700,29.148000,29.251700,29.367700,29.496900,29.640100,29.798300,29.972600,30.164000,30.373200,30.600900
28.650700,28.654600,28.666100,28.685400,28.712600,28.747900,28.791700,28.844300,28.906000,28.977400,29.059000,29.151400,29.255300,29.371500,29.500900,29.644300,29.802800,29.977300,30.168900,30.378300,30.606100
28.653300,28.657200,28.668700,28.688000,28.715300,28.750700,28.794500,28.847200,28.909000,28.980600,29.062300,29.154900,29.259000,29.375400,29.504900,29.648500,29.807300,29.982000,30.173800,30.383300,30.611300
28.655900,28.659800,28.671300,28.690700,28.718000,28.753500,28.797400,28.850100,28.912100,28.983700,29.065600,29.158300,29.262600,29.379200,29.508900,29.652800,29.811700,29.986700,30.178700,30.388400,30.616400
28.658500,28.662400,28.673900,28.693300,28.720700,28.756200,28.800200,28.853100,28.915100,28.986900,29.068900,29.161800,29.266200,29.383000,29.513000,29.657000,29.816200,29.991400,30.183500,30.393400,30.621600
28.661100,28.665000,28.676600,28.696000,28.723400,28.759000,28.803100,28.856000,28.918200,28.990100,29.072200,29.165300,29.269900,29.386800,29.517000,29.661300,29.820700,29.996100,30.188400,30.398500,30.626800
28.663700,28.667600,28.679200,28.698700,28.726100,28.761800,28.806000,28.859000,28.921200,28.993300,29.075500,29.168700,29.273500,29.390700,29.521100,29.665600,29.825100,30.000800,30.193300,30.403500,30.631900
28.666300,28.670200,28.681800,28.701300,28.728800,28.764600,28.808800,28.861900,28.924300,28.996400,29.078900,29.172200,29.277200,29.394500,29.525100,29.669800,29.829600,30.005400,30.198200,30.408500,30.637000
28.669000,28.672800,28.684500,28.704000,28.731600,28.767400,28.811700,28.864900,28.927400,28.999600,29.082200,29.175700,29.280800,29.398400,29.529100,29.674100,29.834100,30.010100,30.203000,30.413500,30.642200
28.671600,28.675500,28.687100,28.706700,28.734300,28.770200,28.814600,28.867900,28.930500,29.002800,29.085500,29.179200,29.284500,29.402200,29.533200,29.678300,29.838600,30.014800,30.207900,30.418500,30.647300
28.674200,28.678100,28.689800,28.709400,28.737000,28.773000,28.817400,28.870800,28.933500,29.006000,29.088900,29.182700,29.288200,29.406100,29.537300,29.682600,29.843100,30.019500,30.212700,30.423500,30.652400
28.676800,28.680700,28.692400,28.712100,28.739800,28.775800,28.820300,28.873800,28.936600,29.009200,29.092200,29.186200,29.291800,29.409900,29.541300,29.686900,29.847500,30.024200,30.217600,30.428500,30.657500
28.679500,28.683400,28.695100,28.714800,28.742500,28.778600,28.823200,28.876800,28.939700,29.012400,29.095600,29.189700,29.295500,29.413800,29.545400,29.691200,29.852000,30.028800,30.222400,30.433500,30.662600
28.682100,28.686000,28.697800,28.717500,28.745300,28.781400,28.826100,28.879800,28.942800,29.015700,29.098900,29.193200,29.299200,29.417700,29.549500,29.695400,29.856500,30.033500,30.227300,30.438500,30.667700
28.684700,28.688700,28.700400,28.720200,28.748000,28.784200,28.829000,28.882800,28.945900,29.018900,29.102300,29.196700,29.302900,29.421500,29.553500,29.699700,29.861000,30.038200,30.232100,30.443500,30.672800
28.687400,28.691300,28.703100,28.722900,28.750800,28.787000,28.831900,28.885800,28.949000,29.022100,29.105700,29.200200,29.306600,29.425400,29.557600,29.704000,29.865400,30.042800,30.237000,30.448500,30.677900
28.690000,28.694000,28.705800,28.725600,28.753500,28.789900,28.834800,28.888800,28.952100,29.025300,29.109000,29.203800,29.310300,29.429300,29.561700,29.708300,29.869900,30.047500,30.241800,30.453500,30.683000
28.692700,28.696600,28.708500,28.728300,28.756300,28.792700,28.837700,28.891800,28.955200,29.028600,29.112400,29.207300,29.314000,29.433200,29.565800,29.712500,29.874400,30.052200,30.246700,30.458500,30.688100
28.695400,28.699300,28.711200,28.731000,28.759100,28.795500,28.840600,28.894800,28.958300,29.031800,29.115800,29.210800,29.317700,29.437100,29.569800,29.716800,29.878900,30.056900,30.251500,30.463400,30.693200
28.698000,28.702000,28.713900,28.733800,28.761900,28.798400,28.843600,28.897800,28.961500,29.035100,29.119200,29.214400,29.321400,29.441000,29.573900,29.721100,29.883400,30.061500,30.256300,30.468400,30.698300
28.700700,28.704700,28.716600,28.736500,28.764700,28.801200,28.846500,28.900800,28.964600,29.038300,29.122600,29.217900,29.325100,29.444900,29.578000,29.725400,29.887800,30.066200,30.261100,30.473400,30.703400
28.703400,28.707300,28.719300,28.739200,28.767400,28.804100,28.849400,28.903800,28.967700,29.041600,29.126000,29.221500,29.328800,29.448800,29.582100,29.729700,29.892300,30.070800,30.266000,30.478300,30.708400
28.706100,28.710000,28.722000,28.742000,28.770200,28.806900,28.852400,28.906900,28.970900,29.044800,29.129400,29.225000,29.332600,29.452700,29.586200,29.734000,29.896800,30.075500,30.270800,30.483300,30.713500
28.708700,28.712700,28.724700,28.744700,28.773000,28.809800,28.855300,28.909900,28.974000,29.048100,29.132800,29.228600,29.336300,29.456600,29.590300,29.738300,29.901300,30.080200,30.275600,30.488200,30.718600
28.711400,28.715400,28.727400,28.747500,28.775800,28.812700,28.858200,28.912900,28.977200,29.051400,29.136200,29.232200,29.340000,29.460500,29.594400,29.742600,29.905800,30.084800,30.280400,30.493200,30.723600
28.714100,28.718100,28.730100,28.750300,28.778700,28.815500,28.861200,28.916000,28.980300,29.054700,29.139600,29.235700,29.343800,29.464400,29.598500,29.746900,29.910300,30.089500,30.285200,30.498100,30.728700
28.716800,28.720800,28.732900,28.753000,28.781500,28.818400,28.864200,28.919000,28.983500,29.058000,29.143000,29.239300,29.347500,29.468400,29.602600,29.751200,29.914700,30.094100,30.290000,30.503100,30.733700
28.719500,28.723500,28.735600,28.755800,28.784300,28.821300,28.867100,28.922100,28.986600,29.061200,29.146500,29.242900,29.351300,29.472300,29.606800,29.755500,29.919200,30.098800,30.294900,30.508000,30.738800
28.722200,28.726300,28.738300,28.758600,28.787100,28.824200,28.870100,28.925100,28.989800,29.064500,29.149900,29.246500,29.355000,29.476200,29.610900,29.759800,29.923700,30.103400,30.299700,30.513000,30.743800
28.725000,28.729000,28.741100,28.761300,28.789900,28.827100,28.873100,28.928200,28.993000,29.067800,29.153300,29.250100,29.358800,29.480200,29.615000,29.764100,29.928200,30.108100,30.304500,30.517900,30.748900
28.727700,28.731700,28.743800,28.764100,28.792800,28.830000,28.876000,28.931300,28.996200,29.071100,29.156800,29.253700,29.362500,29.484100,29.619100,29.768400,29.932700,30.112700,30.309300,30.522800,30.753900
28.730400,28.734400,28.746600,28.766900,28.795600,28.832900,28.879000,28.934400,28.999300,29.074400,29.160200,29.257300,29.366300,29.488000,29.623200,29.772700,29.937100,30.117400,30.314100,30.527800,30.759000
28.733100,28.737200,28.749300,28.769700,28.798400,28.835800,28.882000,28.937400,29.002500,29.077800,29.163700,29.260900,29.370100,29.492000,29.627300,29.777000,29.941600,30.122000,30.318900,30.532700,30.764000
28.735900,28.739900,28.752100,28.772500,28.801300,28.838700,28.885000,28.940500,29.005700,29.081100,29.167100,29.264500,29.373800,29.495900,29.631500,29.781300,29.946100,30.126700,30.323700,30.537600,30.769100
28.738600,28.742700,28.754900,28.775300,28.804100,28.841600,28.888000,28.943600,29.008900,29.084400,29.170600,29.268100,29.377600,29.499900,29.635600,29.785600,29.950600,30.131300,30.328500,30.542600,30.774100
28.741300,28.745400,28.757600,28.778100,28.807000,28.844500,28.891000,28.946700,29.012100,29.087700,29.174100,29.271700,29.381400,29.503800,29.639700,29.789900,29.955100,30.136000,30.333200,30.547500,30.779100
28.744100,28.748200,28.760400,28.780900,28.809900,28.847500,28.894000,28.949800,29.015300,29.091100,29.177500,29.275300,29.385200,29.507800,29.643900,29.794200,29.959500,30.140600,30.338000,30.552400,30.784200
28.746800,28.750900,28.763200,28.783700,28.812700,28.850400,28.897000,28.952900,29.018600,29.094400,29.181000,29.279000,29.389000,29.511700,29.648000,29.798500,29.964000,30.145300,30.342800,30.557300,30.789200
28.749600,28.753700,28.766000,28.786600,28.815600,28.853300,28.900000,28.956000,29.021800,29.097700,29.184500,29.282600,29.392800,29.515700,29.652100,29.802800,29.968500,30.149900,30.347600,30.562200,30.794200
28.752400,28.756500,28.768800,28.789400,28.818500,28.856300,28.903000,28.959100,29.025000,29.101100,29.188000,29.286200,29.396600,29.519700,29.656300,29.807100,29.973000,30.154500,30.352400,30.567100,30.799200
28.755100,28.759200,28.771600,28.792200,28.821400,28.859200,28.906100,28.962300,29.028200,29.104400,29.191500,29.289900,29.400400,29.523600,29.660400,29.811500,29.977500,30.159200,30.357200,30.572100,30.804300
28.757900,28.762000,28.774400,28.795100,28.824300,28.862200,28.909100,28.965400,29.031500,29.107800,29.194900,29.293500,29.404200,29.527600,29.664600,29.815800,29.982000,30.163800,30.362000,30.577000,30.809500
28.760700,28.764800,28.777200,28.797900,28.827100,28.865100,28.912100,28.968500,29.034700,29.111200,29.198400,29.297200,29.408000,29.531600,29.668700,29.820100,29.986400,30.168500,30.366800,30.581900,30.814600
28.763500,28.767600,28.780000,28.800700,28.830000,28.868100,28.915200,28.971600,29.037900,29.114500,29.201900,29.300800,29.411800,29.535600,29.672900,29.824400,29.990900,30.173100,30.371500,30.586900,30.819800
28.766200,28.770400,28.782800,28.803600,28.832900,28.871100,28.918200,28.974800,29.041200,29.117900,29.205500,29.304500,29.415600,29.539500,29.677000,29.828700,29.995400,30.177700,30.376300,30.591800,30.825000
28.769000,28.773200,28.785600,28.806500,28.835800,28.874000,28.921300,28.977900,29.044400,29.121300,29.209000,29.308100,29.419400,29.543500,29.681200,29.833000,29.999900,30.182400,30.381100,30.596800,30.830100
28.771800,28.776000,28.788400,28.809300,28.838800,28.877000,28.924300,28.981100,29.047700,29.124700,29.212500,29.311800,29.423200,29.547500,29.685300,29.837400,30.004400,30.187000,30.385900,30.601800,30.835400
28.774600,28.778800,28.791300,28.812200,28.841700,28.880000,28.927400,28.984200,29.051000,29.128000,29.216000,29.315500,29.427100,29.551500,29.689500,29.841700,30.008900,30.191700,30.390700,30.606800,30.840600
28.777400,28.781600,28.794100,28.815100,28.844600,28.883000,28.930400,28.987400,29.054200,29.131400,29.219500,29.319100,29.430900,29.555500,29.693600,29.846000,30.013300,30.196300,30.395600,30.611800,30.845800
28.780300,28.784400,28.796900,28.817900,28.847500,28.886000,28.933500,28.990600,29.057500,29.134800,29.223100,29.322800,29.434700,29.559500,29.697800,29.850300,30.017800,30.201000,30.400400,30.616800,30.851100
28.783100,28.787200,28.799800,28.820800,28.850500,28.889000,28.936600,28.993700,29.060800,29.138200,29.226600,29.326500,29.438600,29.563500,29.701900,29.854700,30.022300,30.205600,30.405200,30.621800,30.856300
28.785900,28.790100,28.802600,28.823700,28.853400,28.892000,28.939700,28.996900,29.064100,29.141600,29.230100,29.330200,29.442400,29.567500,29.706100,29.859000,30.026800,30.210300,30.410000,30.626800,30.861600
28.788700,28.792900,28.805500,28.826600,28.856300,28.895000,28.942800,29.000100,29.067300,29.145000,29.233700,29.333900,29.446200,29.571500,29.710300,29.863300,30.031300,30.214900,30.414900,30.631900,30.866900
28.791500,28.795700,28.808400,28.829500,28.859300,28.898000,28.945800,29.003300,29.070600,29.148400,29.237200,29.337600,29.450100,29.575500,29.714400,29.867600,30.035800,30.219600,30.419700,30.636900,30.872100
28.794400,28.798600,28.811200,28.832400,28.862200,28.901000,28.948900,29.006500,29.073900,29.151900,29.240800,29.341200,29.453900,29.579500,29.718600,29.872000,30.040300,30.224300,30.424600,30.642000,30.877400
28.797200,28.801400,28.814100,28.835300,28.865200,28.904000,28.952000,29.009600,29.077200,29.155300,29.244300,29.344900,29.457800,29.583500,29.722800,29.876300,30.044800,30.228900,30.429400,30.647000,30.882700
28.800100,28.804300,28.817000,28.838200,28.868100,28.907000,28.955100,29.012800,29.080500,29.158700,29.247900,29.348600,29.461600,29.587500,29.727000,29.880700,30.049300,30.233600,30.434300,30.652100,30.888000
28.802900,28.807100,28.819800,28.841100,28.871100,28.910100,28.958300,29.016000,29.083800,29.162100,29.251400,29.352400,29.465500,29.591500,29.731100,29.885000,30.053800,30.238300,30.439100,30.657200,30.893300
28.805800,28.810000,28.822700,28.844000,28.874100,28.913100,28.961400,29.019300,29.087200,29.165600,29.255000,29.356100,29.469400,29.595500,29.735300,29.889300,30.058300,30.243000,30.444000,30.662300,30.898700
28.808600,28.812900,28.825600,28.846900,28.877000,28.916100,28.964500,29.022500,29.090500,29.169000,29.258600,29.359800,29.473200,29.599600,29.739500,29.893700,30.062800,30.247600,30.448900,30.667300,30.904000
28.811500,28.815700,28.828500,28.849900,28.880000,28.919200,28.967600,29.025700,29.093800,29.172500,29.262200,29.363500,29.477100,29.603600,29.743700,29.898000,30.067300,30.252300,30.453800,30.672400,30.909300
28.814400,28.818600,28.831400,28.852800,28.883000,28.922200,28.970700,29.028900,29.097100,29.175900,29.265700,29.367200,29.481000,29.607600,29.747900,29.902400,30.071900,30.257000,30.458600,30.677500,30.914600
28.817200,28.821500,28.834300,28.855700,28.886000,28.925300,28.973900,29.032100,29.100500,29.179400,29.269300,29.370900,29.484800,29.611600,29.752000,29.906700,30.076400,30.261700,30.463500,30.682600,30.920000
28.820100,28.824400,28.837200,28.858700,28.889000,28.928300,28.977000,29.035400,29.103800,29.182800,29.272900,29.374700,29.488700,29.615700,29.756200,29.911100,30.080900,30.266400,30.468400,30.687800,30.925300
28.823000,28.827300,28.840100,28.861600,28.892000,28.931400,28.980200,29.038600,29.107100,29.186300,29.276500,29.378400,29.492600,29.619700,29.760400,29.915400,30.085400,30.271100,30.473300,30.692900,30.930700
28.825900,28.830200,28.843000,28.864600,28.895000,28.934500,28.983300,29.041800,29.110500,29.189700,29.280100,29.382100,29.496500,29.623700,29.764600,29.919800,30.090000,30.275900,30.478200,30.698000,30.936100
28.828800,28.833100,28.846000,28.867600,28.898000,28.937500,28.986400,29.045100,29.113800,29.193200,29.283700,29.385900,29.500400,29.627800,29.768800,29.924200,30.094500,30.280600,30.483200,30.703100,30.941400
28.831700,28.836000,28.848900,28.870500,28.901000,28.940600,28.989600,29.048300,29.117200,29.196700,29.287300,29.389600,29.504200,29.631800,29.773000,29.928500,30.099000,30.285300,30.488100,30.708300,30.946800
28.834600,28.838900,28.851800,28.873500,28.904000,28.943700,28.992800,29.051600,29.120600,29.200200,29.290900,29.393400,29.508100,29.635900,29.777200,29.932900,30.103600,30.290000,30.493000,30.713400,30.952200
28.837500,28.841800,28.854800,28.876500,28.907100,28.946800,28.995900,29.054800,29.123900,29.203600,29.294500,29.397100,29.512000,29.639900,29.781400,29.937300,30.108100,30.294700,30.497900,30.718600,30.957600
28.840400,28.844700,28.857700,28.879400,28.910100,28.949900,28.999100,29.058100,29.127300,29.207100,29.298100,29.400900,29.515900,29.644000,29.785700,29.941700,30.112700,30.299500,30.502900,30.723700,30.963000
28.843300,28.847600,28.860600,28.882400,28.913100,28.953000,29.002300,29.061400,29.130700,29.210600,29.301700,29.404600,29.519800,29.648000,29.789900,29.946000,30.117200,30.304200,30.507800,30.728900,30.968400
28.846200,28.850600,28.863600,28.885400,28.916200,28.956100,29.005500,29.064600,29.134000,29.214100,29.305400,29.408400,29.523700,29.652100,29.794100,29.950400,30.121800,30.309000,30.512800,30.734000,30.973800
28.849200,28.853500,28.866600,28.888400,28.919200,28.959200,29.008600,29.067900,29.137400,29.217600,29.309000,29.412100,29.527700,29.656200,29.798300,29.954800,30.126400,30.313700,30.517700,30.739200,30.979200
28.852100,28.856400,28.869500,28.891400,28.922200,28.962300,29.011800,29.071200,29.140800,29.221100,29.312600,29.415900,29.531600,29.660200,29.802500,29.959200,30.130900,30.318500,30.522700,30.744400,30.984600
28.855000,28.859400,28.872500,28.894400,28.925300,28.965400,29.015000,29.074500,29.144200,29.224600,29.316300,29.419700,29.535500,29.664300,29.806800,29.963600,30.135500,30.323200,30.527600,30.749500,30.990000
28.858000,28.862300,28.875400,28.897400,28.928400,28.968500,29.018200,29.077800,29.147600,29.228100,29.319900,29.423500,29.539400,29.668400,29.811000,29.968000,30.140100,30.328000,30.532600,30.754700,30.995400
28.860900,28.865300,28.878400,28.900400,28.931400,28.971700,29.021400,29.081100,29.151000,29.231600,29.323500,29.427200,29.543300,29.672400,29.815200,29.972400,30.144600,30.332800,30.537500,30.759900,31.000800
28.863900,28.868300,28.881400,28.903400,28.934500,28.974800,29.024600,29.084400,29.154400,29.235200,29.327200,29.431000,29.547200,29.676500,29.819500,29.976800,30.149200,30.337500,30.542500,30.765100,31.006300
28.866800,28.871200,28.884400,28.906400,28.937600,28.977900,29.027900,29.087700,29.157800,29.238700,29.330800,29.434800,29.551200,29.680600,29.823700,29.981200,30.153800,30.342300,30.547500,30.770300,31.011700
28.869800,28.874200,28.887400,28.909500,28.940600,28.981100,29.031100,29.091000,29.161200,29.242200,29.334500,29.438600,29.555100,29.684700,29.827900,29.985600,30.158400,30.347100,30.552500,30.775500,31.017100
28.872800,28.877200,28.890400,28.912500,28.943700,28.984200,29.034300,29.094300,29.164600,29.245700,29.338100,29.442400,29.559000,29.688800,29.832200,29.990000,30.163000,30.351900,30.557500,30.780700,31.022600
28.875700,28.880100,28.893400,28.915500,28.946800,28.987400,29.037500,29.097600,29.168100,29.249300,29.341800,29.446200,29.563000,29.692900,29.836400,29.994400,30.167600,30.356600,30.562500,30.785900,31.028000
28.878700,28.883100,28.896400,28.918600,28.949900,28.990500,29.040800,29.100900,29.171500,29.252800,29.345500,29.450000,29.566900,29.696900,29.840700,29.998900,30.172200,30.361400,30.567500,30.791200,31.033500
28.881700,28.886100,28.899400,28.921600,28.953000,28.993700,29.044000,29.104300,29.174900,29.256400,29.349100,29.453800,29.570900,29.701000,29.845000,30.003300,30.176800,30.366200,30.572500,30.796400,31.039000
28.884700,28.889100,28.902400,28.924700,28.956100,28.996800,29.047200,29.107600,29.178300,29.259900,29.352800,29.457600,29.574800,29.705100,29.849200,30.007700,30.181400,30.371000,30.577500,30.801600,31.044400
28.887700,28.892100,28.905400,28.927700,28.959200,29.000000,29.050500,29.110900,29.181800,29.263500,29.356500,29.461400,29.578800,29.709200,29.853500,30.012200,30.186000,30.375800,30.582500,30.806800,31.049900
28.890700,28.895100,28.908400,28.930800,28.962300,29.003200,29.053700,29.114300,29.185200,29.267000,29.360200,29.465200,29.582700,29.713400,29.857700,30.016600,30.190600,30.380600,30.587500,30.812100,31.055400
28.893700,28.898100,28.911500,28.933900,28.965400,29.006400,29.057000,29.117600,29.188700,29.270600,29.363800,29.469000,29.586700,29.717500,29.862000,30.021000,30.195300,30.385500,30.592500,30.817300,31.060800
28.896700,28.901100,28.914500,28.936900,28.968500,29.009500,29.060200,29.121000,29.192100,29.274100,29.367500,29.472800,29.590700,29.721600,29.866300,30.025500,30.199900,30.390300,30.597500,30.822600,31.066300
28.899700,28.904100,28.917500,28.940000,28.971700,29.012700,29.063500,29.124300,29.195600,29.277700,29.371200,29.476700,29.594600,29.725700,29.870600,30.029900,30.204500,30.395100,30.602600,30.827800,31.071800
28.902700,28.907200,28.920600,28.943100,28.974800,29.015900,29.066800,29.127700,29.199000,29.281300,29.374900,29.480500,29.598600,29.729800,29.874900,30.034400,30.209100,30.399900,30.607600,30.833100,31.077300
28.905700,28.910200,28.923600,28.946200,28.977900,29.019100,29.070000,29.131000,29.202500,29.284900,29.378600,29.484300,29.602600,29.733900,29.879100,30.038800,30.213800,30.404800,30.612600,30.838300,31.082800
28.908700,28.913200,28.926700,28.949200,28.981000,29.022300,29.073300,29.134400,29.206000,29.288400,29.382300,29.488200,29.606500,29.738100,29.883400,30.043300,30.218400,30.409600,30.617700,30.843600,31.088300
28.911800,28.916300,28.929700,28.952300,28.984200,29.025500,29.076600,29.137800,29.209400,29.292000,29.386000,29.492000,29.610500,29.742200,29.887700,30.047800,30.223100,30.414400,30.622700,30.848800,31.093800
28.914800,28.919300,28.932800,28.955400,28.987300,29.028700,29.079900,29.141100,29.212900,29.295600,29.389700,29.495800,29.614500,29.746300,29.892000,30.052200,30.227700,30.419300,30.627800,30.854100,31.099300
28.917800,28.922300,28.935900,28.958500,28.990500,29.031900,29.083200,29.144500,29.216400,29.299200,29.393500,29.499700,29.618500,29.750500,29.896300,30.056700,30.232400,30.424100,30.632800,30.859400,31.104800
28.920900,28.925400,28.938900,28.961600,28.993600,29.035200,29.086500,29.147900,29.219900,29.302800,29.397200,29.503500,29.622500,29.754600,29.900600,30.061200,30.237000,30.429000,30.637900,30.864700,31.110300
28.923900,28.928400,28.942000,28.964800,28.996800,29.038400,29.089800,29.151300,29.223400,29.306400,29.400900,29.507400,29.626500,29.758800,29.904900,30.065600,30.241700,30.433800,30.643000,30.870000,31.115800
28.927000,28.931500,28.945100,28.967900,29.000000,29.041600,29.093100,29.154700,29.226800,29.310000,29.404600,29.511300,29.630500,29.762900,29.909200,30.070100,30.246400,30.438700,30.648000,30.875200,31.121300
28.930000,28.934600,28.948200,28.971000,29.003100,29.044800,29.096400,29.158100,29.230300,29.313600,29.408300,29.515100,29.634500,29.767100,29.913600,30.074600,30.251000,30.443600,30.653100,30.880500,31.126800
28.933100,28.937600,28.951300,28.974100,29.006300,29.048100,29.099700,29.161500,29.233800,29.317200,29.412100,29.519000,29.638500,29.771200,29.917900,30.079100,30.255700,30.448400,30.658200,30.885800,31.132200
28.936200,28.940700,28.954400,28.977300,29.009500,29.051300,29.103000,29.164900,29.237300,29.320800,29.415800,29.522900,29.642500,29.775400,29.922200,30.083600,30.260400,30.453300,30.663200,30.891100,31.137500
28.939200,28.943800,28.957500,28.980400,29.012700,29.054600,29.106300,29.168300,29.240900,29.324400,29.419600,29.526700,29.646500,29.779600,29.926500,30.088100,30.265100,30.458200,30.668300,30.896300,31.142900
28.942300,28.946900,28.960600,28.983500,29.015900,29.057800,29.109700,29.171700,29.244400,29.328100,29.423300,29.530600,29.650500,29.783700,29.930900,30.092600,30.269700,30.463000,30.673400,30.901500,31.148200
28.945400,28.950000,28.963700,28.986700,29.019100,29.061100,29.113000,29.175100,29.247900,29.331700,29.427100,29.534500,29.654600,29.787900,29.935200,30.097100,30.274400,30.467900,30.678400,30.906800,31.153500
28.948500,28.953100,28.966800,28.989800,29.022300,29.064300,29.116300,29.178500,29.251400,29.335300,29.430800,29.538400,29.658600,29.792100,29.939500,30.101600,30.279100,30.472800,30.683500,30.912000,31.158700
28.951600,28.956200,28.969900,28.993000,29.025500,29.067600,29.119700,29.182000,29.254900,29.339000,29.434600,29.542300,29.662600,29.796300,29.943900,30.106100,30.283800,30.477700,30.688600,30.917200,31.164000
28.954700,28.959300,28.973000,28.996100,29.028700,29.070900,29.123000,29.185400,29.258500,29.342600,29.438300,29.546100,29.666600,29.800500,29.948200,30.110700,30.288500,30.482600,30.693600,30.922400,31.169300
28.957800,28.962400,28.976200,28.999300,29.031900,29.074100,29.126300,29.188800,29.262000,29.346200,29.442100,29.550000,29.670700,29.804600,29.952600,30.115200,30.293200,30.487400,30.698700,30.927500,31.174500
28.960900,28.965500,28.979300,29.002500,29.035100,29.077400,29.129700,29.192300,29.265500,29.349900,29.445900,29.553900,29.674700,29.808800,29.956900,30.119700,30.297900,30.492300,30.703700,30.932700,31.179700
28.964000,28.968600,28.982400,29.005600,29.038300,29.080700,29.133100,29.195700,29.269100,29.353500,29.449600,29.557800,29.678800,29.813000,29.961300,30.124200,30.302600,30.497200,30.708700,30.937900,31.184900
28.967100,28.971700,28.985600,29.008800,29.041500,29.084000,29.136400,29.199200,29.272600,29.357200,29.453400,29.561700,29.682800,29.817200,29.965600,30.128800,30.307300,30.502100,30.713800,30.943000,31.190100
28.970200,28.974800,28.988700,29.012000,29.044800,29.087300,29.139800,29.202600,29.276200,29.360900,29.457200,29.565700,29.686900,29.821400,29.970000,30.133300,30.312000,30.507000,30.718800,30.948100,31.195300
28.973300,28.978000,28.991900,29.015200,29.048000,29.090600,29.143100,29.206100,29.279700,29.364500,29.461000,29.569600,29.690900,29.825600,29.974400,30.137800,30.316700,30.511800,30.723800,30.953300,31.200500
28.976500,28.981100,28.995000,29.018400,29.051200,29.093900,29.146500,29.209500,29.283300,29.368200,29.464800,29.573500,29.695000,29.829800,29.978700,30.142400,30.321400,30.516700,30.728800,30.958400,31.205700
28.979600,28.984200,28.998200,29.021600,29.054500,29.097200,29.149900,29.213000,29.286800,29.371900,29.468500,29.577400,29.699000,29.834100,29.983100,30.146900,30.326100,30.521600,30.733800,30.963500,31.210900
28.982700,28.987400,29.001400,29.024800,29.057700,29.100500,29.153300,29.216500,29.290400,29.375500,29.472300,29.581300,29.703100,29.838300,29.987500,30.151400,30.330900,30.526400,30.738900,30.968600,31.216000
28.985900,28.990500,29.004500,29.028000,29.061000,29.103800,29.156700,29.219900,29.294000,29.379200,29.476100,29.585300,29.707200,29.842500,29.991900,30.156000,30.335600,30.531300,30.743900,30.973700,31.221200
28.989000,28.993700,29.007700,29.031200,29.064200,29.107100,29.160100,29.223400,29.297500,29.382900,29.479900,29.589200,29.711300,29.846700,29.996200,30.160500,30.340300,30.536200,30.748800,30.978800,31.226300
28.992200,28.996900,29.010900,29.034400,29.067500,29.110400,29.163500,29.226900,29.301100,29.386600,29.483700,29.593100,29.715300,29.850900,30.000600,30.165100,30.345000,30.541000,30.753800,30.983900,31.231500
28.995300,29.000000,29.014100,29.037600,29.070800,29.113800,29.166900,29.230400,29.304700,29.390300,29.487600,29.597100,29.719400,29.855200,30.005000,30.169600,30.349700,30.545900,30.758800,30.989000,31.236600
28.998500,29.003200,29.017300,29.040800,29.074000,29.117100,29.170300,29.233900,29.308300,29.394000,29.491400,29.601000,29.723500,29.859400,30.009400,30.174200,30.354400,30.550700,30.763800,30.994000,31.241700
29.001700,29.006400,29.020500,29.044100,29.077300,29.120400,29.173700,29.237400,29.311900,29.397700,29.495200,29.605000,29.727600,29.863600,30.013800,30.178700,30.359100,30.555600,30.768800,30.999100,31.246900
29.004800,29.009500,29.023700,29.047300,29.080600,29.123800,29.177100,29.240900,29.315500,29.401400,29.499000,29.608900,29.731700,29.867900,30.018200,30.183300,30.363800,30.560500,30.773800,31.004200,31.252000
29.008000,29.012700,29.026900,29.050500,29.083900,29.127100,29.180500,29.244400,29.319100,29.405100,29.502800,29.612900,29.735800,29.872100,30.022600,30.187800,30.368500,30.565300,30.778700,31.009200,31.257100
29.011200,29.015900,29.030100,29.053800,29.087200,29.130500,29.183900,29.247900,29.322700,29.408800,29.506700,29.616800,29.739900,29.876400,30.027000,30.192400,30.373200,30.570100,30.783700,31.014300,31.262200
29.014400,29.019100,29.033300,29.057000,29.090500,29.133800,29.187300,29.251400,29.326300,29.412500,29.510500,29.620800,29.744000,29.880600,30.031400,30.197000,30.377900,30.575000,30.788700,31.019300,31.267300
29.017600,29.022300,29.036500,29.060300,29.093700,29.137200,29.190800,29.254900,29.329900,29.416200,29.514300,29.624800,29.748100,29.884900,30.035800,30.201500,30.382600,30.579800,30.793600,31.024400,31.272400
29.020800,29.025500,29.039700,29.063500,29.097100,29.140500,29.194200,29.258400,29.333500,29.419900,29.518200,29.628700,29.752200,29.889100,30.040200,30.206100,30.387400,30.584700,30.798600,31.029400,31.277500
29.024000,29.028700,29.042900,29.066800,29.100400,29.143900,29.197600,29.261900,29.337100,29.423700,29.522000,29.632700,29.756300,29.893400,30.044600,30.210600,30.392100,30.589500,30.803500,31.034400,31.282600
29.027200,29.031900,29.046200,29.070000,29.103700,29.147300,29.201100,29.265500,29.340800,29.427400,29.525900,29.636700,29.760400,29.897700,30.049000,30.215200,30.396800,30.594300,30.808500,31.039500,31.287600
29.030400,29.035100,29.049400,29.073300,29.107000,29.150600,29.204500,29.269000,29.344400,29.431100,29.529700,29.640700,29.764500,29.901900,30.053400,30.219700,30.401500,30.599200,30.813400,31.044500,31.292700
29.033600,29.038300,29.052600,29.076600,29.110300,29.154000,29.208000,29.272500,29.348000,29.434900,29.533600,29.644700,29.768700,29.906200,30.057900,30.224300,30.406200,30.604000,30.818300,31.049500,31.297800
29.036800,29.041600,29.055900,29.079900,29.113600,29.157400,29.211400,29.276100,29.351700,29.438600,29.537400,29.648600,29.772800,29.910400,30.062300,30.228900,30.410900,30.608800,30.823300,31.054500,31.302800
29.040000,29.044800,29.059100,29.083100,29.117000,29.160800,29.214900,29.279600,29.355300,29.442400,29.541300,29.652600,29.776900,29.914700,30.066700,30.233400,30.415600,30.613700,30.828200,31.059500,31.307900
29.043200,29.048000,29.062400,29.086400,29.120300,29.164200,29.218400,29.283200,29.358900,29.446100,29.545200,29.656600,29.781000,29.919000,30.071100,30.238000,30.420300,30.618500,30.833100,31.064500,31.313000
29.046500,29.051300,29.065600,29.089700,29.123600,29.167600,29.221800,29.286700,29.362600,29.449900,29.549100,29.660600,29.785200,29.923300,30.075500,30.242600,30.425000,30.623300,30.838000,31.069500,31.318000
29.049700,29.054500,29.068900,29.093000,29.127000,29.171000,29.225300,29.290300,29.366200,29.453600,29.552900,29.664600,29.789300,29.927500,30.079900,30.247100,30.429700,30.628100,30.843000,31.074500,31.323100
29.052900,29.057700,29.072200,29.096300,29.130300,29.174400,29.228800,29.293800,29.369900,29.457400,29.556800,29.668600,29.793500,29.931800,30.084400,30.251700,30.434400,30.632900,30.847900,31.079500,31.328100
29.056200,29.061000,29.075400,29.099600,29.133700,29.177800,29.232300,29.297400,29.373500,29.461200,29.560700,29.672700,29.797600,29.936100,30.088800,30.256200,30.439100,30.637800,30.852800,31.084500,31.333100
29.059400,29.064200,29.078700,29.102900,29.137000,29.181200,29.235700,29.301000,29.377200,29.464900,29.564600,29.676700,29.801700,29.940400,30.093200,30.260800,30.443800,30.642600,30.857700,31.089500,31.338200
29.062700,29.067500,29.082000,29.106200,29.140400,29.184600,29.239200,29.304500,29.380900,29.468700,29.568500,29.680700,29.805900,29.944700,30.097600,30.265400,30.448400,30.647400,30.862600,31.094500,31.343200
29.065900,29.070800,29.085300,29.109500,29.143700,29.188000,29.242700,29.308100,29.384600,29.472500,29.572400,29.684700,29.810000,29.949000,30.102100,30.269900,30.453100,30.652200,30.867500,31.099500,31.348200
29.069200,29.074000,29.088600,29.112900,29.147100,29.191500,29.246200,29.311700,29.388200,29.476300,29.576300,29.688700,29.814200,29.953300,30.106500,30.274500,30.457800,30.657000,30.872400,31.104400,31.353300
29.072500,29.077300,29.091900,29.116200,29.150500,29.194900,29.249700,29.315300,29.391900,29.480000,29.580200,29.692700,29.818400,29.957600,30.110900,30.279100,30.462500,30.661800,30.877300,31.109400,31.358300
29.075700,29.080600,29.095200,29.119500,29.153800,29.198300,29.253200,29.318900,29.395600,29.483800,29.584100,29.696800,29.822500,29.961800,30.115400,30.283600,30.467200,30.666600,30.882200,31.114400,31.363300
29.079000,29.083900,29.098500,29.122900,29.157200,29.201800,29.256700,29.322500,29.399300,29.487600,29.588000,29.700800,29.826700,29.966100,30.119800,30.288200,30.471900,30.671400,30.887100,31.119400,31.368300
29.082300,29.087200,29.101800,29.126200,29.160600,29.205200,29.260300,29.326100,29.403000,29.491400,29.591900,29.704800,29.830800,29.970400,30.124200,30.292800,30.476600,30.676200,30.892000,31.124300,31.373300
29.085600,29.090400,29.105100,29.129500,29.164000,29.208700,29.263800,29.329700,29.406700,29.495200,29.595800,29.708900,29.835000,29.974700,30.128700,30.297300,30.481300,30.681000,30.896900,31.129300,31.378400
29.088900,29.093700,29.108400,29.132900,29.167400,29.212100,29.267300,29.333300,29.410400,29.499000,29.599700,29.712900,29.839200,29.979000,30.133100,30.301900,30.486000,30.685800,30.901800,31.134200,31.383400
29.092200,29.097000,29.111700,29.136200,29.170800,29.215600,29.270800,29.336900,29.414100,29.502800,29.603600,29.717000,29.843300,29.983400,30.137500,30.306500,30.490700,30.690600,30.906700,31.139200,31.388400
29.095500,29.100300,29.115000,29.139600,29.174200,29.219000,29.274400,29.340500,29.417800,29.506600,29.607600,29.721000,29.847500,29.987700,30.142000,30.311000,30.495300,30.695400,30.911500,31.144100,31.393400
29.098800,29.103700,29.118400,29.143000,29.177600,29.222500,29.277900,29.344100,29.421500,29.510500,29.611500,29.725100,29.851700,29.992000,30.146400,30.315600,30.500000,30.700200,30.916400,31.149100,31.398400
29.102100,29.107000,29.121700,29.146300,29.181000,29.226000,29.281400,29.347700,29.425200,29.514300,29.615400,29.729100,29.855900,29.996300,30.150900,30.320200,30.504700,30.705000,30.921300,31.154000,31.403400
29.105400,29.110300,29.125000,29.149700,29.184400,29.229400,29.285000,29.351300,29.428900,29.518100,29.619400,29.733200,29.860100,30.000600,30.155300,30.324700,30.509400,30.709700,30.926200,31.159000,31.408400
29.108700,29.113600,29.128400,29.153100,29.187800,29.232900,29.288500,29.355000,29.432600,29.521900,29.623300,29.737200,29.864200,30.004900,30.159700,30.329300,30.514100,30.714500,30.931000,31.163900,31.413400
29.112000,29.116900,29.131700,29.156400,29.191300,29.236400,29.292100,29.358600,29.436400,29.525800,29.627200,29.741300,29.868400,30.009200,30.164200,30.333900,30.518700,30.719300,30.935900,31.168900,31.418400
29.115300,29.120300,29.135100,29.159800,29.194700,29.239900,29.295600,29.362200,29.440100,29.529600,29.631200,29.745300,29.872600,30.013500,30.168600,30.338400,30.523400,30.724100,30.940800,31.173800,31.423300
29.118700,29.123600,29.138400,29.163200,29.198100,29.243400,29.299200,29.365900,29.443800,29.533400,29.635100,29.749400,29.876800,30.017800,30.173100,30.343000,30.528100,30.728900,30.945600,31.178700,31.428300
29.122000,29.126900,29.141800,29.166600,29.201600,29.246900,29.302700,29.369500,29.447600,29.537300,29.639100,29.753500,29.881000,30.022200,30.177500,30.347500,30.532800,30.733600,30.950500,31.183700,31.433300
29.125300,29.130300,29.145100,29.170000,29.205000,29.250400,29.306300,29.373200,29.451300,29.541100,29.643000,29.757600,29.885200,30.026500,30.181900,30.352100,30.537500,30.738400,30.955400,31.188600,31.438300
29.128700,29.133600,29.148500,29.173400,29.208500,29.253900,29.309900,29.376800,29.455100,29.545000,29.647000,29.761600,29.889400,30.030800,30.186400,30.356700,30.542100,30.743200,30.960200,31.193500,31.443400
29.132000,29.137000,29.151900,29.176800,29.211900,29.257400,29.313500,29.380500,29.458800,29.548800,29.650900,29.765700,29.893600,30.035100,30.190800,30.361200,30.546800,30.748000,30.965100,31.198500,31.448400
29.135400,29.140300,29.155300,29.180200,29.215400,29.260900,29.317000,29.384100,29.462600,29.552700,29.654900,29.769800,29.897800,30.039500,30.195300,30.365800,30.551500,30.752700,30.969900,31.203400,31.453400
29.138700,29.143700,29.158600,29.183600,29.218800,29.264400,29.320600,29.387800,29.466300,29.556500,29.658900,29.773900,29.902000,30.043800,30.199700,30.370400,30.556100,30.757500,30.974800,31.208300,31.458400
29.142100,29.147100,29.162000,29.187000,29.222300,29.267900,29.324200,29.391500,29.470100,29.560400,29.662800,29.778000,29.906200,30.048100,30.204200,30.374900,30.560800,30.762300,30.979700,31.213300,31.463500
29.145500,29.150400,29.165400,29.190500,29.225700,29.271400,29.327800,29.395200,29.473800,29.564200,29.666800,29.782000,29.910400,30.052400,30.208600,30.379500,30.565500,30.767000,30.984500,31.218200,31.468500
29.148800,29.153800,29.168800,29.193900,29.229200,29.275000,29.331400,29.398800,29.477600,29.568100,29.670800,29.786100,29.914600,30.056800,30.213100,30.384100,30.570200,30.771800,30.989400,31.223200,31.473500
29.152200,29.157200,29.172200,29.197300,29.232700,29.278500,29.335000,29.402500,29.481400,29.572000,29.674800,29.790200,29.918800,30.061100,30.217500,30.388600,30.574800,30.776600,30.994200,31.228100,31.478600
29.155600,29.160600,29.175600,29.200800,29.236200,29.282000,29.338600,29.406200,29.485100,29.575800,29.678800,29.794300,29.923000,30.065400,30.222000,30.393200,30.579500,30.781400,30.999100,31.233100,31.483600
29.158900,29.164000,29.179000,29.204200,29.239600,29.285600,29.342200,29.409900,29.488900,29.579700,29.682700,29.798400,29.927300,30.069800,30.226400,30.397800,30.584200,30.786100,31.004000,31.238000,31.488600
29.162300,29.167400,29.182400,29.207600,29.243100,29.289100,29.345800,29.413600,29.492700,29.583600,29.686700,29.802500,29.931500,30.074100,30.230900,30.402300,30.588800,30.790900,31.008800,31.243000,31.493700
29.165700,29.170700,29.185800,29.211100,29.246600,29.292700,29.349400,29.417300,29.496500,29.587500,29.690700,29.806600,29.935700,30.078400,30.235300,30.406900,30.593500,30.795700,31.013700,31.247900,31.498700
29.169100,29.174100,29.189300,29.214500,29.250100,29.296200,29.353100,29.421000,29.500300,29.591400,29.694700,29.810700,29.939900,30.082800,30.239800,30.411400,30.598200,30.800400,31.018500,31.252900,31.503800
29.172500,29.177600,29.192700,29.218000,29.253600,29.299800,29.356700,29.424700,29.504100,29.595300,29.698700,29.814800,29.944100,30.087100,30.244200,30.416000,30.602900,30.805200,31.023400,31.257800,31.508800
29.175900,29.181000,29.196100,29.221500,29.257100,29.303300,29.360300,29.428400,29.507900,29.599200,29.702700,29.818900,29.948400,30.091500,30.248700,30.420600,30.607500,30.810000,31.028300,31.262800,31.513900
29.179300,29.184400,29.199500,29.224900,29.260600,29.306900,29.363900,29.432100,29.511700,29.603100,29.706700,29.823100,29.952600,30.095800,30.253200,30.425100,30.612200,30.814700,31.033100,31.267700,31.518900
29.182700,29.187800,29.203000,29.228400,29.264100,29.310500,29.367600,29.435800,29.515500,29.607000,29.710700,29.827200,29.956800,30.100100,30.257600,30.429700,30.616900,30.819500,31.038000,31.272700,31.523900
29.186200,29.191200,29.206400,29.231900,29.267700,29.314000,29.371200,29.439500,29.519300,29.610900,29.714700,29.831300,29.961000,30.104500,30.262100,30.434300,30.621500,30.824300,31.042800,31.277600,31.529000
29.189600,29.194600,29.209900,29.235300,29.271200,29.317600,29.374900,29.443200,29.523100,29.614800,29.718700,29.835400,29.965300,30.108800,30.266500,30.438800,30.626200,30.829000,31.047700,31.282600,31.534000
29.193000,29.198100,29.213300,29.238800,29.274700,29.321200,29.378500,29.447000,29.526900,29.618700,29.722700,29.839500,29.969500,30.113200,30.271000,30.443400,30.630900,30.833800,31.052600,31.287600,31.539100
29.196400,29.201500,29.216800,29.242300,29.278200,29.324800,29.382200,29.450700,29.530700,29.622600,29.726700,29.843600,29.973700,30.117500,30.275400,30.448000,30.635500,30.838600,31.057400,31.292500,31.544100
29.199900,29.204900,29.220200,29.245800,29.281800,29.328400,29.385800,29.454400,29.534500,29.626500,29.730800,29.847800,29.978000,30.121900,30.279900,30.452500,30.640200,30.843300,31.062300,31.297500,31.549200
29.203300,29.208400,29.223700,29.249300,29.285300,29.332000,29.389500,29.458200,29.538300,29.630400,29.734800,29.851900,29.982200,30.126200,30.284400,30.457100,30.644900,30.848100,31.067200,31.302400,31.554200
29.206700,29.211800,29.227200,29.252800,29.288800,29.335600,29.393100,29.461900,29.542200,29.634300,29.738800,29.856000,29.986500,30.130600,30.288800,30.461700,30.649600,30.852900,31.072000,31.307400,31.559300
29.210200,29.215300,29.230600,29.256300,29.292400,29.339200,29.396800,29.465600,29.546000,29.638300,29.742800,29.860200,29.990700,30.134900,30.293300,30.466200,30.654200,30.857700,31.076900,31.312400,31.564300
29.213600,29.218700,29.234100,29.259800,29.295900,29.342800,29.400500,29.469400,29.549800,29.642200,29.746900,29.864300,29.994900,30.139300,30.297700,30.470800,30.658900,30.862400,31.081800,31.317300,31.569400
29.217100,29.222200,29.237600,29.263300,29.299500,29.346400,29.404100,29.473100,29.553700,29.646100,29.750900,29.868400,29.999200,30.143600,30.302200,30.475400,30.663600,30.867200,31.086600,31.322300,31.574500
29.220500,29.225700,29.241100,29.266800,29.303100,29.350000,29.407800,29.476900,29.557500,29.650100,29.754900,29.872600,30.003400,30.148000,30.306700,30.480000,30.668200,30.872000,31.091500,31.327200,31.579500
29.224000,29.229100,29.244500,29.270300,29.306600,29.353600,29.411500,29.480700,29.561400,29.654000,29.759000,29.876700,30.007700,30.152300,30.311100,30.484500,30.672900,30.876700,31.096400,31.332200,31.584600
29.227500,29.232600,29.248000,29.273900,29.310200,29.357200,29.415200,29.484400,29.565200,29.657900,29.763000,29.880900,30.011900,30.156700,30.315600,30.489100,30.677600,30.881500,31.101200,31.337200,31.589600
29.230900,29.236100,29.251500,29.277400,29.313700,29.360800,29.418900,29.488200,29.569000,29.661900,29.767000,29.885000,30.016200,30.161100,30.320100,30.493700,30.682300,30.886300,31.106100,31.342100,31.594700
29.234400,29.239600,29.255000,29.280900,29.317300,29.364500,29.422600,29.491900,29.572900,29.665800,29.771100,29.889100,30.020400,30.165400,30.324500,30.498200,30.686900,30.891100,31.111000,31.347100,31.599700
29.237900,29.243100,29.258500,29.284400,29.320900,29.368100,29.426300,29.495700,29.576800,29.669800,29.775100,29.893300,30.024700,30.169800,30.329000,30.502800,30.691600,30.895800,31.115900,31.352100,31.604800
29.241400,29.246500,29.262000,29.288000,29.324500,29.371700,29.430000,29.499500,29.580600,29.673700,29.779200,29.897400,30.029000,30.174100,30.333500,30.507400,30.696300,30.900600,31.120700,31.357000,31.609800
29.244900,29.250000,29.265600,29.291500,29.328100,29.375400,29.433700,29.503300,29.584500,29.677700,29.783200,29.901600,30.033200,30.178500,30.338000,30.512000,30.701000,30.905400,31.125600,31.362000,31.614900
29.248400,29.253500,29.269100,29.295100,29.331700,29.379000,29.437400,29.507000,29.588300,29.681600,29.787300,29.905800,30.037500,30.182900,30.342400,30.516500,30.705700,30.910200,31.130500,31.366900,31.620000
29.251900,29.257000,29.272600,29.298600,29.335200,29.382700,29.441100,29.510800,29.592200,29.685600,29.791300,29.909900,30.041700,30.187200,30.346900,30.521100,30.710300,30.914900,31.135300,31.371900,31.625000
29.255400,29.260500,29.276100,29.302200,29.338800,29.386300,29.444800,29.514600,29.596100,29.689500,29.795400,29.914100,30.046000,30.191600,30.351400,30.525700,30.715000,30.919700,31.140200,31.376900,31.630100
29.258900,29.264000,29.279600,29.305700,29.342400,29.390000,29.448500,29.518400,29.600000,29.693500,29.799500,29.918200,30.050300,30.196000,30.355800,30.530300,30.719700,30.924500,31.145100,31.381800,31.635100
29.262400,29.267600,29.283200,29.309300,29.346000,29.393600,29.452200,29.522200,29.603800,29.697500,29.803500,29.922400,30.054500,30.200400,30.360300,30.534900,30.724400,30.929300,31.150000,31.386800,31.640200
29.265900,29.271100,29.286700,29.312900,29.349700,29.397300,29.456000,29.526000,29.607700,29.701400,29.807600,29.926600,30.058800,30.204700,30.364800,30.539400,30.729000,30.934100,31.154800,31.391800,31.645200
29.269400,29.274600,29.290300,29.316400,29.353300,29.400900,29.459700,29.529800,29.611600,29.705400,29.811700,29.930700,30.063100,30.209100,30.369300,30.544000,30.733700,30.938800,31.159700,31.396800,31.650300
29.272900,29.278100,29.293800,29.320000,29.356900,29.404600,29.463400,29.533600,29.615500,29.709400,29.815700,29.934900,30.067300,30.213500,30.373800,30.548600,30.738400,30.943600,31.164600,31.401700,31.655400
29.276400,29.281700,29.297400,29.323600,29.360500,29.408300,29.467200,29.537400,29.619400,29.713400,29.819800,29.939100,30.071600,30.217900,30.378200,30.553200,30.743100,30.948400,31.169500,31.406700,31.660400
29.280000,29.285200,29.300900,29.327200,29.364100,29.412000,29.470900,29.541200,29.623300,29.717300,29.823900,29.943200,30.075900,30.222200,30.382700,30.557800,30.747800,30.953200,31.174300,31.411700,31.665500
29.283500,29.288700,29.304500,29.330800,29.367800,29.415600,29.474600,29.545000,29.627200,29.721300,29.828000,29.947400,30.080200,30.226600,30.387200,30.562300,30.752500,30.958000,31.179200,31.416600,31.670600
29.287000,29.292300,29.308000,29.334300,29.371400,29.419300,29.478400,29.548900,29.631100,29.725300,29.832000,29.951600,30.084400,30.231000,30.391700,30.566900,30.757100,30.962700,31.184100,31.421600,31.675600
29.290600,29.295800,29.311600,29.337900,29.375000,29.423000,29.482100,29.552700,29.635000,29.729300,29.836100,29.955800,30.088700,30.235400,30.396200,30.571500,30.761800,30.967500,31.189000,31.426600,31.680700
29.294100,29.299400,29.315200,29.341500,29.378700,29.426700,29.485900,29.556500,29.638900,29.733300,29.840200,29.960000,30.093000,30.239800,30.400700,30.576100,30.766500,30.972300,31.193900,31.431500,31.685700
29.297700,29.302900,29.318700,29.345100,29.382300,29.430400,29.489700,29.560300,29.642800,29.737300,29.844300,29.964100,30.097300,30.244200,30.405100,30.580700,30.771200,30.977100,31.198700,31.436500,31.690800
29.301200,29.306500,29.322300,29.348700,29.386000,29.434100,29.493400,29.564200,29.646700,29.741300,29.848400,29.968300,30.101600,30.248500,30.409600,30.585300,30.775900,30.981900,31.203600,31.441500,31.695900
29.304800,29.310100,29.325900,29.352400,29.389600,29.437800,29.497200,29.568000,29.650600,29.745300,29.852500,29.972500,30.105900,30.252900,30.414100,30.589900,30.780600,30.986700,31.208500,31.446500,31.700900
29.308300,29.313600,29.329500,29.356000,29.393300,29.441500,29.500900,29.571800,29.654500,29.749300,29.856600,29.976700,30.110200,30.257300,30.418600,30.594500,30.785300,30.991400,31.213400,31.451400,31.706000
29.311900,29.317200,29.333100,29.359600,29.396900,29.445200,29.504700,29.575700,29.658400,29.753300,29.860700,29.980900,30.114400,30.261700,30.423100,30.599000,30.790000,30.996200,31.218300,31.456400,31.711100
29.315500,29.320800,29.336700,29.363200,29.400600,29.448900,29.508500,29.579500,29.662400,29.757300,29.864800,29.985100,30.118700,30.266100,30.427600,30.603600,30.794600,31.001000,31.223100,31.461400,31.716100
29.319000,29.324300,29.340200,29.366800,29.404200,29.452600,29.512300,29.583400,29.666300,29.761300,29.868900,29.989300,30.123000,30.270500,30.432100,30.608200,30.799300,31.005800,31.228000,31.466400,31.721200
29.322600,29.327900,29.343800,29.370500,29.407900,29.456400,29.516000,29.587200,29.670200,29.765300,29.873000,29.993500,30.127300,30.274900,30.436600,30.612800,30.804000,31.010600,31.232900,31.471300,31.726300
29.326200,29.331500,29.347500,29.374100,29.411600,29.460100,29.519800,29.591100,29.674100,29.769300,29.877100,29.997700,30.131600,30.279300,30.441100,30.617400,30.808700,31.015400,31.237800,31.476300,31.731300
29.329800,29.335100,29.351100,29.377700,29.415300,29.463800,29.523600,29.594900,29.678100,29.773400,29.881200,30.001900,30.135900,30.283700,30.445600,30.622000,30.813400,31.020200,31.242700,31.481300,31.736500
29.333400,29.338700,29.354700,29.381400,29.418900,29.467500,29.527400,29.598800,29.682000,29.777400,29.885300,30.006100,30.140200,30.288100,30.450100,30.626600,30.818100,31.025000,31.247600,31.486300,31.741700
29.337000,29.342300,29.358300,29.385000,29.422600,29.471300,29.531200,29.602700,29.685900,29.781400,29.889400,30.010300,30.144500,30.292500,30.454600,30.631200,30.822800,31.029800,31.252500,31.491300,31.746900
29.340600,29.345900,29.361900,29.388700,29.426300,29.475000,29.535000,29.606500,29.689900,29.785400,29.893500,30.014500,30.148800,30.296900,30.459100,30.635800,30.827500,31.034500,31.257400,31.496300,31.752200
29.344200,29.349500,29.365500,29.392300,29.430000,29.478800,29.538800,29.610400,29.693800,29.789500,29.897600,30.018700,30.153100,30.301300,30.463600,30.640400,30.832200,31.039300,31.262300,31.501400,31.757500
29.347800,29.353100,29.369200,29.396000,29.433700,29.482500,29.542600,29.614300,29.697800,29.793500,29.901700,30.022900,30.157400,30.305700,30.468100,30.645000,30.836900,31.044100,31.267200,31.506500,31.762800
29.351400,29.356700,29.372800,29.399600,29.437400,29.486300,29.546400,29.618100,29.701700,29.797500,29.905900,30.027100,30.161800,30.310100,30.472600,30.649600,30.841600,31.048900,31.272100,31.511500,31.768100
29.355000,29.360300,29.376400,29.403300,29.441100,29.490000,29.550200,29.622000,29.705700,29.801600,29.910000,30.031400,30.166100,30.314500,30.477100,30.654200,30.846300,31.053800,31.277000,31.516600,31.773400
29.358600,29.364000,29.380100,29.407000,29.444800,29.493800,29.554000,29.625900,29.709600,29.805600,29.914100,30.035600,30.170400,30.318900,30.481600,30.658800,30.851000,31.058600,31.282000,31.521700,31.778800
29.362200,29.367600,29.383700,29.410600,29.448500,29.497500,29.557900,29.629800,29.713600,29.809600,29.918200,30.039800,30.174700,30.323300,30.486100,30.663400,30.855700,31.063400,31.286900,31.526900,31.784100
29.365900,29.371200,29.387400,29.414300,29.452200,29.501300,29.561700,29.633700,29.717600,29.813700,29.922400,30.044000,30.179000,30.327700,30.490600,30.668000,30.860400,31.068200,31.291900,31.532000,31.789500
29.369500,29.374900,29.391000,29.418000,29.455900,29.505000,29.565500,29.637600,29.721500,29.817700,29.926500,30.048200,30.183300,30.332100,30.495100,30.672600,30.865100,31.073000,31.296800,31.537200,31.794900
29.373100,29.378500,29.394700,29.421700,29.459700,29.508800,29.569300,29.641500,29.725500,29.821800,29.930600,30.052500,30.187600,30.336600,30.499600,30.677200,30.869800,31.077900,31.301800,31.542300,31.800300
29.376700,29.382100,29.398300,29.425400,29.463400,29.512600,29.573200,29.645400,29.729500,29.825800,29.934800,30.056700,30.192000,30.341000,30.504100,30.681900,30.874600,31.082700,31.306800,31.547500,31.805700
29.380400,29.385800,29.402000,29.429000,29.467100,29.516400,29.577000,29.649300,29.733400,29.829900,29.938900,30.060900,30.196300,30.345400,30.508700,30.686500,30.879300,31.087500,31.311800,31.552700,31.811200
29.384000,29.389400,29.405600,29.432700,29.470800,29.520100,29.580800,29.653200,29.737400,29.833900,29.943100,30.065200,30.200600,30.349800,30.513200,30.691100,30.884000,31.092400,31.316800,31.557900,31.816600
29.387700,29.393100,29.409300,29.436400,29.474600,29.523900,29.584700,29.657100,29.741400,29.838000,29.947200,30.069400,30.204900,30.354200,30.517700,30.695700,30.888700,31.097200,31.321800,31.563100,31.822100
29.391300,29.396700,29.413000,29.440100,29.478300,29.527700,29.588500,29.661000,29.745400,29.842100,29.951300,30.073600,30.209300,30.358700,30.522200,30.700300,30.893500,31.102100,31.326800,31.568300,31.827500
29.395000,29.400400,29.416700,29.443800,29.482100,29.531500,29.592400,29.664900,29.749400,29.846100,29.955500,30.077900,30.213600,30.363100,30.526700,30.705000,30.898200,31.107000,31.331800,31.573500,31.833000
29.398600,29.404100,29.420300,29.447500,29.485800,29.535300,29.596200,29.668800,29.753300,29.850200,29.959600,30.082100,30.217900,30.367500,30.531300,30.709600,30.903000,31.111800,31.336900,31.578800,31.838500
29.402300,29.407700,29.424000,29.451300,29.489600,29.539100,29.600100,29.672700,29.757300,29.854300,29.963800,30.086300,30.222300,30.371900,30.535800,30.714200,30.907700,31.116700,31.341900,31.584000,31.844000
29.406000,29.411400,29.427700,29.455000,29.493300,29.542900,29.603900,29.676600,29.761300,29.858300,29.968000,30.090600,30.226600,30.376400,30.540300,30.718900,30.912500,31.121600,31.347000,31.589300,31.849500
29.409600,29.415100,29.431400,29.458700,29.497100,29.546700,29.607800,29.680600,29.765300,29.862400,29.972100,30.094800,30.230900,30.380800,30.544800,30.723500,30.917200,31.126500,31.352000,31.594500,31.855000
29.413300,29.418700,29.435100,29.462400,29.500800,29.550500,29.611600,29.684500,29.769300,29.866500,29.976300,30.099100,30.235300,30.385200,30.549400,30.728100,30.922000,31.131400,31.357100,31.599800,31.860600
29.417000,29.422400,29.438800,29.466100,29.504600,29.554300,29.615500,29.688400,29.773300,29.870500,29.980400,30.103300,30.239600,30.389700,30.553900,30.732800,30.926700,31.136300,31.362200,31.605100,31.866100
29.420700,29.426100,29.442500,29.469900,29.508300,29.558100,29.619400,29.692300,29.777300,29.874600,29.984600,30.107600,30.243900,30.394100,30.558400,30.737400,30.931500,31.141200,31.367300,31.610400,31.871600
29.424300,29.429800,29.446200,29.473600,29.512100,29.561900,29.623200,29.696300,29.781300,29.878700,29.988800,30.111800,30.248300,30.398500,30.563000,30.742100,30.936300,31.146100,31.372300,31.615700,31.877200
29.428000,29.433500,29.449900,29.477300,29.515900,29.565700,29.627100,29.700200,29.785300,29.882800,29.992900,30.116100,30.252600,30.403000,30.567500,30.746700,30.941100,31.151100,31.377400,31.621000,31.882800
29.431700,29.437200,29.453600,29.481100,29.519700,29.569600,29.631000,29.704100,29.789300,29.886900,29.997100,30.120300,30.257000,30.407400,30.572100,30.751400,30.945800,31.156000,31.382600,31.626300,31.888300
29.435400,29.440900,29.457300,29.484800,29.523400,29.573400,29.634900,29.708100,29.793400,29.891000,30.001300,30.124600,30.261300,30.411900,30.576600,30.756100,30.950600,31.160900,31.387700,31.631700,31.893900
29.439100,29.444600,29.461100,29.488600,29.527200,29.577200,29.638700,29.712000,29.797400,29.895100,30.005400,30.128900,30.265700,30.416300,30.581200,30.760700,30.955400,31.165900,31.392800,31.637000,31.899500
29.442800,29.448300,29.464800,29.492300,29.531000,29.581100,29.642600,29.716000,29.801400,29.899200,30.009600,30.133100,30.270000,30.420800,30.585700,30.765400,30.960200,31.170800,31.397900,31.642300,31.905100
29.446500,29.452000,29.468500,29.496100,29.534800,29.584900,29.646500,29.719900,29.805400,29.903300,30.013800,30.137400,30.274400,30.425200,30.590300,30.770100,30.965000,31.175800,31.403100,31.647700,31.910700
29.450200,29.455700,29.472200,29.499800,29.538600,29.588700,29.650400,29.723900,29.809400,29.907400,30.018000,30.141700,30.278800,30.429700,30.594900,30.774700,30.969800,31.180800,31.408200,31.653100,31.916300
29.453900,29.459400,29.476000,29.503600,29.542400,29.592600,29.654300,29.727800,29.813500,29.911500,30.022200,30.145900,30.283100,30.434100,30.599400,30.779400,30.974700,31.185700,31.413400,31.658400,31.921900
29.457700,29.463200,29.479700,29.507300,29.546200,29.596400,29.658200,29.731800,29.817500,29.915600,30.026300,30.150200,30.287500,30.438600,30.604000,30.784100,30.979500,31.190700,31.418500,31.663800,31.927600
29.461400,29.466900,29.483400,29.511100,29.550000,29.600300,29.662100,29.735800,29.821500,29.919700,30.030500,30.154500,30.291900,30.443100,30.608600,30.788800,30.984300,31.195700,31.423700,31.669200,31.933200
29.465100,29.470600,29.487200,29.514900,29.553800,29.604100,29.666000,29.739700,29.825600,29.923800,30.034700,30.158700,30.296200,30.447500,30.613100,30.793500,30.989100,31.200700,31.428900,31.674600,31.938800
29.468800,29.474400,29.490900,29.518600,29.557600,29.608000,29.669900,29.743700,29.829600,29.927900,30.038900,30.163000,30.300600,30.452000,30.617700,30.798200,30.994000,31.205700,31.434100,31.680000,31.944500
29.472600,29.478100,29.494700,29.522400,29.561400,29.611800,29.673800,29.747700,29.833600,29.932000,30.043100,30.167300,30.305000,30.456500,30.622300,30.802900,30.998800,31.210700,31.439300,31.685400,31.950200
29.476300,29.481800,29.498400,29.526200,29.565200,29.615700,29.677700,29.751600,29.837700,29.936100,30.047300,30.171600,30.309300,30.461000,30.626900,30.807600,31.003700,31.215700,31.444500,31.690800,31.955800
29.480000,29.485600,29.502200,29.530000,29.569000,29.619500,29.681700,29.755600,29.841700,29.940200,30.051500,30.175900,30.313700,30.465400,30.631500,30.812300,31.008500,31.220700,31.449700,31.696200,31.961500
29.483800,29.489300,29.506000,29.533800,29.572900,29.623400,29.685600,29.759600,29.845800,29.944400,30.055700,30.180200,30.318100,30.469900,30.636100,30.817000,31.013400,31.225700,31.454900,31.701700,31.967200
29.487500,29.493100,29.509700,29.537600,29.576700,29.627300,29.689500,29.763600,29.849800,29.948500,30.059900,30.184500,30.322500,30.474400,30.640700,30.821800,31.018200,31.230800,31.460100,31.707100,31.972800
29.491300,29.496800,29.513500,29.541400,29.580500,29.631100,29.693400,29.767600,29.853900,29.952600,30.064100,30.188800,30.326900,30.478900,30.645300,30.826500,31.023100,31.235800,31.465300,31.712500,31.978500
29.495000,29.500600,29.517300,29.545100,29.584300,29.635000,29.697300,29.771600,29.857900,29.956700,30.068300,30.193000,30.331300,30.483400,30.649900,30.831200,31.028000,31.240800,31.470500,31.718000,31.984200
29.498800,29.504300,29.521000,29.548900,29.588200,29.638900,29.701300,29.775500,29.862000,29.960900,30.072500,30.197300,30.335700,30.487900,30.654500,30.836000,31.032900,31.245900,31.475800,31.723500,31.989900
29.502500,29.508100,29.524800,29.552800,29.592000,29.642800,29.705200,29.779500,29.866000,29.965000,30.076800,30.201700,30.340100,30.492400,30.659100,30.840700,31.037800,31.250900,31.481000,31.728900,31.995600
29.506300,29.511900,29.528600,29.556600,29.595900,29.646700,29.709100,29.783500,29.870100,29.969100,30.081000,30.206000,30.344500,30.496900,30.663700,30.845400,31.042600,31.256000,31.486300,31.734400,32.001400
29.510000,29.515600,29.532400,29.560400,29.599700,29.650500,29.713100,29.787500,29.874200,29.973300,30.085200,30.210300,30.348900,30.501400,30.668300,30.850200,31.047500,31.261100,31.491500,31.739900,32.007100
29.513800,29.519400,29.536200,29.564200,29.603600,29.654400,29.717000,29.791500,29.878200,29.977400,30.089400,30.214600,30.353300,30.505900,30.673000,30.854900,31.052400,31.266100,31.496800,31.745400,32.012800
29.517600,29.523200,29.540000,29.568000,29.607400,29.658300,29.721000,29.795500,29.882300,29.981600,30.093600,30.218900,30.357700,30.510400,30.677600,30.859700,31.057300,31.271200,31.502100,31.750800,32.018600
29.521400,29.527000,29.543800,29.571800,29.611300,29.662200,29.724900,29.799500,29.886400,29.985700,30.097900,30.223200,30.362100,30.514900,30.682200,30.864500,31.062300,31.276300,31.507300,31.756300,32.024300
29.525100,29.530700,29.547500,29.575600,29.615100,29.666100,29.728900,29.803600,29.890500,29.989900,30.102100,30.227500,30.366500,30.519400,30.686900,30.869200,31.067200,31.281400,31.512600,31.761800,32.030000
29.528900,29.534500,29.551400,29.579500,29.619000,29.670000,29.732800,29.807600,29.894500,29.994000,30.106300,30.231800,30.370900,30.524000,30.691500,30.874000,31.072100,31.286500,31.517900,31.767400,32.035800
29.532700,29.538300,29.555200,29.583300,29.622800,29.673900,29.736800,29.811600,29.898600,29.998200,30.110600,30.236200,30.375300,30.528500,30.696100,30.878800,31.077000,31.291600,31.523200,31.772900,32.041600
29.536500,29.542100,29.559000,29.587100,29.626700,29.677800,29.740700,29.815600,29.902700,30.002300,30.114800,30.240500,30.379700,30.533000,30.700800,30.883600,31.082000,31.296700,31.528500,31.778400,32.047300
29.540300,29.545900,29.562800,29.591000,29.630600,29.681800,29.744700,29.819600,29.906800,30.006500,30.119100,30.244800,30.384200,30.537600,30.705400,30.888300,31.086900,31.301800,31.533800,31.783900,32.053100
29.544100,29.549700,29.566600,29.594800,29.634400,29.685700,29.748700,29.823600,29.910900,30.010700,30.123300,30.249100,30.388600,30.542100,30.710100,30.893100,31.091800,31.306900,31.539100,31.789400,32.058900
29.547900,29.553500,29.570400,29.598600,29.638300,29.689600,29.752600,29.827700,29.915000,30.014800,30.127500,30.253500,30.393000,30.546600,30.714700,30.897900,31.096800,31.312000,31.544500,31.795000,32.064700
29.551700,29.557300,29.574200,29.602500,29.642200,29.693500,29.756600,29.831700,29.919100,30.019000,30.131800,30.257800,30.397500,30.551200,30.719400,30.902700,31.101700,31.317200,31.549800,31.800500,32.070300
29.555500,29.561100,29.578100,29.606300,29.646100,29.697400,29.760600,29.835700,29.923200,30.023200,30.136000,30.262200,30.401900,30.555700,30.724100,30.907500,31.106700,31.322300,31.555100,31.806000,32.075900
29.559300,29.564900,29.581900,29.610200,29.650000,29.701400,29.764500,29.839800,29.927300,30.027300,30.140300,30.266500,30.406300,30.560300,30.728800,30.912300,31.111700,31.327400,31.560400,31.811500,32.081400
29.563100,29.568800,29.585700,29.614000,29.653800,29.705300,29.768500,29.843800,29.931400,30.031500,30.144600,30.270800,30.410800,30.564800,30.733400,30.917200,31.116600,31.332600,31.565800,31.817000,32.086900
29.566900,29.572600,29.589500,29.617900,29.657700,29.709200,29.772500,29.847800,29.935500,30.035700,30.148800,30.275200,30.415200,30.569400,30.738100,30.922000,31.121600,31.337700,31.571100,31.822500,32.092400
29.570700,29.576400,29.593400,29.621800,29.661600,29.713100,29.776500,29.851900,29.939600,30.039900,30.153100,30.279600,30.419700,30.573900,30.742800,30.926800,31.126600,31.342900,31.576400,31.827900,32.097800
29.574600,29.580200,29.597200,29.625600,29.665500,29.717100,29.780500,29.855900,29.943700,30.044100,30.157300,30.283900,30.424100,30.578500,30.747500,30.931600,31.131600,31.348000,31.581700,31.833300,32.103200
29.578400,29.584100,29.601100,29.629500,29.669400,29.721000,29.784500,29.860000,29.947800,30.048200,30.161600,30.288300,30.428600,30.583100,30.752200,30.936500,31.136600,31.353200,31.587000,31.838700,32.108600
29.582200,29.587900,29.604900,29.633400,29.673300,29.725000,29.788500,29.864000,29.951900,30.052400,30.165900,30.292600,30.433100,30.587700,30.756900,30.941300,31.141500,31.358300,31.592300,31.844100,32.114000
29.586000,29.591700,29.608800,29.637200,29.677200,29.728900,29.792500,29.868100,29.956000,30.056600,30.170200,30.297000,30.437500,30.592200,30.761600,30.946100,31.146500,31.363400,31.597600,31.849500,32.119400
29.589900,29.595600,29.612600,29.641100,29.681100,29.732900,29.796500,29.872100,29.960200,30.060800,30.174400,30.301400,30.442000,30.596800,30.766300,30.951000,31.151500,31.368600,31.602800,31.854800,32.124700
29.593700,29.599400,29.616500,29.645000,29.685100,29.736800,29.800500,29.876200,29.964300,30.065000,30.178700,30.305700,30.446500,30.601400,30.771000,30.955800,31.156500,31.373700,31.608100,31.860200,32.130000
29.597600,29.603200,29.620300,29.648900,29.689000,29.740800,29.804500,29.880300,29.968400,30.069200,30.183000,30.310100,30.450900,30.606000,30.775700,30.960700,31.161500,31.378900,31.613400,31.865500,32.135300
29.601400,29.607100,29.624200,29.652800,29.692900,29.744700,29.808500,29.884300,29.972600,30.073400,30.187300,30.314500,30.455400,30.610600,30.780400,30.965500,31.166500,31.384000,31.618600,31.870800,32.140600
29.605200,29.610900,29.628100,29.656600,29.696800,29.748700,29.812500,29.888400,29.976700,30.077600,30.191600,30.318900,30.459900,30.615200,30.785100,30.970400,31.171500,31.389100,31.623900,31.876100,32.145900
29.609100,29.614800,29.631900,29.660500,29.700700,29.752700,29.816500,29.892500,29.980800,30.081800,30.195900,30.323200,30.464400,30.619800,30.789900,30.975200,31.176500,31.394300,31.629100,31.881400,32.151100
29.612900,29.618700,29.635800,29.664400,29.704700,29.756600,29.820500,29.896500,29.985000,30.086100,30.200200,30.327600,30.468900,30.624400,30.794600,30.980100,31.181500,31.399400,31.634300,31.886600,32.156400
29.616800,29.622500,29.639700,29.668300,29.708600,29.760600,29.824500,29.900600,29.989100,30.090300,30.204500,30.332000,30.473400,30.629000,30.799300,30.985000,31.186500,31.404500,31.639500,31.891900,32.161600
29.620700,29.626400,29.643500,29.672200,29.712500,29.764600,29.828600,29.904700,29.993300,30.094500,30.208800,30.336400,30.477900,30.633600,30.804000,30.989800,31.191500,31.409600,31.644800,31.897100,32.166900
29.624500,29.630200,29.647400,29.676100,29.716500,29.768500,29.832600,29.908800,29.997400,30.098700,30.213100,30.340800,30.482400,30.638200,30.808800,30.994700,31.196500,31.414800,31.650000,31.902400,32.172100
29.628400,29.634100,29.651300,29.680000,29.720400,29.772500,29.836600,29.912900,30.001500,30.102900,30.217400,30.345200,30.486900,30.642800,30.813500,30.999600,31.201500,31.419900,31.655100,31.907600,32.177300
29.632300,29.638000,29.655200,29.683900,29.724300,29.776500,29.840600,29.917000,30.005700,30.107200,30.221700,30.349600,30.491400,30.647400,30.818300,31.004400,31.206500,31.425000,31.660300,31.912800,32.182500
29.636100,29.641900,29.659100,29.687900,29.728300,29.780500,29.844700,29.921000,30.009900,30.111400,30.226000,30.354000,30.495900,30.652000,30.823000,31.009300,31.211500,31.430100,31.665500,31.918000,32.187600
29.640000,29.645700,29.663000,29.691800,29.732200,29.784500,29.848700,29.925100,30.014000,30.115600,30.230300,30.358400,30.500400,30.656700,30.827700,31.014200,31.216500,31.435200,31.670700,31.923200,32.192800
29.643900,29.649600,29.666900,29.695700,29.736200,29.788500,29.852800,29.929200,30.018200,30.119900,30.234600,30.362800,30.504900,30.661300,30.832500,31.019000,31.221500,31.440300,31.675800,31.928400,32.198000
29.647800,29.653500,29.670800,29.699600,29.740100,29.792500,29.856800,29.933300,30.022300,30.124100,30.239000,30.367300,30.509400,30.665900,30.837200,31.023900,31.226400,31.445300,31.681000,31.933600,32.203100
29.651600,29.657400,29.674700,29.703500,29.744100,29.796500,29.860800,29.937400,30.026500,30.128400,30.243300,30.371700,30.514000,30.670600,30.842000,31.028800,31.231400,31.450400,31.686100,31.938800,32.208300
29.655500,29.661300,29.678600,29.707500,29.748000,29.800500,29.864900,29.941500,30.030700,30.132600,30.247600,30.376100,30.518500,30.675200,30.846700,31.033600,31.236400,31.455500,31.691300,31.943900,32.213400
29.659400,29.665200,29.682500,29.711400,29.752000,29.804500,29.868900,29.945700,30.034900,30.136800,30.251900,30.380500,30.523000,30.679800,30.851500,31.038500,31.241400,31.460600,31.696400,31.949100,32.218500
29.663300,29.669100,29.686400,29.715300,29.756000,29.808500,29.873000,29.949800,30.039000,30.141100,30.256300,30.385000,30.527500,30.684500,30.856300,31.043400,31.246400,31.465700,31.701600,31.954200,32.223700
29.667200,29.673000,29.690300,29.719300,29.759900,29.812500,29.877100,29.953900,30.043200,30.145400,30.260600,30.389400,30.532100,30.689100,30.861000,31.048300,31.251400,31.470700,31.706700,31.959400,32.228800
29.671100,29.676900,29.694200,29.723200,29.763900,29.816500,29.881100,29.958000,30.047400,30.149600,30.265000,30.393800,30.536600,30.693800,30.865800,31.053100,31.256300,31.475800,31.711800,31.964500,32.233900
29.675000,29.680800,29.698200,29.727200,29.767900,29.820500,29.885200,29.962100,30.051600,30.153900,30.269300,30.398300,30.541100,30.698400,30.870500,31.058000,31.261300,31.480800,31.716900,31.969600,32.239000
29.678900,29.684700,29.702100,29.731100,29.771900,29.824500,29.889200,29.966200,30.055800,30.158100,30.273700,30.402700,30.545700,30.703100,30.875300,31.062900,31.266300,31.485900,31.722000,31.974800,32.244100
29.682800,29.688600,29.706000,29.735000,29.775800,29.828500,29.893300,29.970400,30.060000,30.162400,30.278000,30.407100,30.550200,30.707700,30.880100,31.067700,31.271200,31.490900,31.727100,31.979900,32.249200
29.686700,29.692500,29.709900,29.739000,29.779800,29.832600,29.897400,29.974500,30.064200,30.166700,30.282400,30.411600,30.554800,30.712400,30.884800,31.072600,31.276200,31.496000,31.732200,31.985000,32.254200
29.690700,29.696500,29.713900,29.743000,29.783800,29.836600,29.901500,29.978600,30.068400,30.170900,30.286700,30.416000,30.559300,30.717000,30.889600,31.077500,31.281200,31.501000,31.737300,31.990100,32.259300
29.694600,29.700400,29.717800,29.746900,29.787800,29.840600,29.905500,29.982800,30.072600,30.175200,30.291100,30.420500,30.563900,30.721700,30.894300,31.082400,31.286100,31.506100,31.742400,31.995200,32.264400
29.698500,29.704300,29.721700,29.750900,29.791800,29.844700,29.909600,29.986900,30.076800,30.179500,30.295400,30.424900,30.568400,30.726300,30.899100,31.087200,31.291100,31.511100,31.747400,32.000300,32.269400
29.702400,29.708200,29.725700,29.754800,29.795800,29.848700,29.913700,29.991000,30.081000,30.183800,30.299800,30.429400,30.573000,30.731000,30.903900,31.092100,31.296100,31.516100,31.752500,32.005300,32.274500
29.706300,29.712200,29.729600,29.758800,29.799800,29.852700,29.917800,29.995200,30.085200,30.188100,30.304200,30.433900,30.577500,30.735700,30.908600,31.097000,31.301000,31.521100,31.757600,32.010400,32.279500
29.710300,29.716100,29.733600,29.762800,29.803800,29.856800,29.921900,29.999300,30.089400,30.192400,30.308500,30.438300,30.582100,30.740300,30.913400,31.101800,31.306000,31.526200,31.762600,32.015500,32.284500
29.714200,29.720000,29.737500,29.766800,29.807800,29.860800,29.926000,30.003500,30.093600,30.196600,30.312900,30.442800,30.586700,30.745000,30.918200,31.106700,31.310900,31.531200,31.767700,32.020500,32.289600
29.718100,29.724000,29.741500,29.770700,29.811800,29.864900,29.930100,30.007600,30.097800,30.200900,30.317300,30.447300,30.591200,30.749600,30.922900,31.111500,31.315900,31.536200,31.772700,32.025600,32.294600
29.722100,29.727900,29.745400,29.774700,29.815800,29.868900,29.934200,30.011800,30.102100,30.205200,30.321700,30.451700,30.595800,30.754300,30.927700,31.116400,31.320800,31.541200,31.777800,32.030600,32.299600
29.726000,29.731900,29.749400,29.778700,29.819800,29.873000,29.938300,30.016000,30.106300,30.209500,30.326100,30.456200,30.600400,30.759000,30.932500,31.121300,31.325700,31.546200,31.782800,32.035700,32.304600
29.730000,29.735800,29.753400,29.782700,29.823800,29.877000,29.942400,30.020100,30.110500,30.213800,30.330400,30.460700,30.604900,30.763700,30.937200,31.126100,31.330700,31.551200,31.787900,32.040700,32.309600
29.733900,29.739800,29.757300,29.786700,29.827900,29.881100,29.946500,30.024300,30.114700,30.218100,30.334800,30.465100,30.609500,30.768300,30.942000,31.131000,31.335600,31.556200,31.792900,32.045700,32.314600
29.737900,29.743700,29.761300,29.790700,29.831900,29.885100,29.950600,30.028400,30.119000,30.222500,30.339200,30.469600,30.614100,30.773000,30.946800,31.135800,31.340600,31.561200,31.797900,32.050800,32.319600
29.741800,29.747700,29.765300,29.794600,29.835900,29.889200,29.954700,30.032600,30.123200,30.226800,30.343600,30.474100,30.618700,30.777700,30.951500,31.140700,31.345500,31.566200,31.802900,32.055800,32.324600
29.745800,29.751600,29.769200,29.798600,29.839900,29.893300,29.958800,30.036800,30.127400,30.231100,30.348000,30.478600,30.623200,30.782300,30.956300,31.145600,31.350400,31.571100,31.807900,32.060800,32.329600
29.749700,29.755600,29.773200,29.802600,29.844000,29.897300,29.962900,30.041000,30.131700,30.235400,30.352400,30.483100,30.627800,30.787000,30.961100,31.150400,31.355300,31.576100,31.812900,32.065800,32.334600
29.753700,29.759600,29.777200,29.806600,29.848000,29.901400,29.967100,30.045100,30.135900,30.239700,30.356800,30.487600,30.632400,30.791700,30.965900,31.155300,31.360300,31.581100,31.817900,32.070800,32.339600
29.757700,29.763500,29.781200,29.810700,29.852000,29.905500,29.971200,30.049300,30.140200,30.244000,30.361200,30.492100,30.637000,30.796400,30.970600,31.160100,31.365200,31.586100,31.823000,32.075800,32.344600
29.761600,29.767500,29.785200,29.814700,29.856100,29.909600,29.975300,30.053500,30.144400,30.248400,30.365600,30.496600,30.641600,30.801000,30.975400,31.165000,31.370100,31.591000,31.827900,32.080800,32.349500
29.765600,29.771500,29.789200,29.818700,29.860100,29.913700,29.979400,30.057700,30.148700,30.252700,30.370000,30.501000,30.646100,30.805700,30.980200,31.169800,31.375000,31.596000,31.832900,32.085800,32.354500
29.769600,29.775500,29.793200,29.822700,29.864200,29.917700,29.983600,30.061900,30.152900,30.257000,30.374400,30.505500,30.650700,30.810400,30.984900,31.174700,31.379900,31.601000,31.837900,32.090800,32.359500
29.773600,29.779500,29.797200,29.826700,29.868200,29.921800,29.987700,30.066100,30.157200,30.261300,30.378800,30.510000,30.655300,30.815100,30.989700,31.179500,31.384800,31.605900,31.842900,32.095800,32.364400
29.777500,29.783400,29.801100,29.830700,29.872300,29.925900,29.991900,30.070300,30.161500,30.265700,30.383300,30.514500,30.659900,30.819800,30.994500,31.184300,31.389800,31.610900,31.847900,32.100800,32.369400
29.781500,29.787400,29.805200,29.834800,29.876300,29.930000,29.996000,30.074500,30.165700,30.270000,30.387700,30.519000,30.664500,30.824400,30.999200,31.189200,31.394700,31.615800,31.852900,32.105700,32.374300
29.785500,29.791400,29.809200,29.838800,29.880400,29.934100,30.000100,30.078700,30.170000,30.274400,30.392100,30.523500,30.669100,30.829100,31.004000,31.194000,31.399600,31.620800,31.857800,32.110700,32.379500
29.789500,29.795400,29.813200,29.842800,29.884400,29.938200,30.004300,30.082900,30.174300,30.278700,30.396500,30.528100,30.673700,30.833800,31.008700,31.198900,31.404500,31.625700,31.862800,32.115700,32.384700
29.793500,29.799400,29.817200,29.846800,29.888500,29.942300,30.008400,30.087100,30.178500,30.283000,30.400900,30.532600,30.678300,30.838500,31.013500,31.203700,31.409400,31.630700,31.867800,32.120800,32.390000
29.797500,29.803400,29.821200,29.850900,29.892600,29.946400,30.012600,30.091300,30.182800,30.287400,30.405400,30.537100,30.682900,30.843200,31.018300,31.208500,31.414300,31.635600,31.872800,32.125900,32.395400
29.801500,29.807400,29.825200,29.854900,29.896600,29.950500,30.016800,30.095500,30.187100,30.291700,30.409800,30.541600,30.687500,30.847800,31.023000,31.213400,31.419200,31.640600,31.877800,32.131000,32.400900
29.805500,29.811400,29.829200,29.859000,29.900700,29.954600,30.020900,30.099700,30.191400,30.296100,30.414200,30.546100,30.692100,30.852500,31.027800,31.218200,31.424000,31.645500,31.882800,32.136100,32.406300
29.809500,29.815400,29.833200,29.863000,29.904800,29.958800,30.025100,30.104000,30.195700,30.300500,30.418700,30.550600,30.696700,30.857200,31.032600,31.223000,31.428900,31.650500,31.887800,32.141300,32.411900
29.813500,29.819400,29.837300,29.867000,29.908900,29.962900,30.029200,30.108200,30.199900,30.304800,30.423100,30.555100,30.701300,30.861900,31.037300,31.227900,31.433800,31.655400,31.892800,32.146500,32.417400
29.817500,29.823500,29.841300,29.871100,29.913000,29.967000,30.033400,30.112400,30.204200,30.309200,30.427500,30.559600,30.705900,30.866600,31.042100,31.232700,31.438700,31.660400,31.897900,32.151800,32.423000
29.821500,29.827500,29.845300,29.875200,29.917000,29.971100,30.037600,30.116600,30.208500,30.313500,30.432000,30.564200,30.710500,30.871300,31.046800,31.237500,31.443600,31.665300,31.903000,32.157100,32.428600
29.825500,29.831500,29.849400,29.879200,29.921100,29.975200,30.041800,30.120900,30.212800,30.317900,30.436400,30.568700,30.715100,30.875900,31.051600,31.242400,31.448500,31.670300,31.908100,32.162400,32.434300
29.829600,29.835500,29.853400,29.883300,29.925200,29.979400,30.045900,30.125100,30.217100,30.322300,30.440900,30.573200,30.719700,30.880600,31.056400,31.247200,31.453400,31.675300,31.913200,32.167700,32.440000
29.833600,29.839600,29.857400,29.887300,29.929300,29.983500,30.050100,30.129300,30.221400,30.326600,30.445300,30.577700,30.724300,30.885300,31.061100,31.252000,31.458300,31.680300,31.918300,32.173000,32.445700
29.837600,29.843600,29.861500,29.891400,29.933400,29.987600,30.054300,30.133600,30.225700,30.331000,30.449700,30.582300,30.728900,30.890000,31.065900,31.256900,31.463200,31.685300,31.923400,32.178400,32.451400
29.841600,29.847600,29.865500,29.895500,29.937500,29.991800,30.058500,30.137800,30.230000,30.335400,30.454200,30.586800,30.733500,30.894700,31.070700,31.261700,31.468100,31.690300,31.928600,32.183800,32.457200
29.845700,29.851700,29.869600,29.899500,29.941600,29.995900,30.062700,30.142100,30.234300,30.339800,30.458600,30.591300,30.738100,30.899400,31.075400,31.266500,31.473100,31.695300,31.933800,32.189200,32.463000
29.849700,29.855700,29.873600,29.903600,29.945700,30.000100,30.066900,30.146300,30.238600,30.344100,30.463100,30.595800,30.742700,30.904100,31.080200,31.271400,31.478000,31.700400,31.939000,32.194700,32.468800
29.853700,29.859700,29.877700,29.907700,29.949800,30.004200,30.071100,30.150600,30.242900,30.348500,30.467600,30.600400,30.747300,30.908700,31.084900,31.276200,31.482900,31.705400,31.944200,32.200200,32.474600
29.857800,29.863800,29.881700,29.911800,29.953900,30.008400,30.075300,30.154800,30.247300,30.352900,30.472000,30.604900,30.751900,30.913400,31.089700,31.281100,31.487800,31.710400,31.949400,32.205600,32.480400
29.861800,29.867800,29.885800,29.915800,29.958000,30.012500,30.079500,30.159100,30.251600,30.357300,30.476500,30.609400,30.756600,30.918100,31.094500,31.285900,31.492800,31.715500,31.954700,32.211100,32.486300
29.865900,29.871900,29.889900,29.919900,29.962200,30.016700,30.083700,30.163300,30.255900,30.361700,30.480900,30.614000,30.761200,30.922800,31.099200,31.290800,31.497700,31.720600,31.959900,32.216700,32.492200
29.869900,29.875900,29.893900,29.924000,29.966300,30.020800,30.087900,30.167600,30.260200,30.366100,30.485400,30.618500,30.765800,30.927500,31.104000,31.295600,31.502700,31.725700,31.965200,32.222200,32.498100
29.874000,29.880000,29.898000,29.928100,29.970400,30.025000,30.092100,30.171800,30.264500,30.370400,30.489900,30.623100,30.770400,30.932200,31.108800,31.300500,31.507600,31.730800,31.970500,32.227800,32.504100
29.878000,29.884000,29.902100,29.932200,29.974500,30.029200,30.096300,30.176100,30.268900,30.374800,30.494300,30.627600,30.775000,30.936900,31.113600,31.305300,31.512600,31.735900,31.975800,32.233400,32.510000
29.882100,29.888100,29.906200,29.936300,29.978700,30.033300,30.100500,30.180400,30.273200,30.379200,30.498800,30.632100,30.779600,30.941600,31.118300,31.310200,31.517600,31.741000,31.981100,32.239000,32.516000
29.886200,29.892200,29.910200,29.940400,29.982800,30.037500,30.104700,30.184600,30.277500,30.383600,30.503300,30.636700,30.784300,30.946300,31.123100,31.315100,31.522600,31.746100,31.986500,32.244600,32.522000
29.890200,29.896200,29.914300,29.944500,29.986900,30.041700,30.108900,30.188900,30.281900,30.388000,30.507700,30.641200,30.788900,30.951000,31.127900,31.319900,31.527600,31.751300,31.991800,32.250200,32.528000
29.894300,29.900300,29.918400,29.948600,29.991100,30.045800,30.113200,30.193200,30.286200,30.392400,30.512200,30.645800,30.793500,30.955700,31.132700,31.324800,31.532600,31.756400,31.997200,32.255900,32.534000
29.898400,29.904400,29.922500,29.952700,29.995200,30.050000,30.117400,30.197500,30.290500,30.396800,30.516700,30.650300,30.798100,30.960400,31.137500,31.329700,31.537600,31.761600,32.002600,32.261500,32.540000
29.902400,29.908500,29.926600,29.956800,29.999300,30.054200,30.121600,30.201800,30.294900,30.401200,30.521100,30.654900,30.802700,30.965100,31.142300,31.334600,31.542600,31.766800,32.007900,32.267200,32.546100
29.906500,29.912500,29.930700,29.961000,30.003500,30.058400,30.125800,30.206000,30.299200,30.405700,30.525600,30.659400,30.807400,30.969800,31.147000,31.339500,31.547600,31.771900,32.013400,32.272900,32.552100
29.910600,29.916600,29.934800,29.965100,30.007600,30.062600,30.130100,30.210300,30.303600,30.410100,30.530100,30.664000,30.812000,30.974500,31.151800,31.344400,31.552600,31.777100,32.018800,32.278600,32.558200
29.914700,29.920700,29.938900,29.969200,30.011800,30.066800,30.134300,30.214600,30.307900,30.414500,30.534600,30.668500,30.816600,30.979200,31.156600,31.349300,31.557700,31.782400,32.024200,32.284400,32.564300
29.918800,29.924800,29.943000,29.973300,30.015900,30.070900,30.138500,30.218900,30.312300,30.418900,30.539100,30.673100,30.821300,30.983900,31.161500,31.354200,31.562700,31.787600,32.029700,32.290100,32.570400
29.922800,29.928900,29.947100,29.977400,30.020100,30.075100,30.142800,30.223200,30.316600,30.423300,30.543500,30.677600,30.825900,30.988700,31.166300,31.359100,31.567800,31.792800,32.035100,32.295900,32.576500
29.926900,29.933000,29.951200,29.981600,30.024200,30.079300,30.147000,30.227500,30.321000,30.427700,30.548000,30.682200,30.830500,30.993400,31.171100,31.364100,31.572800,31.798100,32.040600,32.301700,32.582700
29.931000,29.937100,29.955300,29.985700,30.028400,30.083500,30.151300,30.231800,30.325300,30.432100,30.552500,30.686800,30.835200,30.998100,31.175900,31.369000,31.577900,31.803300,32.046100,32.307400,32.588800
29.935100,29.941200,29.959400,29.989800,30.032600,30.087700,30.155500,30.236100,30.329700,30.436600,30.557000,30.691300,30.839800,31.002800,31.180700,31.373900,31.583000,31.808600,32.051600,32.313300,32.595000
29.939200,29.945300,29.963500,29.994000,30.036700,30.091900,30.159800,30.240400,30.334000,30.441000,30.561500,30.695900,30.844500,31.007600,31.185500,31.378900,31.588100,31.813900,32.057100,32.319100,32.601200
29.943300,29.949400,29.967600,29.998100,30.040900,30.096200,30.164000,30.244700,30.338400,30.445400,30.566000,30.700500,30.849100,31.012300,31.190400,31.383800,31.593200,31.819100,32.062700,32.324900,32.607400
29.947400,29.953500,29.971800,30.002300,30.045100,30.100400,30.168300,30.249000,30.342800,30.449800,30.570500,30.705000,30.853800,31.017000,31.195200,31.388800,31.598300,31.824400,32.068200,32.330700,32.613600
29.951500,29.957600,29.975900,30.006400,30.049300,30.104600,30.172500,30.253300,30.347100,30.454300,30.575000,30.709600,30.858400,31.021800,31.200000,31.393700,31.603400,31.829700,32.073700,32.336600,32.619800
29.955600,29.961700,29.980000,30.010600,30.053400,30.108800,30.176800,30.257600,30.351500,30.458700,30.579500,30.714200,30.863100,31.026500,31.204900,31.398700,31.608500,31.835100,32.079300,32.342500,32.626100
29.959800,29.965900,29.984200,30.014700,30.057600,30.113000,30.181000,30.261900,30.355900,30.463100,30.584000,30.718800,30.867700,31.031200,31.209700,31.403700,31.613700,31.840400,32.084900,32.348400,32.632300
29.963900,29.970000,29.988300,30.018900,30.061800,30.117200,30.185300,30.266200,30.360200,30.467600,30.588500,30.723300,30.872400,31.036000,31.214600,31.408700,31.618800,31.845700,32.090500,32.354300,32.638600
29.968000,29.974100,29.992400,30.023000,30.066000,30.121500,30.189600,30.270600,30.364600,30.472000,30.593000,30.727900,30.877000,31.040800,31.219500,31.413700,31.623900,31.851100,32.096100,32.360200,32.644800
29.972100,29.978200,29.996600,30.027200,30.070200,30.125700,30.193800,30.274900,30.369000,30.476500,30.597500,30.732500,30.881700,31.045500,31.224300,31.418700,31.629100,31.856500,32.101700,32.366100,32.651100
29.976200,29.982400,30.000700,30.031300,30.074400,30.129900,30.198100,30.279200,30.373400,30.480900,30.602000,30.737100,30.886400,31.050300,31.229200,31.423700,31.634300,31.861800,32.107300,32.372000,32.657400
29.980400,29.986500,30.004800,30.035500,30.078600,30.134100,30.202400,30.283500,30.377800,30.485300,30.606500,30.741700,30.891000,31.055000,31.234100,31.428700,31.639500,31.867200,32.113000,32.378000,32.663700
29.984500,29.990600,30.009000,30.039700,30.082800,30.138400,30.206700,30.287900,30.382100,30.489800,30.611100,30.746300,30.895700,31.059800,31.239000,31.433700,31.644600,31.872600,32.118600,32.383900,32.670000
29.988600,29.994800,30.013100,30.043800,30.087000,30.142600,30.211000,30.292200,30.386500,30.494200,30.615600,30.750900,30.900400,31.064600,31.243800,31.438700,31.649800,31.878000,32.124300,32.389900,32.676400
29.992800,29.998900,30.017300,30.048000,30.091200,30.146800,30.215200,30.296500,30.390900,30.498700,30.620100,30.755500,30.905100,31.069400,31.248700,31.443700,31.655000,31.883400,32.130000,32.395900,32.682700
29.996900,30.003000,30.021500,30.052200,30.095400,30.151100,30.219500,30.300900,30.395300,30.503100,30.624600,30.760100,30.909800,31.074100,31.253600,31.448800,31.660200,31.888900,32.135600,32.401900,32.689100
30.001100,30.007200,30.025600,30.056400,30.099600,30.155300,30.223800,30.305200,30.399700,30.507600,30.629100,30.764700,30.914500,31.078900,31.258500,31.453800,31.665500,31.894300,32.141300,32.407900,32.695400
30.005200,30.011300,30.029800,30.060600,30.103800,30.159600,30.228100,30.309500,30.404100,30.512100,30.633700,30.769300,30.919100,31.083700,31.263500,31.458900,31.670700,31.899700,32.147000,32.413900,32.701800
30.009300,30.015500,30.033900,30.064700,30.108000,30.163800,30.232400,30.313900,30.408500,30.516500,30.638200,30.773900,30.923800,31.088500,31.268400,31.463900,31.675900,31.905200,32.152800,32.419900,32.708200
30.013500,30.019700,30.038100,30.068900,30.112200,30.168100,30.236700,30.318200,30.412900,30.521000,30.642700,30.778500,30.928500,31.093300,31.273300,31.469000,31.681200,31.910700,32.158500,32.426000,32.714600
30.017700,30.023800,30.042300,30.073100,30.116400,30.172300,30.241000,30.322600,30.417300,30.525500,30.647300,30.783100,30.933200,31.098100,31.278200,31.474100,31.686400,31.916100,32.164200,32.432000,32.721000
30.021800,30.028000,30.046500,30.077300,30.120700,30.176600,30.245300,30.326900,30.421700,30.529900,30.651800,30.787700,30.937900,31.102900,31.283200,31.479200,31.691700,31.921600,32.170000,32.438100,32.727400
30.026000,30.032100,30.050600,30.081500,30.124900,30.180900,30.249600,30.331300,30.426100,30.534400,30.656400,30.792300,30.942700,31.107800,31.288100,31.484300,31.697000,31.927100,32.175700,32.444100,32.733800
30.030100,30.036300,30.054800,30.085700,30.129100,30.185100,30.253900,30.335600,30.430500,30.538900,30.660900,30.797000,30.947400,31.112600,31.293000,31.489400,31.702300,31.932600,32.181500,32.450200,32.740100
30.034300,30.040500,30.059000,30.089900,30.133300,30.189400,30.258200,30.340000,30.434900,30.543300,30.665400,30.801600,30.952100,31.117400,31.298000,31.494500,31.707600,31.938100,32.187300,32.456300,32.746300
30.038500,30.044600,30.063200,30.094100,30.137600,30.193600,30.262500,30.344300,30.439400,30.547800,30.670000,30.806200,30.956800,31.122200,31.303000,31.499600,31.712900,31.943700,32.193100,32.462300,32.752500
30.042600,30.048800,30.067400,30.098300,30.141800,30.197900,30.266800,30.348700,30.443800,30.552300,30.674500,30.810800,30.961500,31.127100,31.307900,31.504700,31.718200,31.949200,32.198800,32.468300,32.758600
30.046800,30.053000,30.071500,30.102500,30.146000,30.202200,30.271100,30.353100,30.448200,30.556800,30.679100,30.815500,30.966300,31.131900,31.312900,31.509800,31.723500,31.954700,32.204600,32.474300,32.764600
30.051000,30.057200,30.075700,30.106700,30.150300,30.206500,30.275400,30.357400,30.452600,30.561300,30.683700,30.820100,30.971000,31.136700,31.317900,31.515000,31.728800,31.960300,32.210400,32.480300,32.770700
30.055200,30.061300,30.079900,30.111000,30.154500,30.210700,30.279800,30.361800,30.457000,30.565800,30.688200,30.824800,30.975700,31.141600,31.322800,31.520100,31.734100,31.965800,32.216200,32.486200,32.776700
30.059300,30.065500,30.084100,30.115200,30.158800,30.215000,30.284100,30.366200,30.461500,30.570300,30.692800,30.829400,30.980500,31.146500,31.327800,31.525300,31.739500,31.971400,32.221900,32.492100,32.782700
30.063500,30.069700,30.088300,30.119400,30.163000,30.219300,30.288400,30.370500,30.465900,30.574700,30.697400,30.834100,30.985200,31.151300,31.332800,31.530400,31.744800,31.976900,32.227700,32.498000,32.788600
30.067700,30.073900,30.092500,30.123600,30.167300,30.223600,30.292700,30.374900,30.470300,30.579200,30.701900,30.838700,30.990000,31.156200,31.337800,31.535600,31.750200,31.982500,32.233400,32.503900,32.794600
30.071900,30.078100,30.096700,30.127800,30.171500,30.227900,30.297100,30.379300,30.474800,30.583700,30.706500,30.843400,30.994700,31.161100,31.342800,31.540700,31.755500,31.988000,32.239200,32.509800,32.800500
30.076100,30.082300,30.100900,30.132100,30.175800,30.232200,30.301400,30.383700,30.479200,30.588200,30.711100,30.848000,30.999500,31.165900,31.347900,31.545900,31.760900,31.993600,32.244900,32.515700,32.806400
30.080300,30.086500,30.105200,30.136300,30.180000,30.236500,30.305700,30.388100,30.483600,30.592800,30.715700,30.852700,31.004300,31.170800,31.352900,31.551100,31.766200,31.999100,32.250600,32.521600,32.812300
30.084500,30.090700,30.109400,30.140500,30.184300,30.240700,30.310100,30.392400,30.488100,30.597300,30.720200,30.857400,31.009000,31.175700,31.357900,31.556300,31.771600,32.004700,32.256400,32.527400,32.818200
30.088700,30.094900,30.113600,30.144800,30.188500,30.245000,30.314400,30.396800,30.492500,30.601800,30.724800,30.862000,31.013800,31.180600,31.362900,31.561500,31.777000,32.010200,32.262100,32.533200,32.824100
30.092900,30.099100,30.117800,30.149000,30.192800,30.249300,30.318800,30.401200,30.497000,30.606300,30.729400,30.866700,31.018600,31.185500,31.368000,31.566700,31.782300,32.015800,32.267800,32.539100,32.830000
30.097100,30.103300,30.122000,30.153200,30.197100,30.253600,30.323100,30.405600,30.501400,30.610800,30.734000,30.871400,31.023400,31.190400,31.373000,31.571900,31.787700,32.021300,32.273500,32.544900,32.835800
30.101300,30.107500,30.126200,30.157500,30.201300,30.257900,30.327400,30.410000,30.505900,30.615300,30.738600,30.876100,31.028200,31.195300,31.378000,31.577100,31.793100,32.026900,32.279200,32.550700,32.841600
30.105500,30.111700,30.130500,30.161700,30.205600,30.262300,30.331800,30.414400,30.510300,30.619800,30.743200,30.880800,31.032900,31.200200,31.383100,31.582300,31.798400,32.032400,32.284900,32.556400,32.847500
30.109700,30.116000,30.134700,30.166000,30.209900,30.266600,30.336100,30.418800,30.514800,30.624400,30.747800,30.885500,31.037700,31.205100,31.388200,31.587500,31.803800,32.037900,32.290500,32.562200,32.853300
30.113900,30.120200,30.138900,30.170200,30.214200,30.270900,30.340500,30.423200,30.519300,30.628900,30.752400,30.890200,31.042500,31.210000,31.393200,31.592700,31.809200,32.043500,32.296200,32.568000,32.859100
30.118200,30.124400,30.143200,30.174500,30.218500,30.275200,30.344900,30.427600,30.523700,30.633400,30.757000,30.894900,31.047400,31.215000,31.398300,31.597900,31.814600,32.049000,32.301900,32.573800,32.864900
30.122400,30.128600,30.147400,30.178700,30.222700,30.279500,30.349200,30.432000,30.528200,30.638000,30.761600,30.899600,31.052200,31.219900,31.403300,31.603100,31.820000,32.054500,32.307600,32.579500,32.870700
30.126600,30.132900,30.151600,30.183000,30.227000,30.283800,30.353600,30.436500,30.532700,30.642500,30.766300,30.904300,31.057000,31.224800,31.408400,31.608400,31.825300,32.060100,32.313200,32.585200,32.876400
30.130800,30.137100,30.155900,30.187300,30.231300,30.288200,30.357900,30.440900,30.537200,30.647100,30.770900,30.909000,31.061800,31.229800,31.413500,31.613600,31.830700,32.065600,32.318900,32.591000,32.882200
30.135100,30.141300,30.160100,30.191500,30.235600,30.292500,30.362300,30.445300,30.541600,30.651600,30.775500,30.913700,31.066600,31.234700,31.418600,31.618800,31.836100,32.071100,32.324500,32.596700,32.888000
30.139300,30.145600,30.164400,30.195800,30.239900,30.296800,30.366700,30.449700,30.546100,30.656100,30.780100,30.918400,31.071400,31.239700,31.423700,31.624000,31.841500,32.076700,32.330100,32.602400,32.893700
30.143500,30.149800,30.168600,30.200100,30.244200,30.301100,30.371100,30.454100,30.550600,30.660700,30.784800,30.923100,31.076300,31.244600,31.428700,31.629300,31.846900,32.082200,32.335800,32.608100,32.899500
30.147800,30.154000,30.172900,30.204300,30.248500,30.305500,30.375400,30.458600,30.555100,30.665300,30.789400,30.927900,31.081100,31.249600,31.433800,31.634500,31.852200,32.087700,32.341400,32.613800,32.905200
30.152000,30.158300,30.177100,30.208600,30.252800,30.309800,30.379800,30.463000,30.559600,30.669800,30.794000,30.932600,31.085900,31.254500,31.438900,31.639700,31.857600,32.093200,32.347000,32.619500,32.910900
30.156200,30.162500,30.181400,30.212900,30.257100,30.314100,30.384200,30.467400,30.564100,30.674400,30.798700,30.937300,31.090800,31.259500,31.444000,31.645000,31.863000,32.098700,32.352700,32.625200,32.916600
30.160500,30.166800,30.185600,30.217200,30.261400,30.318500,30.388600,30.471900,30.568600,30.678900,30.803300,30.942100,31.095600,31.264500,31.449100,31.650200,31.868400,32.104200,32.358300,32.630900,32.922400
30.164700,30.171000,30.189900,30.221400,30.265700,30.322800,30.393000,30.476300,30.573100,30.683500,30.808000,30.946800,31.100500,31.269400,31.454200,31.655500,31.873800,32.109700,32.363900,32.636600,32.928100
30.169000,30.175300,30.194200,30.225700,30.270000,30.327200,30.397400,30.480700,30.577600,30.688100,30.812600,30.951600,31.105300,31.274400,31.459300,31.660700,31.879100,32.115200,32.369500,32.642300,32.933800
30.173200,30.179500,30.198400,30.230000,30.274300,30.331500,30.401700,30.485200,30.582100,30.692700,30.817300,30.956300,31.110200,31.279400,31.464400,31.666000,31.884500,32.120700,32.375100,32.647900,32.939500
30.177500,30.183800,30.202700,30.234300,30.278700,30.335900,30.406100,30.489600,30.586600,30.697200,30.821900,30.961100,31.115100,31.284400,31.469600,31.671200,31.889900,32.126200,32.380700,32.653600,32.945200
30.181700,30.188100,30.207000,30.238600,30.283000,30.340200,30.410500,30.494100,30.591100,30.701800,30.826600,30.965800,31.119900,31.289400,31.474700,31.676400,31.895300,32.131700,32.386300,32.659200,32.950800
30.186000,30.192300,30.211300,30.242900,30.287300,30.344600,30.414900,30.498500,30.595600,30.706400,30.831300,30.970600,31.124800,31.294300,31.479800,31.681700,31.900700,32.137200,32.391800,32.664900,32.956500
30.190300,30.196600,30.215500,30.247200,30.291600,30.349000,30.419300,30.503000,30.600100,30.711000,30.835900,30.975400,31.129700,31.299300,31.484900,31.686900,31.906000,32.142700,32.397400,32.670500,32.962200
30.194500,30.200900,30.219800,30.251500,30.295900,30.353300,30.423700,30.507400,30.604600,30.715600,30.840600,30.980100,31.134500,31.304300,31.490000,31.692200,31.911400,32.148200,32.403000,32.676200,32.967900
30.198800,30.205100,30.224100,30.255800,30.300300,30.357700,30.428200,30.511900,30.609100,30.720200,30.845300,30.984900,31.139400,31.309300,31.495100,31.697400,31.916800,32.153700,32.408600,32.681800,32.973500
30.203100,30.209400,30.228400,30.260100,30.304600,30.362000,30.432600,30.516400,30.613700,30.724800,30.850000,30.989700,31.144300,31.314300,31.500300,31.702700,31.922100,32.159200,32.414100,32.687400,32.979200
30.207300,30.213700,30.232700,30.264400,30.308900,30.366400,30.437000,30.520800,30.618200,30.729400,30.854700,30.994500,31.149200,31.319300,31.505400,31.707900,31.927500,32.164600,32.419700,32.693100,32.984800
30.211600,30.218000,30.237000,30.268700,30.313300,30.370800,30.441400,30.525300,30.622700,30.734000,30.859400,30.999200,31.154100,31.324300,31.510500,31.713200,31.932900,32.170100,32.425300,32.698700,32.990500
30.215900,30.222200,30.241300,30.273000,30.317600,30.375200,30.445800,30.529800,30.627300,30.738600,30.864000,31.004000,31.159000,31.329300,31.515600,31.718400,31.938300,32.175600,32.430800,32.704300,32.996100
30.220200,30.226500,30.245600,30.277300,30.322000,30.379500,30.450200,30.534300,30.631800,30.743200,30.868700,31.008800,31.163900,31.334300,31.520800,31.723700,31.943600,32.181100,32.436400,32.709900,33.001800
30.224500,30.230800,30.249900,30.281700,30.326300,30.383900,30.454700,30.538700,30.636400,30.747800,30.873400,31.013600,31.168800,31.339400,31.525900,31.728900,31.949000,32.186500,32.441900,32.715500,33.007400
30.228800,30.235100,30.254200,30.286000,30.330700,30.388300,30.459100,30.543200,30.640900,30.752400,30.878100,31.018400,31.173700,31.344400,31.531000,31.734200,31.954400,32.192000,32.447500,32.721100,33.013000
30.233000,30.239400,30.258500,30.290300,30.335000,30.392700,30.463500,30.547700,30.645400,30.757000,30.882800,31.023200,31.178600,31.349400,31.536200,31.739500,31.959700,32.197500,32.453000,32.726700,33.018700
30.237300,30.243700,30.262800,30.294600,30.339400,30.397100,30.468000,30.552200,30.650000,30.761700,30.887600,31.028000,31.183500,31.354400,31.541300,31.744700,31.965100,32.202900,32.458600,32.732300,33.024300
30.241600,30.248000,30.267100,30.299000,30.343700,30.401500,30.472400,30.556700,30.654500,30.766300,30.892300,31.032800,31.188400,31.359400,31.546500,31.750000,31.970500,32.208400,32.464100,32.737900,33.029900
30.245900,30.252300,30.271400,30.303300,30.348100,30.405900,30.476800,30.561200,30.659100,30.770900,30.897000,31.037600,31.193300,31.364500,31.551600,31.755200,31.975800,32.213800,32.469600,32.743500,33.035500
30.250200,30.256600,30.275700,30.307600,30.352500,30.410300,30.481300,30.565700,30.663700,30.775600,30.901700,31.042400,31.198200,31.369500,31.556700,31.760500,31.981200,32.219300,32.475200,32.749100,33.041100
30.254500,30.260900,30.280000,30.312000,30.356800,30.414700,30.485700,30.570200,30.668200,30.780200,30.906400,31.047300,31.203100,31.374500,31.561900,31.765700,31.986500,32.224700,32.480700,32.754700,33.046800
30.258800,30.265200,30.284400,30.316300,30.361200,30.419100,30.490200,30.574700,30.672800,30.784800,30.911100,31.052100,31.208100,31.379500,31.567000,31.771000,31.991900,32.230200,32.486200,32.760200,33.052400
30.263100,30.269500,30.288700,30.320700,30.365600,30.423500,30.494600,30.579200,30.677400,30.789500,30.915900,31.056900,31.213000,31.384600,31.572200,31.776200,31.997300,32.235600,32.491700,32.765800,33.058000
30.267400,30.273800,30.293000,30.325000,30.369900,30.427900,30.499100,30.583700,30.681900,30.794100,30.920600,31.061700,31.217900,31.389600,31.577300,31.781500,32.002600,32.241100,32.497300,32.771400,33.063600
30.271800,30.278200,30.297300,30.329400,30.374300,30.432300,30.503500,30.588200,30.686500,30.798800,30.925300,31.066500,31.222800,31.394600,31.582500,31.786700,32.008000,32.246500,32.502800,32.776900,33.069200
30.276100,30.282500,30.301700,30.333700,30.378700,30.436700,30.508000,30.592700,30.691100,30.803400,30.930100,31.071400,31.227800,31.399700,31.587600,31.792000,32.013300,32.252000,32.508300,32.782500,33.074800
30.280400,30.286800,30.306000,30.338100,30.383100,30.441200,30.512500,30.597200,30.695700,30.808100,30.934800,31.076200,31.232700,31.404700,31.592700,31.797200,32.018700,32.257400,32.513800,32.788100,33.080300
30.284700,30.291100,30.310300,30.342400,30.387500,30.445600,30.516900,30.601800,30.700300,30.812800,30.939600,31.081000,31.237600,31.409800,31.597900,31.802500,32.024000,32.262800,32.519300,32.793600,33.086000
30.289000,30.295400,30.314700,30.346800,30.391800,30.450000,30.521400,30.606300,30.704900,30.817400,30.944300,31.085900,31.242600,31.414800,31.603000,31.807800,32.029400,32.268300,32.524800,32.799200,33.091600
30.293400,30.299800,30.319000,30.351100,30.396200,30.454400,30.525900,30.610800,30.709400,30.822100,30.949100,31.090700,31.247500,31.419800,31.608200,31.813000,32.034700,32.273700,32.530300,32.804800,33.097300
30.297700,30.304100,30.323400,30.355500,30.400600,30.458900,30.530400,30.615300,30.714000,30.826800,30.953800,31.095600,31.252500,31.424900,31.613300,31.818300,32.040100,32.279100,32.535800,32.810300,33.103000
30.302000,30.308400,30.327700,30.359900,30.405000,30.463300,30.534800,30.619900,30.718600,30.831400,30.958600,31.100400,31.257400,31.429900,31.618500,31.823500,32.045400,32.284600,32.541300,32.815900,33.108700
30.306400,30.312800,30.332100,30.364200,30.409400,30.467700,30.539300,30.624400,30.723200,30.836100,30.963300,31.105300,31.262300,31.435000,31.623700,31.828800,32.050800,32.290000,32.546800,32.821500,33.114400
30.310700,30.317100,30.336400,30.368600,30.413800,30.472200,30.543800,30.629000,30.727800,30.840800,30.968100,31.110100,31.267300,31.440000,31.628800,31.834000,32.056100,32.295400,32.552300,32.827100,33.120100
30.315000,30.321500,30.340800,30.373000,30.418200,30.476600,30.548300,30.633500,30.732500,30.845500,30.972800,31.115000,31.272200,31.445100,31.634000,31.839300,32.061500,32.300900,32.557900,32.832700,33.125900
30.319400,30.325800,30.345100,30.377400,30.422600,30.481000,30.552800,30.638000,30.737100,30.850100,30.977600,31.119800,31.277200,31.450200,31.639100,31.844500,32.066800,32.306300,32.563400,32.838300,33.131600
30.323700,30.330200,30.349500,30.381700,30.427000,30.485500,30.557300,30.642600,30.741700,30.854800,30.982400,31.124700,31.282200,31.455200,31.644300,31.849800,32.072200,32.311700,32.568900,32.844000,33.137300
30.328100,30.334500,30.353800,30.386100,30.431500,30.489900,30.561800,30.647100,30.746300,30.859500,30.987200,31.129500,31.287100,31.460300,31.649400,31.855000,32.077500,32.317200,32.574400,32.849600,33.143100
30.332400,30.338900,30.358200,30.390500,30.435900,30.494400,30.566300,30.651700,30.750900,30.864200,30.991900,31.134400,31.292100,31.465300,31.654600,31.860300,32.082800,32.322600,32.579900,32.855200,33.148800
30.336800,30.343200,30.362600,30.394900,30.440300,30.498900,30.570800,30.656300,30.755500,30.868900,30.996700,31.139300,31.297000,31.470400,31.659700,31.865500,32.088200,32.328000,32.585500,32.860800,33.154600
30.341100,30.347600,30.367000,30.399300,30.444700,30.503300,30.575300,30.660800,30.760200,30.873600,31.001500,31.144100,31.302000,31.475400,31.664900,31.870800,32.093500,32.333500,32.591000,32.866500,33.160300
30.345500,30.351900,30.371300,30.403700,30.449100,30.507800,30.579800,30.665400,30.764800,30.878300,31.006300,31.149000,31.307000,31.480500,31.670100,31.876100,32.098900,32.338900,32.596500,32.872100,33.166100
30.349900,30.356300,30.375700,30.408100,30.453600,30.512200,30.584300,30.669900,30.769400,30.883000,31.011100,31.153900,31.311900,31.485600,31.675200,31.881300,32.104200,32.344400,32.602100,32.877700,33.171900
30.354200,30.360700,30.380100,30.412500,30.458000,30.516700,30.588800,30.674500,30.774100,30.887700,31.015800,31.158800,31.316900,31.490600,31.680400,31.886600,32.109600,32.349800,32.607600,32.883400,33.177600
30.358600,30.365100,30.384500,30.416900,30.462400,30.521200,30.593300,30.679100,30.778700,30.892400,31.020600,31.163600,31.321900,31.495700,31.685500,31.891800,32.114900,32.355200,32.613100,32.889000,33.183400
30.363000,30.369400,30.388900,30.421300,30.466900,30.525700,30.597900,30.683700,30.783300,30.897100,31.025400,31.168500,31.326800,31.500800,31.690700,31.897100,32.120300,32.360700,32.618700,32.894700,33.189200
30.367300,30.373800,30.393200,30.425700,30.471300,30.530100,30.602400,30.688200,30.788000,30.901900,31.030200,31.173400,31.331800,31.505800,31.695900,31.902300,32.125600,32.366100,32.624200,32.900400,33.195000
30.371700,30.378200,30.397600,30.430100,30.475700,30.534600,30.606900,30.692800,30.792600,30.906600,31.035000,31.178300,31.336800,31.510900,31.701000,31.907600,32.131000,32.371600,32.629800,32.906000,33.200800
30.376100,30.382600,30.402000,30.434500,30.480200,30.539100,30.611400,30.697400,30.797300,30.911300,31.039800,31.183200,31.341800,31.516000,31.706200,31.912900,32.136300,32.377000,32.635300,32.911700,33.206600
30.380500,30.387000,30.406400,30.439000,30.484600,30.543600,30.616000,30.702000,30.801900,30.916000,31.044600,31.188100,31.346700,31.521000,31.711400,31.918100,32.141700,32.382500,32.640900,32.917400,33.212400
30.384800,30.391300,30.410800,30.443400,30.489100,30.548100,30.620500,30.706600,30.806600,30.920700,31.049400,31.193000,31.351700,31.526100,31.716500,31.923400,32.147100,32.387900,32.646500,32.923000,33.218200
30.389200,30.395700,30.415200,30.447800,30.493500,30.552600,30.625000,30.711200,30.811200,30.925500,31.054200,31.197900,31.356700,31.531200,31.721700,31.928700,32.152400,32.393400,32.652000,32.928700,33.224000
30.393600,30.400100,30.419600,30.452200,30.498000,30.557100,30.629600,30.715800,30.815900,30.930200,31.059000,31.202700,31.361700,31.536300,31.726900,31.933900,32.157800,32.398900,32.657600,32.934400,33.229800
30.398000,30.404500,30.424100,30.456700,30.502500,30.561500,30.634100,30.720400,30.820500,30.934900,31.063900,31.207600,31.366700,31.541400,31.732100,31.939200,32.163100,32.404300,32.663100,32.940100,33.235600
30.402400,30.408900,30.428500,30.461100,30.506900,30.566000,30.638700,30.725000,30.825200,30.939700,31.068700,31.212500,31.371700,31.546400,31.737200,31.944500,32.168500,32.409800,32.668700,32.945700,33.241400
30.406800,30.413300,30.432900,30.465500,30.511400,30.570600,30.643200,30.729600,30.829900,30.944400,31.073500,31.217400,31.376700,31.551500,31.742400,31.949700,32.173900,32.415200,32.674300,32.951400,33.247200
30.411200,30.417700,30.437300,30.470000,30.515800,30.575100,30.647800,30.734200,30.834600,30.949200,31.078300,31.222400,31.381700,31.556600,31.747600,31.955000,32.179200,32.420700,32.679900,32.957100,33.253000
30.415600,30.422100,30.441700,30.474400,30.520300,30.579600,30.652300,30.738800,30.839200,30.953900,31.083100,31.227300,31.386600,31.561700,31.752800,31.960300,32.184600,32.426200,32.685400,32.962800,33.258800
30.420000,30.426500,30.446100,30.478900,30.524800,30.584100,30.656900,30.743400,30.843900,30.958600,31.088000,31.232200,31.391600,31.566800,31.757900,31.965500,32.190000,32.431700,32.691000,32.968500,33.264600
30.424400,30.431000,30.450600,30.483300,30.529300,30.588600,30.661400,30.748000,30.848600,30.963400,31.092800,31.237100,31.396600,31.571900,31.763100,31.970800,32.195300,32.437100,32.696600,32.974200,33.270500
30.428800,30.435400,30.455000,30.487800,30.533700,30.593100,30.666000,30.752600,30.853300,30.968100,31.097600,31.242000,31.401600,31.576900,31.768300,31.976100,32.200700,32.442600,32.702200,32.979900,33.276300
30.433200,30.439800,30.459400,30.492200,30.538200,30.597600,30.670600,30.757300,30.857900,30.972900,31.102400,31.246900,31.406600,31.582000,31.773500,31.981400,32.206100,32.448100,32.707800,32.985600,33.282100
30.437700,30.444200,30.463900,30.496700,30.542700,30.602200,30.675100,30.761900,30.862600,30.977700,31.107300,31.251800,31.411600,31.587100,31.778700,31.986600,32.211500,32.453600,32.713400,32.991300,33.288000
30.442100,30.448600,30.468300,30.501100,30.547200,30.606700,30.679700,30.766500,30.867300,30.982400,31.112100,31.256700,31.416600,31.592200,31.783900,31.991900,32.216900,32.459000,32.718900,32.997000,33.293800
30.446500,30.453100,30.472700,30.505600,30.551700,30.611200,30.684300,30.771100,30.872000,30.987200,31.117000,31.261700,31.421700,31.597300,31.789000,31.997200,32.222200,32.464500,32.724500,33.002700,33.299600
30.450900,30.457500,30.477200,30.510000,30.556200,30.615700,30.688900,30.775800,30.876700,30.991900,31.121800,31.266600,31.426700,31.602400,31.794200,32.002500,32.227600,32.470000,32.730100,33.008500,33.305500
30.455400,30.461900,30.481600,30.514500,30.560700,30.620300,30.693400,30.780400,30.881400,30.996700,31.126600,31.271500,31.431700,31.607500,31.799400,32.007800,32.233000,32.475500,32.735700,33.014200,33.311300
30.459800,30.466400,30.486100,30.519000,30.565200,30.624800,30.698000,30.785000,30.886100,31.001500,31.131500,31.276400,31.436700,31.612600,31.804600,32.013100,32.238400,32.481000,32.741300,33.019900,33.317200
30.464200,30.470800,30.490500,30.523500,30.569700,30.629300,30.702600,30.789700,30.890800,31.006300,31.136300,31.281400,31.441700,31.617700,31.809800,32.018400,32.243800,32.486500,32.746900,33.025600,33.323000
30.468700,30.475200,30.495000,30.527900,30.574200,30.633900,30.707200,30.794300,30.895500,31.011000,31.141200,31.286300,31.446700,31.622800,31.815000,32.023700,32.249200,32.492000,32.752500,33.031300,33.328900
30.473100,30.479700,30.499400,30.532400,30.578700,30.638400,30.711800,30.799000,30.900200,31.015800,31.146000,31.291200,31.451700,31.627900,31.820200,32.028900,32.254600,32.497500,32.758200,33.037100,33.334700
30.477600,30.484100,30.503900,30.536900,30.583200,30.643000,30.716400,30.803600,30.904900,31.020600,31.150900,31.296200,31.456700,31.633000,31.825400,32.034200,32.260000,32.503000,32.763800,33.042800,33.340600
30.482000,30.488600,30.508400,30.541400,30.587700,30.647500,30.721000,30.808300,30.909600,31.025400,31.155700,31.301100,31.461800,31.638100,31.830600,32.039500,32.265400,32.508500,32.769400,33.048500,33.346400
30.486400,30.493000,30.512800,30.545900,30.592200,30.652100,30.725600,30.812900,30.914400,31.030100,31.160600,31.306000,31.466800,31.643300,31.835800,32.044800,32.270800,32.514000,32.775000,33.054300,33.352300
30.490900,30.497500,30.517300,30.550300,30.596800,30.656600,30.730200,30.817600,30.919100,31.034900,31.165500,31.311000,31.471800,31.648400,31.841000,32.050100,32.276200,32.519500,32.780600,33.060000,33.358100
30.495400,30.502000,30.521800,30.554800,30.601300,30.661200,30.734800,30.822200,30.923800,31.039700,31.170300,31.315900,31.476800,31.653500,31.846200,32.055400,32.281600,32.525000,32.786200,33.065700,33.364000
30.499800,30.506400,30.526200,30.559300,30.605800,30.665800,30.739400,30.826900,30.928500,31.044500,31.175200,31.320900,31.481900,31.658600,31.851400,32.060700,32.287000,32.530500,32.791900,33.071500,33.369900
30.504300,30.510900,30.530700,30.563800,30.610300,30.670300,30.744000,30.831600,30.933200,31.049300,31.180100,31.325800,31.486900,31.663700,31.856600,32.066100,32.292400,32.536000,32.797500,33.077200,33.375700
30.508700,30.515300,30.535200,30.568300,30.614900,30.674900,30.748600,30.836200,30.938000,31.054100,31.184900,31.330700,31.491900,31.668800,31.861900,32.071400,32.297800,32.541500,32.803100,33.083000,33.381600
30.513200,30.519800,30.539700,30.572800,30.619400,30.679500,30.753200,30.840900,30.942700,31.058900,31.189800,31.335700,31.497000,31.674000,31.867100,32.076700,32.303200,32.547100,32.808700,33.088700,33.387500
30.517700,30.524300,30.544200,30.577300,30.623900,30.684000,30.757900,30.845600,30.947400,31.063700,31.194700,31.340700,31.502000,31.679100,31.872300,32.082000,32.308600,32.552600,32.814400,33.094500,33.393400
30.522100,30.528800,30.548600,30.581900,30.628500,30.688600,30.762500,30.850300,30.952200,31.068500,31.199500,31.345600,31.507000,31.684200,31.877500,32.087300,32.314000,32.558100,32.820000,33.100200,33.399200
30.526600,30.533200,30.553100,30.586400,30.633000,30.693200,30.767100,30.854900,30.956900,31.073300,31.204400,31.350600,31.512100,31.689300,31.882700,32.092600,32.319400,32.563600,32.825600,33.106000,33.405100
30.531100,30.537700,30.557600,30.590900,30.637600,30.697800,30.771700,30.859600,30.961700,31.078100,31.209300,31.355500,31.517100,31.694500,31.887900,32.097900,32.324900,32.569100,32.831300,33.111700,33.411000
30.535600,30.542200,30.562100,30.595400,30.642100,30.702400,30.776400,30.864300,30.966400,31.082900,31.214200,31.360500,31.522200,31.699600,31.893200,32.103200,32.330300,32.574700,32.836900,33.117500,33.416900
30.540100,30.546700,30.566600,30.599900,30.646600,30.707000,30.781000,30.869000,30.971100,31.087700,31.219100,31.365400,31.527200,31.704700,31.898400,32.108600,32.335700,32.580200,32.842500,33.123200,33.422800
30.544500,30.551200,30.571100,30.604400,30.651200,30.711500,30.785600,30.873700,30.975900,31.092600,31.224000,31.370400,31.532300,31.709900,31.903600,32.113900,32.341100,32.585700,32.848200,33.129000,33.428600
30.549000,30.555700,30.575600,30.609000,30.655800,30.716100,30.790300,30.878400,30.980600,31.097400,31.228800,31.375400,31.537300,31.715000,31.908800,32.119200,32.346500,32.591300,32.853800,33.134700,33.434400
30.553500,30.560200,30.580100,30.613500,30.660300,30.720700,30.794900,30.883100,30.985400,31.102200,31.233700,31.380300,31.542400,31.720100,31.914100,32.124500,32.352000,32.596800,32.859500,33.140500,33.440200
30.558000,30.564700,30.584700,30.618000,30.664900,30.725300,30.799600,30.887700,30.990100,31.107000,31.238600,31.385300,31.547400,31.725300,31.919300,32.129900,32.357400,32.602300,32.865100,33.146200,33.445900
30.562500,30.569200,30.589200,30.622600,30.669400,30.729900,30.804200,30.892400,30.994900,31.111800,31.243500,31.390300,31.552500,31.730400,31.924500,32.135200,32.362800,32.607900,32.870800,33.151900,33.451600
30.567000,30.573700,30.593700,30.627100,30.674000,30.734500,30.808800,30.897100,30.999700,31.116700,31.248400,31.395300,31.557500,31.735600,31.929800,32.140500,32.368300,32.613400,32.876400,33.157600,33.457200
30.571500,30.578200,30.598200,30.631600,30.678600,30.739100,30.813500,30.901800,31.004400,31.121500,31.253300,31.400200,31.562600,31.740700,31.935000,32.145900,32.373700,32.618900,32.882000,33.163300,33.462900
30.576000,30.582700,30.602700,30.636200,30.683100,30.743700,30.818200,30.906600,31.009200,31.126300,31.258200,31.405200,31.567700,31.745900,31.940300,32.151200,32.379100,32.624500,32.887600,33.169000,33.468500
30.580500,30.587200,30.607300,30.640700,30.687700,30.748400,30.822800,30.911300,31.014000,31.131100,31.263100,31.410200,31.572700,31.751000,31.945500,32.156500,32.384600,32.630000,32.893300,33.174600,33.474100
30.585000,30.591700,30.611800,30.645300,30.692300,30.753000,30.827500,30.916000,31.018700,31.136000,31.268000,31.415200,31.577800,31.756200,31.950700,32.161900,32.390000,32.635500,32.898900,33.180200,33.479700
30.589600,30.596200,30.616300,30.649800,30.696900,30.757600,30.832100,30.920700,31.023500,31.140800,31.272900,31.420200,31.582800,31.761300,31.956000,32.167200,32.395500,32.641100,32.904500,33.185900,33.485200
30.594100,30.600800,30.620800,30.654400,30.701500,30.762200,30.836800,30.925400,31.028300,31.145700,31.277900,31.425200,31.587900,31.766500,31.961200,32.172600,32.400900,32.646600,32.910100,33.191500,33.490800
30.598600,30.605300,30.625400,30.658900,30.706000,30.766800,30.841500,30.930100,31.033100,31.150500,31.282800,31.430100,31.593000,31.771600,31.966500,32.177900,32.406300,32.652100,32.915600,33.197100,33.496300
30.603100,30.609800,30.629900,30.663500,30.710600,30.771500,30.846100,30.934800,31.037800,31.155300,31.287700,31.435100,31.598100,31.776800,31.971700,32.183300,32.411800,32.657600,32.921200,33.202700,33.501900
30.607600,30.614300,30.634500,30.668100,30.715200,30.776100,30.850800,30.939600,31.042600,31.160200,31.292600,31.440100,31.603100,31.782000,31.977000,32.188600,32.417200,32.663200,32.926800,33.208200,33.507400
30.612200,30.618900,30.639000,30.672600,30.719800,30.780700,30.855500,30.944300,31.047400,31.165000,31.297500,31.445100,31.608200,31.787100,31.982200,32.193900,32.422600,32.668700,32.932300,33.213800,33.512900
30.616700,30.623400,30.643600,30.677200,30.724400,30.785300,30.860100,30.949000,31.052200,31.169900,31.302400,31.450100,31.613300,31.792300,31.987500,32.199300,32.428100,32.674200,32.937900,33.219300,33.518400
30.621200,30.627900,30.648100,30.681800,30.729000,30.790000,30.864800,30.953700,31.057000,31.174700,31.307400,31.455100,31.618400,31.797500,31.992800,32.204600,32.433500,32.679700,32.943400,33.224900,33.523900
30.625800,30.632500,30.652700,30.686300,30.733600,30.794600,30.869500,30.958500,31.061800,31.179600,31.312300,31.460100,31.623500,31.802600,31.998000,32.210000,32.438900,32.685200,32.949000,33.230400,33.529300
30.630300,30.637000,30.657200,30.690900,30.738200,30.799300,30.874200,30.963200,31.066600,31.184500,31.317200,31.465100,31.628500,31.807800,32.003300,32.215300,32.444400,32.690700,32.954500,33.235900,33.534800
30.634800,30.641600,30.661800,30.695500,30.742800,30.803900,30.878900,30.968000,31.071400,31.189300,31.322100,31.470100,31.633600,31.813000,32.008500,32.220700,32.449800,32.696200,32.960000,33.241500,33.540300
30.639400,30.646100,30.666300,30.700100,30.747400,30.808500,30.883600,30.972700,31.076100,31.194200,31.327100,31.475200,31.638700,31.818100,32.013800,32.226000,32.455200,32.701700,32.965600,33.247000,33.545700
30.643900,30.650700,30.670900,30.704700,30.752000,30.813200,30.888300,30.977400,31.081000,31.199000,31.332000,31.480200,31.643800,31.823300,32.019100,32.231400,32.460600,32.707100,32.971100,33.252500,33.551100
30.648500,30.655200,30.675500,30.709200,30.756700,30.817800,30.893000,30.982200,31.085800,31.203900,31.337000,31.485200,31.648900,31.828500,32.024300,32.236700,32.466100,32.712600,32.976600,33.258000,33.556600
30.653000,30.659800,30.680000,30.713800,30.761300,30.822500,30.897700,30.986900,31.090600,31.208800,31.341900,31.490200,31.654000,31.833700,32.029600,32.242100,32.471500,32.718100,32.982100,33.263400,33.562000
30.657600,30.664300,30.684600,30.718400,30.765900,30.827200,30.902400,30.991700,31.095400,31.213700,31.346800,31.495200,31.659100,31.838900,32.034800,32.247400,32.476900,32.723600,32.987600,33.268900,33.567400
30.662200,30.668900,30.689200,30.723000,30.770500,30.831800,30.907100,30.996400,31.100200,31.218500,31.351800,31.500200,31.664200,31.844000,32.040100,32.252800,32.482300,32.729000,32.993000,33.274400,33.572800
30.666700,30.673500,30.693800,30.727600,30.775200,30.836500,30.911800,31.001200,31.105000,31.223400,31.356700,31.505200,31.669300,31.849200,32.045400,32.258100,32.487700,32.734500,32.998500,33.279800,33.578200
30.671300,30.678000,30.698300,30.732200,30.779800,30.841100,30.916500,31.005900,31.109800,31.228300,31.361700,31.510300,31.674400,31.854400,32.050600,32.263400,32.493100,32.739900,33.004000,33.285300,33.583600
30.675800,30.682600,30.702900,30.736800,30.784400,30.845800,30.921200,31.010700,31.114600,31.233200,31.366600,31.515300,31.679500,31.859600,32.055900,32.268800,32.498500,32.745400,33.009500,33.290700,33.589000
30.680400,30.687200,30.707500,30.741400,30.789000,30.850500,30.925900,31.015500,31.119400,31.238000,31.371600,31.520300,31.684600,31.864800,32.061200,32.274100,32.503900,32.750800,33.014900,33.296200,33.594300
30.685000,30.691800,30.712100,30.746000,30.793700,30.855200,30.930600,31.020200,31.124300,31.242900,31.376500,31.525300,31.689700,31.870000,32.066400,32.279500,32.509300,32.756300,33.020400,33.301600,33.599700
30.689600,30.696300,30.716700,30.750600,30.798300,30.859800,30.935300,31.025000,31.129100,31.247800,31.381500,31.530400,31.694800,31.875100,32.071700,32.284800,32.514700,32.761700,33.025800,33.307000,33.605100
30.694100,30.700900,30.721300,30.755300,30.803000,30.864500,30.940000,31.029800,31.133900,31.252700,31.386400,31.535400,31.699900,31.880300,32.077000,32.290100,32.520100,32.767100,33.031200,33.312400,33.610400
30.698700,30.705500,30.725900,30.759900,30.807600,30.869200,30.944800,31.034500,31.138700,31.257600,31.391400,31.540400,31.705000,31.885500,32.082200,32.295500,32.525500,32.772500,33.036700,33.317800,33.615800
30.703300,30.710100,30.730500,30.764500,30.812300,30.873900,30.949500,31.039300,31.143600,31.262500,31.396400,31.545500,31.710100,31.890700,32.087500,32.300800,32.530900,32.778000,33.042100,33.323200,33.621100
30.707900,30.714700,30.735100,30.769100,30.816900,30.878500,30.954200,31.044100,31.148400,31.267400,31.401300,31.550500,31.715300,31.895900,32.092700,32.306100,32.536300,32.783400,33.047500,33.328600,33.626400
30.712500,30.719300,30.739700,30.773700,30.821600,30.883200,30.958900,31.048900,31.153200,31.272300,31.406300,31.555500,31.720400,31.901100,32.098000,32.311400,32.541700,32.788800,33.053000,33.334000,33.631800
30.717100,30.723900,30.744300,30.778400,30.826200,30.887900,30.963700,31.053700,31.158100,31.277200,31.411300,31.560600,31.725500,31.906300,32.103300,32.316800,32.547000,32.794200,33.058400,33.339400,33.637100
30.721700,30.728500,30.748900,30.783000,30.830900,30.892600,30.968400,31.058400,31.162900,31.282100,31.416200,31.565600,31.730600,31.911500,32.108500,32.322100,32.552400,32.799600,33.063800,33.344800,33.642400
30.726300,30.733100,30.753500,30.787600,30.835500,30.897300,30.973200,31.063200,31.167800,31.287000,31.421200,31.570700,31.735700,31.916700,32.113800,32.327400,32.557800,32.805000,33.069200,33.350200,33.647700
30.730900,30.737700,30.758100,30.792300,30.840200,30.902000,30.977900,31.068000,31.172600,31.291900,31.426200,31.575700,31.740800,31.921800,32.119100,32.332700,32.563100,32.810400,33.074600,33.355500,33.653000
30.735500,30.742300,30.762700,30.796900,30.844900,30.906700,30.982600,31.072800,31.177500,31.296800,31.431200,31.580800,31.746000,31.927000,32.124300,32.338100,32.568500,32.815800,33.080000,33.360900,33.658300
30.740100,30.746900,30.767400,30.801500,30.849500,30.911400,30.987400,31.077600,31.182300,31.301700,31.436100,31.585800,31.751100,31.932200,32.129600,32.343400,32.573900,32.821200,33.085300,33.366200,33.663600
30.744700,30.751500,30.772000,30.806200,30.854200,30.916100,30.992100,31.082400,31.187200,31.306600,31.441100,31.590900,31.756200,31.937400,32.134800,32.348700,32.579200,32.826600,33.090700,33.371600,33.668900
30.749300,30.756100,30.776600,30.810800,30.858900,30.920800,30.996900,31.087200,31.192000,31.311500,31.446100,31.595900,31.761300,31.942600,32.140100,32.354000,32.584600,32.831900,33.096100,33.376900,33.674200
30.753900,30.760700,30.781200,30.815500,30.863500,30.925500,31.001600,31.092000,31.196900,31.316500,31.451100,31.601000,31.766400,31.947800,32.145400,32.359300,32.589900,32.837300,33.101500,33.382300,33.679500
30.758500,30.765300,30.785900,30.820100,30.868200,30.930200,31.006400,31.096800,31.201700,31.321400,31.456100,31.606000,31.771600,31.953000,32.150600,32.364600,32.595300,32.842700,33.106800,33.387600,33.684700
30.763100,30.770000,30.790500,30.824800,30.872900,30.935000,31.011100,31.101600,31.206600,31.326300,31.461000,31.611100,31.776700,31.958200,32.155900,32.369900,32.600600,32.848100,33.112200,33.392900,33.690000
30.767700,30.774600,30.795100,30.829400,30.877600,30.939700,31.015900,31.106400,31.211400,31.331200,31.466000,31.616100,31.781800,31.963400,32.161100,32.375300,32.606000,32.853400,33.117500,33.398300,33.695300
30.772400,30.779200,30.799800,30.834100,30.882300,30.944400,31.020700,31.111200,31.216300,31.336200,31.471000,31.621200,31.786900,31.968600,32.166400,32.380600,32.611300,32.858800,33.122900,33.403600,33.700500
30.777000,30.783800,30.804400,30.838800,30.887000,30.949100,31.025400,31.116000,31.221200,31.341100,31.476000,31.626200,31.792100,31.973800,32.171600,32.385900,32.616700,32.864100,33.128200,33.408900,33.705800
30.781600,30.788500,30.809100,30.843400,30.891600,30.953900,31.030200,31.120900,31.226000,31.346000,31.481000,31.631300,31.797200,31.979000,32.176900,32.391200,32.622000,32.869500,33.133600,33.414200,33.711000
30.786300,30.793100,30.813700,30.848100,30.896300,30.958600,31.035000,31.125700,31.230900,31.350900,31.486000,31.636400,31.802300,31.984200,32.182100,32.396500,32.627300,32.874800,33.138900,33.419500,33.716300
30.790900,30.797800,30.818400,30.852800,30.901000,30.963300,31.039700,31.130500,31.235800,31.355900,31.491000,31.641400,31.807400,31.989300,32.187400,32.401800,32.632700,32.880200,33.144300,33.424800,33.721500
30.795500,30.802400,30.823000,30.857400,30.905700,30.968000,31.044500,31.135300,31.240700,31.360800,31.496000,31.646500,31.812600,31.994500,32.192600,32.407100,32.638000,32.885500,33.149600,33.430100,33.726700
30.800200,30.807000,30.827700,30.862100,30.910400,30.972800,31.049300,31.140100,31.245500,31.365700,31.501000,31.651500,31.817700,31.999700,32.197900,32.412300,32.643300,32.890800,33.154900,33.435400,33.732000
30.804800,30.811700,30.832300,30.866800,30.915100,30.977500,31.054100,31.145000,31.250400,31.370700,31.506000,31.656600,31.822800,32.004900,32.203100,32.417600,32.648600,32.896200,33.160200,33.440700,33.737200
30.809500,30.816300,30.837000,30.871500,30.919800,30.982300,31.058800,31.149800,31.255300,31.375600,31.511000,31.661700,31.828000,32.010100,32.208400,32.422900,32.654000,32.901500,33.165500,33.445900,33.742400
30.814100,30.821000,30.841600,30.876100,30.924500,30.987000,31.063600,31.154600,31.260200,31.380600,31.516000,31.666700,31.833100,32.015300,32.213600,32.428200,32.659300,32.906800,33.170900,33.451200,33.747600
30.818700,30.825600,30.846300,30.880800,30.929300,30.991700,31.068400,31.159500,31.265100,31.385500,31.521000,31.671800,31.838200,32.020500,32.218800,32.433500,32.664600,32.912100,33.176200,33.456500,33.752800
30.823400,30.830300,30.851000,30.885500,30.934000,30.996500,31.073200,31.164300,31.270000,31.390400,31.526000,31.676900,31.843400,32.025700,32.224100,32.438800,32.669900,32.917500,33.181500,33.461800,33.758200
30.828100,30.835000,30.855600,30.890200,30.938700,31.001200,31.078000,31.169100,31.274800,31.395400,31.531000,31.681900,31.848500,32.030900,32.229300,32.444100,32.675200,32.922800,33.186800,33.467100,33.763700
30.832700,30.839600,30.860300,30.894900,30.943400,31.006000,31.082800,31.174000,31.279700,31.400300,31.536000,31.687000,31.853600,32.036100,32.234600,32.449300,32.680500,32.928100,33.192100,33.472400,33.769200
30.837400,30.844300,30.865000,30.899600,30.948100,31.010700,31.087600,31.178800,31.284600,31.405300,31.541000,31.692100,31.858700,32.041200,32.239800,32.454600,32.685800,32.933400,33.197400,33.477800,33.774800
30.842000,30.848900,30.869700,30.904300,30.952900,31.015500,31.092400,31.183600,31.289500,31.410200,31.546000,31.697200,31.863900,32.046400,32.245000,32.459900,32.691100,32.938700,33.202700,33.483200,33.780400
30.846700,30.853600,30.874400,30.909000,30.957600,31.020300,31.097200,31.188500,31.294400,31.415200,31.551000,31.702200,31.869000,32.051600,32.250300,32.465200,32.696400,32.944000,33.208100,33.488600,33.786100
30.851400,30.858300,30.879000,30.913700,30.962300,31.025000,31.102000,31.193300,31.299300,31.420100,31.556100,31.707300,31.874100,32.056800,32.255500,32.470400,32.701700,32.949300,33.213400,33.494000,33.791800
30.856000,30.863000,30.883700,30.918400,30.967000,31.029800,31.106800,31.198200,31.304200,31.425100,31.561100,31.712400,31.879300,32.062000,32.260700,32.475700,32.707000,32.954600,33.218800,33.499500,33.797500
30.860700,30.867600,30.888400,30.923100,30.971800,31.034500,31.111600,31.203000,31.309100,31.430100,31.566100,31.717500,31.884400,32.067200,32.266000,32.481000,32.712300,32.960000,33.224100,33.505000,33.803300
30.865400,30.872300,30.893100,30.927800,30.976500,31.039300,31.116400,31.207900,31.314000,31.435000,31.571100,31.722500,31.889500,32.072400,32.271200,32.486200,32.717600,32.965300,33.229500,33.510500,33.809000
30.870100,30.877000,30.897800,30.932500,30.981200,31.044100,31.121200,31.212700,31.318900,31.440000,31.576100,31.727600,31.894700,32.077500,32.276400,32.491500,32.722900,32.970600,33.234900,33.516100,33.814800
30.874700,30.881700,30.902500,30.937200,30.986000,31.048900,31.126000,31.217600,31.323800,31.444900,31.581100,31.732700,31.899800,32.082700,32.281700,32.496800,32.728200,32.976000,33.240300,33.521600,33.820700
30.879400,30.886400,30.907200,30.941900,30.990700,31.053600,31.130800,31.222500,31.328800,31.449900,31.586200,31.737800,31.904900,32.087900,32.286900,32.502000,32.733500,32.981300,33.245800,33.527200,33.826500
30.884100,30.891100,30.911900,30.946700,30.995500,31.058400,31.135600,31.227300,31.333700,31.454900,31.591200,31.742800,31.910100,32.093100,32.292100,32.507300,32.738800,32.986700,33.251200,33.532800,33.832400
30.888800,30.895700,30.916600,30.951400,31.000200,31.063200,31.140500,31.232200,31.338600,31.459800,31.596200,31.747900,31.915200,32.098300,32.297300,32.512600,32.744100,32.992000,33.256600,33.538400,33.838300
30.893500,30.900400,30.921300,30.956100,31.005000,31.068000,31.145300,31.237100,31.343500,31.464800,31.601200,31.753000,31.920300,32.103400,32.302600,32.517800,32.749400,32.997400,33.262100,33.544100,33.844200
30.898200,30.905100,30.926000,30.960800,31.009700,31.072800,31.150100,31.241900,31.348400,31.469800,31.606300,31.758100,31.925500,32.108600,32.307800,32.523100,32.754700,33.002800,33.267600,33.549700,33.850100
30.902900,30.909800,30.930700,30.965600,31.014500,31.077500,31.154900,31.246800,31.353300,31.474700,31.611300,31.763100,31.930600,32.113800,32.313000,32.528400,32.760000,33.008100,33.273100,33.555400,33.856100
30.907600,30.914500,30.935400,30.970300,31.019200,31.082300,31.159800,31.251700,31.358200,31.479700,31.616300,31.768200,31.935700,32.119000,32.318200,32.533600,32.765300,33.013500,33.278600,33.561100,33.862100
30.912300,30.919200,30.940100,30.975000,31.024000,31.087100,31.164600,31.256500,31.363200,31.484700,31.621300,31.773300,31.940900,32.124200,32.323500,32.538900,32.770600,33.018900,33.284100,33.566800,33.868000
30.917000,30.924000,30.944900,30.979800,31.028800,31.091900,31.169400,31.261400,31.368100,31.489700,31.626400,31.778400,31.946000,32.129400,32.328700,32.544200,32.776000,33.024300,33.289700,33.572600,33.874000
30.921700,30.928700,30.949600,30.984500,31.033500,31.096700,31.174300,31.266300,31.373000,31.494600,31.631400,31.783500,31.951100,32.134500,32.333900,32.549400,32.781300,33.029800,33.295200,33.578300,33.880100
30.926400,30.933400,30.954300,30.989200,31.038300,31.101500,31.179100,31.271200,31.377900,31.499600,31.636400,31.788600,31.956300,32.139700,32.339100,32.554700,32.786600,33.035200,33.300800,33.584100,33.886100
30.931100,30.938100,30.959000,30.994000,31.043000,31.106300,31.183900,31.276000,31.382900,31.504600,31.641400,31.793600,31.961400,32.144900,32.344400,32.560000,32.792000,33.040600,33.306300,33.589800,33.892100
30.935800,30.942800,30.963800,30.998700,31.047800,31.111100,31.188800,31.280900,31.387800,31.509600,31.646500,31.798700,31.966500,32.150100,32.349600,32.565300,32.797300,33.046100,33.311900,33.595600,33.898200
30.940500,30.947500,30.968500,31.003500,31.052600,31.115900,31.193600,31.285800,31.392700,31.514600,31.651500,31.803800,31.971700,32.155300,32.354800,32.570600,32.802700,33.051500,33.317500,33.601400,33.904300
30.945300,30.952200,30.973200,31.008200,31.057400,31.120700,31.198400,31.290700,31.397700,31.519500,31.656500,31.808900,31.976800,32.160400,32.360100,32.575900,32.808100,33.057000,33.323100,33.607200,33.910400
30.950000,30.957000,30.978000,31.013000,31.062100,31.125500,31.203300,31.295600,31.402600,31.524500,31.661600,31.814000,31.981900,32.165600,32.365300,32.581200,32.813400,33.062400,33.328700,33.613100,33.916500
30.954700,30.961700,30.982700,31.017700,31.066900,31.130300,31.208100,31.300500,31.407500,31.529500,31.666600,31.819100,31.987100,32.170800,32.370500,32.586400,32.818800,33.067900,33.334400,33.618900,33.922600
30.959400,30.966400,30.987400,31.022500,31.071700,31.135200,31.213000,31.305400,31.412500,31.534500,31.671600,31.824100,31.992200,32.176000,32.375800,32.591800,32.824200,33.073400,33.340000,33.624800,33.928700
30.964200,30.971200,30.992200,31.027300,31.076500,31.140000,31.217800,31.310300,31.417400,31.539500,31.676700,31.829200,31.997300,32.181200,32.381000,32.597100,32.829600,33.078900,33.345700,33.630600,33.934900
30.968900,30.975900,30.996900,31.032000,31.081300,31.144800,31.222700,31.315200,31.422300,31.544500,31.681700,31.834300,32.002500,32.186400,32.386300,32.602400,32.834900,33.084400,33.351300,33.636500,33.941000
30.973600,30.980600,31.001700,31.036800,31.086100,31.149600,31.227600,31.320100,31.427300,31.549500,31.686800,31.839400,32.007600,32.191600,32.391500,32.607700,32.840300,33.089900,33.357000,33.642400,33.947200
30.978300,30.985400,31.006400,31.041600,31.090900,31.154400,31.232400,31.325000,31.432200,31.554400,31.691800,31.844500,32.012700,32.196800,32.396800,32.613000,32.845700,33.095500,33.362700,33.648300,33.953400
30.983100,30.990100,31.011200,31.046300,31.095700,31.159300,31.237300,31.329800,31.437200,31.559400,31.696800,31.849600,32.017900,32.202000,32.402000,32.618300,32.851200,33.101000,33.368400,33.654200,33.959600
30.987800,30.994900,31.015900,31.051100,31.100400,31.164100,31.242100,31.334800,31.442100,31.564400,31.701900,31.854700,32.023000,32.207200,32.407300,32.623600,32.856600,33.106500,33.374100,33.660100,33.965800
30.992600,30.999600,31.020700,31.055900,31.105200,31.168900,31.247000,31.339700,31.447100,31.569400,31.706900,31.859800,32.028200,32.212400,32.412500,32.629000,32.862000,33.112100,33.379800,33.666100,33.972000
30.997300,31.004300,31.025400,31.060600,31.110000,31.173700,31.251900,31.344600,31.452000,31.574400,31.712000,31.864900,32.033300,32.217500,32.417800,32.634300,32.867400,33.117600,33.385600,33.672000,33.978200
31.002100,31.009100,31.030200,31.065400,31.114800,31.178600,31.256700,31.349500,31.457000,31.579400,31.717000,31.870000,32.038500,32.222700,32.423100,32.639600,32.872900,33.123200,33.391300,33.678000,33.984400
31.006800,31.013800,31.035000,31.070200,31.119600,31.183400,31.261600,31.354400,31.461900,31.584400,31.722100,31.875100,32.043600,32.228000,32.428300,32.645000,32.878300,33.128800,33.397000,33.684000,33.990700
31.011600,31.018600,31.039700,31.075000,31.124500,31.188200,31.266500,31.359300,31.466900,31.589400,31.727100,31.880100,32.048800,32.233200,32.433600,32.650300,32.883800,33.134400,33.402800,33.690000,33.996900
31.016300,31.023400,31.044500,31.079800,31.129300,31.193100,31.271300,31.364200,31.471800,31.594400,31.732100,31.885200,32.053900,32.238400,32.438900,32.655700,32.889200,33.140000,33.408600,33.695900,34.003200
31.021100,31.028100,31.049300,31.084600,31.134100,31.197900,31.276200,31.369100,31.476800,31.599400,31.737200,31.890300,32.059100,32.243600,32.444100,32.661000,32.894700,33.145600,33.414400,33.702000,34.009500
31.025800,31.032900,31.054000,31.089300,31.138900,31.202800,31.281100,31.374000,31.481700,31.604400,31.742200,31.895400,32.064200,32.248800,32.449400,32.666400,32.900200,33.151200,33.420100,33.708000,34.015800
31.030600,31.037600,31.058800,31.094100,31.143700,31.207600,31.286000,31.378900,31.486700,31.609400,31.747300,31.900500,32.069400,32.254000,32.454700,32.671800,32.905600,33.156800,33.425900,33.714000,34.022100
31.035400,31.042400,31.063600,31.098900,31.148500,31.212400,31.290800,31.383900,31.491700,31.614400,31.752400,31.905600,32.074500,32.259200,32.460000,32.677200,32.911100,33.162400,33.431800,33.720000,34.028400
31.040100,31.047200,31.068400,31.103700,31.153300,31.217300,31.295700,31.388800,31.496600,31.619400,31.757400,31.910800,32.079700,32.264400,32.465300,32.682500,32.916600,33.168100,33.437600,33.726100,34.034700
31.044900,31.052000,31.073200,31.108500,31.158200,31.222100,31.300600,31.393700,31.501600,31.624400,31.762500,31.915900,32.084800,32.269700,32.470600,32.687900,32.922100,33.173700,33.443400,33.732100,34.041000
31.049700,31.056700,31.077900,31.113300,31.163000,31.227000,31.305500,31.398600,31.506500,31.629400,31.767500,31.921000,32.090000,32.274900,32.475900,32.693300,32.927600,33.179300,33.449200,33.738200,34.047300
31.054400,31.061500,31.082700,31.118100,31.167800,31.231800,31.310400,31.403500,31.511500,31.634500,31.772600,31.926100,32.095200,32.280100,32.481200,32.698700,32.933100,33.185000,33.455100,33.744300,34.053700
31.059200,31.066300,31.087500,31.122900,31.172600,31.236700,31.315300,31.408500,31.516500,31.639500,31.777600,31.931200,32.100300,32.285300,32.486500,32.704100,32.938600,33.190700,33.460900,33.750300,34.060000
31.064000,31.071100,31.092300,31.127700,31.177500,31.241600,31.320200,31.413400,31.521400,31.644500,31.782700,31.936300,32.105500,32.290600,32.491800,32.709500,32.944200,33.196300,33.466800,33.756400,34.066400
31.068800,31.075800,31.097100,31.132500,31.182300,31.246400,31.325000,31.418300,31.526400,31.649500,31.787800,31.941400,32.110700,32.295800,32.497100,32.714900,32.949700,33.202000,33.472700,33.762500,34.072800
31.073500,31.080600,31.101900,31.137400,31.187100,31.251300,31.329900,31.423300,31.531400,31.654500,31.792800,31.946500,32.115900,32.301100,32.502400,32.720300,32.955200,33.207700,33.478600,33.768700,34.079200
31.078300,31.085400,31.106700,31.142200,31.192000,31.256100,31.334800,31.428200,31.536400,31.659500,31.797900,31.951600,32.121000,32.306300,32.507700,32.725700,32.960800,33.213400,33.484400,33.774800,34.085600
31.083100,31.090200,31.111500,31.147000,31.196800,31.261000,31.339700,31.433100,31.541300,31.664500,31.803000,31.956800,32.126200,32.311500,32.513100,32.731200,32.966300,33.219100,33.490300,33.780900,34.092000
31.087900,31.095000,31.116300,31.151800,31.201600,31.265900,31.344600,31.438100,31.546300,31.669600,31.808000,31.961900,32.131400,32.316800,32.518400,32.736600,32.971900,33.224800,33.496200,33.787000,34.098400
31.092700,31.099800,31.121100,31.156600,31.206500,31.270700,31.349500,31.443000,31.551300,31.674600,31.813100,31.967000,32.136600,32.322000,32.523700,32.742000,32.977500,33.230600,33.502200,33.793200,34.104800
31.097500,31.104600,31.125900,31.161400,31.211300,31.275600,31.354400,31.447900,31.556300,31.679600,31.818200,31.972100,32.141800,32.327300,32.529100,32.747500,32.983000,33.236300,33.508100,33.799300,34.111200
31.102300,31.109400,31.130700,31.166300,31.216200,31.280500,31.359300,31.452900,31.561200,31.684600,31.823200,31.977300,32.146900,32.332600,32.534400,32.752900,32.988600,33.242000,33.514000,33.805500,34.117600
31.107100,31.114200,31.135500,31.171100,31.221000,31.285400,31.364200,31.457800,31.566200,31.689700,31.828300,31.982400,32.152100,32.337800,32.539800,32.758400,32.994200,33.247800,33.520000,33.811700,34.123900
31.111900,31.119000,31.140300,31.175900,31.225900,31.290200,31.369100,31.462800,31.571200,31.694700,31.833400,31.987500,32.157300,32.343100,32.545100,32.763900,32.999800,33.253500,33.525900,33.817800,34.130200
31.116700,31.123800,31.145100,31.180700,31.230700,31.295100,31.374100,31.467700,31.576200,31.699700,31.838500,31.992700,32.162500,32.348400,32.550500,32.769300,33.005400,33.259300,33.531800,33.823900,34.136400
31.121500,31.128600,31.149900,31.185600,31.235600,31.300000,31.379000,31.472600,31.581200,31.704800,31.843600,31.997800,32.167700,32.353600,32.555800,32.774800,33.011000,33.265100,33.537800,33.830100,34.142600
31.126300,31.133400,31.154800,31.190400,31.240400,31.304900,31.383900,31.477600,31.586200,31.709800,31.848600,32.002900,32.172900,32.358900,32.561200,32.780300,33.016600,33.270800,33.543700,33.836200,34.148800
31.131100,31.138200,31.159600,31.195200,31.245300,31.309700,31.388800,31.482500,31.591200,31.714800,31.853700,32.008100,32.178100,32.364200,32.566600,32.785700,33.022200,33.276600,33.549700,33.842300,34.154900
31.135900,31.143000,31.164400,31.200100,31.250100,31.314600,31.393700,31.487500,31.596200,31.719900,31.858800,32.013200,32.183300,32.369500,32.572000,32.791200,33.027800,33.282400,33.555600,33.848300,34.161000
31.140700,31.147800,31.169200,31.204900,31.255000,31.319500,31.398600,31.492500,31.601100,31.724900,31.863900,32.018400,32.188500,32.374800,32.577300,32.796700,33.033500,33.288200,33.561600,33.854400,34.167100
31.145500,31.152700,31.174100,31.209800,31.259900,31.324400,31.403500,31.497400,31.606100,31.729900,31.869000,32.023500,32.193800,32.380000,32.582700,32.802200,33.039100,33.293900,33.567500,33.860400,34.173200
31.150300,31.157500,31.178900,31.214600,31.264700,31.329300,31.408500,31.502400,31.611100,31.735000,31.874100,32.028700,32.199000,32.385300,32.588100,32.807700,33.044700,33.299700,33.573400,33.866500,34.179300
31.155200,31.162300,31.183700,31.219500,31.269600,31.334200,31.413400,31.507300,31.616100,31.740000,31.879200,32.033800,32.204200,32.390600,32.593500,32.813200,33.050400,33.305500,33.579300,33.872500,34.185300
31.160000,31.167100,31.188500,31.224300,31.274400,31.339100,31.418300,31.512300,31.621100,31.745100,31.884300,32.039000,32.209400,32.395900,32.598900,32.818700,33.056000,33.311300,33.585300,33.878500,34.191400
31.164800,31.171900,31.193400,31.229100,31.279300,31.344000,31.423200,31.517200,31.626100,31.750100,31.889400,32.044100,32.214600,32.401300,32.604300,32.824300,33.061600,33.317100,33.591200,33.884500,34.197400
31.169600,31.176800,31.198200,31.234000,31.284200,31.348900,31.428200,31.522200,31.631100,31.755200,31.894500,32.049300,32.219900,32.406600,32.609700,32.829800,33.067300,33.322900,33.597100,33.890500,34.203400
31.174500,31.181600,31.203100,31.238900,31.289100,31.353800,31.433100,31.527200,31.636200,31.760200,31.899600,32.054400,32.225100,32.411900,32.615100,32.835300,33.072900,33.328600,33.603000,33.896500,34.209400
31.179300,31.186400,31.207900,31.243700,31.293900,31.358700,31.438000,31.532100,31.641200,31.765300,31.904700,32.059600,32.230300,32.417200,32.620500,32.840800,33.078600,33.334400,33.608900,33.902500,34.215400
31.184100,31.191300,31.212700,31.248600,31.298800,31.363600,31.443000,31.537100,31.646200,31.770300,31.909800,32.064800,32.235600,32.422500,32.626000,32.846400,33.084200,33.340200,33.614800,33.908400,34.221400
31.188900,31.196100,31.217600,31.253400,31.303700,31.368500,31.447900,31.542100,31.651200,31.775400,31.914900,32.070000,32.240800,32.427800,32.631400,32.851900,33.089900,33.346000,33.620700,33.914400,34.227400
31.193800,31.200900,31.222400,31.258300,31.308600,31.373400,31.452800,31.547000,31.656200,31.780400,31.920000,32.075100,32.246100,32.433200,32.636800,32.857400,33.095600,33.351800,33.626500,33.920300,34.233400
31.198600,31.205800,31.227300,31.263100,31.313500,31.378300,31.457800,31.552000,31.661200,31.785500,31.925100,32.080300,32.251300,32.438500,32.642200,32.863000,33.101200,33.357500,33.632400,33.926300,34.239400
31.203400,31.210600,31.232100,31.268000,31.318300,31.383200,31.462700,31.557000,31.666200,31.790600,31.930200,32.085500,32.256600,32.443800,32.647700,32.868500,33.106900,33.363300,33.638300,33.932200,34.245300
31.208300,31.215500,31.237000,31.272900,31.323200,31.388100,31.467700,31.562000,31.671200,31.795600,31.935400,32.090700,32.261800,32.449200,32.653100,32.874100,33.112500,33.369100,33.644100,33.938200,34.251300
31.213100,31.220300,31.241800,31.277700,31.328100,31.393000,31.472600,31.567000,31.676300,31.800700,31.940500,32.095800,32.267100,32.454500,32.658500,32.879600,33.118200,33.374800,33.650000,33.944100,34.257200
31.218000,31.225200,31.246700,31.282600,31.333000,31.397900,31.477500,31.571900,31.681300,31.805800,31.945600,32.101000,32.272300,32.459900,32.664000,32.885100,33.123900,33.380600,33.655900,33.950000,34.263200
31.222800,31.230000,31.251500,31.287500,31.337900,31.402900,31.482500,31.576900,31.686300,31.810800,31.950700,32.106200,32.277600,32.465200,32.669400,32.890700,33.129500,33.386400,33.661700,33.955900,34.269100
31.227700,31.234900,31.256400,31.292400,31.342800,31.407800,31.487400,31.581900,31.691300,31.815900,31.955900,32.111400,32.282900,32.470600,32.674900,32.896300,33.135200,33.392100,33.667600,33.961800,34.275000
31.232500,31.239700,31.261300,31.297200,31.347700,31.412700,31.492400,31.586900,31.696400,31.821000,31.961000,32.116600,32.288100,32.475900,32.680300,32.901800,33.140800,33.397900,33.673400,33.967700,34.281000
31.237400,31.244600,31.266100,31.302100,31.352600,31.417600,31.497300,31.591900,31.701400,31.826100,31.966100,32.121800,32.293400,32.481300,32.685800,32.907400,33.146500,33.403700,33.679300,33.973600,34.286900
31.242200,31.249400,31.271000,31.307000,31.357500,31.422500,31.502300,31.596900,31.706400,31.831200,31.971300,32.127000,32.298700,32.486600,32.691200,32.912900,33.152200,33.409400,33.685100,33.979500,34.292800
31.247100,31.254300,31.275900,31.311900,31.362400,31.427500,31.507300,31.601900,31.711500,31.836200,31.976400,32.132200,32.304000,32.492000,32.696700,32.918500,33.157800,33.415200,33.690900,33.985400,34.298700
31.251900,31.259100,31.280700,31.316800,31.367300,31.432400,31.512200,31.606900,31.716500,31.841300,31.981500,32.137400,32.309200,32.497400,32.702100,32.924000,33.163500,33.420900,33.696800,33.991300,34.304600
31.256800,31.264000,31.285600,31.321600,31.372200,31.437300,31.517200,31.611900,31.721500,31.846400,31.986700,32.142600,32.314500,32.502700,32.707600,32.929600,33.169100,33.426700,33.702600,33.997100,34.310500
31.261700,31.268900,31.290500,31.326500,31.377100,31.442300,31.522100,31.616900,31.726600,31.851500,31.991800,32.147800,32.319800,32.508100,32.713100,32.935200,33.174800,33.432400,33.708400,34.003000,34.316400
31.266500,31.273700,31.295300,31.331400,31.382000,31.447200,31.527100,31.621900,31.731600,31.856600,31.997000,32.153100,32.325100,32.513500,32.718500,32.940700,33.180500,33.438200,33.714200,34.008900,34.322300
31.271400,31.278600,31.300200,31.336300,31.386900,31.452100,31.532100,31.626900,31.736700,31.861700,32.002100,32.158300,32.330400,32.518900,32.724000,32.946300,33.186100,33.443900,33.720000,34.014700,34.328100
31.276300,31.283500,31.305100,31.341200,31.391800,31.457100,31.537000,31.631900,31.741700,31.866800,32.007300,32.163500,32.335700,32.524200,32.729500,32.951900,33.191800,33.449700,33.725900,34.020600,34.334000
31.281100,31.288300,31.310000,31.346100,31.396700,31.462000,31.542000,31.636900,31.746800,31.871900,32.012500,32.168700,32.341000,32.529600,32.735000,32.957400,33.197400,33.455400,33.731700,34.026500,34.339900
31.286000,31.293200,31.314900,31.351000,31.401700,31.466900,31.547000,31.641900,31.751800,31.877000,32.017600,32.173900,32.346300,32.535000,32.740400,32.963000,33.203100,33.461200,33.737500,34.032300,34.345800
31.290900,31.298100,31.319700,31.355900,31.406600,31.471900,31.552000,31.646900,31.756900,31.882100,32.022800,32.179200,32.351600,32.540400,32.745900,32.968600,33.208800,33.466900,33.743300,34.038100,34.351600
31.295700,31.303000,31.324600,31.360800,31.411500,31.476800,31.556900,31.651900,31.761900,31.887200,32.027900,32.184400,32.356900,32.545800,32.751400,32.974100,33.214400,33.472600,33.749100,34.044000,34.357500
31.300600,31.307800,31.329500,31.365700,31.416400,31.481800,31.561900,31.656900,31.767000,31.892300,32.033100,32.189600,32.362200,32.551200,32.756900,32.979700,33.220100,33.478400,33.754900,34.049800,34.363300
31.305500,31.312700,31.334400,31.370600,31.421300,31.486700,31.566900,31.661900,31.772000,31.897400,32.038300,32.194900,32.367500,32.556500,32.762300,32.985300,33.225700,33.484100,33.760700,34.055700,34.369200
31.310400,31.317600,31.339300,31.375500,31.426300,31.491700,31.571900,31.667000,31.777100,31.902500,32.043400,32.200100,32.372800,32.561900,32.767800,32.990800,33.231400,33.489800,33.766500,34.061500,34.375100
31.315300,31.322500,31.344200,31.380400,31.431200,31.496600,31.576900,31.672000,31.782200,31.907600,32.048600,32.205300,32.378100,32.567300,32.773300,32.996400,33.237000,33.495600,33.772200,34.067300,34.380900
31.320100,31.327400,31.349100,31.385300,31.436100,31.501600,31.581800,31.677000,31.787200,31.912800,32.053800,32.210600,32.383500,32.572700,32.778800,33.002000,33.242700,33.501300,33.778000,34.073200,34.386700
31.325000,31.332300,31.354000,31.390200,31.441100,31.506500,31.586800,31.682000,31.792300,31.917900,32.059000,32.215800,32.388800,32.578100,32.784300,33.007500,33.248300,33.507000,33.783800,34.079000,34.392600
31.329900,31.337200,31.358900,31.395100,31.446000,31.511500,31.591800,31.687000,31.797400,31.923000,32.064200,32.221100,32.394100,32.583500,32.789800,33.013100,33.254000,33.512700,33.789600,34.084800,34.398400
31.334800,31.342100,31.363800,31.400100,31.450900,31.516500,31.596800,31.692100,31.802500,31.928100,32.069300,32.226300,32.399400,32.588900,32.795200,33.018700,33.259600,33.518400,33.795400,34.090600,34.404300
31.339700,31.347000,31.368700,31.405000,31.455900,31.521400,31.601800,31.697100,31.807500,31.933300,32.074500,32.231600,32.404800,32.594300,32.800700,33.024300,33.265300,33.524200,33.801100,34.096400,34.410100
31.344600,31.351800,31.373600,31.409900,31.460800,31.526400,31.606800,31.702100,31.812600,31.938400,32.079700,32.236800,32.410100,32.599800,32.806200,33.029800,33.270900,33.529900,33.806900,34.102200,34.415900
31.349500,31.356700,31.378500,31.414800,31.465700,31.531400,31.611800,31.707200,31.817700,31.943500,32.084900,32.242100,32.415400,32.605200,32.811700,33.035400,33.276600,33.535600,33.812700,34.108000,34.421700
31.354400,31.361600,31.383400,31.419700,31.470700,31.536300,31.616800,31.712200,31.822800,31.948700,32.090100,32.247400,32.420700,32.610600,32.817200,33.041000,33.282200,33.541300,33.818500,34.113800,34.427600
31.359300,31.366500,31.388300,31.424700,31.475600,31.541300,31.621800,31.717300,31.827900,31.953800,32.095300,32.252600,32.426100,32.616000,32.822700,33.046500,33.287900,33.547000,33.824200,34.119600,34.433400
31.364200,31.371500,31.393200,31.429600,31.480600,31.546300,31.626800,31.722300,31.832900,31.958900,32.100500,32.257900,32.431400,32.621400,32.828200,33.052100,33.293500,33.552700,33.830000,34.125400,34.439200
31.369100,31.376400,31.398200,31.434500,31.485500,31.551200,31.631800,31.727300,31.838000,31.964100,32.105700,32.263100,32.436700,32.626800,32.833700,33.057700,33.299200,33.558400,33.835700,34.131200,34.445000
31.374000,31.381300,31.403100,31.439500,31.490500,31.556200,31.636800,31.732400,31.843100,31.969200,32.110900,32.268400,32.442100,32.632200,32.839200,33.063300,33.304800,33.564200,33.841500,34.137000,34.450800
31.378900,31.386200,31.408000,31.444400,31.495400,31.561200,31.641800,31.737400,31.848200,31.974400,32.116100,32.273700,32.447400,32.637600,32.844700,33.068800,33.310500,33.569900,33.847300,34.142800,34.456600
31.383800,31.391100,31.412900,31.449300,31.500400,31.566200,31.646800,31.742500,31.853300,31.979500,32.121300,32.279000,32.452800,32.643100,32.850200,33.074400,33.316100,33.575600,33.853000,34.148600,34.462400
31.388700,31.396000,31.417800,31.454300,31.505300,31.571200,31.651800,31.747500,31.858400,31.984700,32.126500,32.284200,32.458100,32.648500,32.855700,33.080000,33.321700,33.581300,33.858800,34.154400,34.468200
31.393600,31.400900,31.422800,31.459200,31.510300,31.576100,31.656900,31.752600,31.863500,31.989800,32.131700,32.289500,32.463500,32.653900,32.861100,33.085500,33.327400,33.587000,33.864500,34.160200,34.474100
31.398600,31.405800,31.427700,31.464100,31.515300,31.581100,31.661900,31.757700,31.868600,31.995000,32.136900,32.294800,32.468800,32.659300,32.866600,33.091100,33.333000,33.592700,33.870300,34.166000,34.479800
31.403500,31.410800,31.432600,31.469100,31.520200,31.586100,31.666900,31.762700,31.873700,32.000100,32.142100,32.300100,32.474200,32.664700,32.872100,33.096700,33.338700,33.598400,33.876000,34.171700,34.485600
31.408400,31.415700,31.437500,31.474000,31.525200,31.591100,31.671900,31.767800,31.878800,32.005300,32.147400,32.305300,32.479500,32.670200,32.877600,33.102300,33.344300,33.604100,33.881700,34.177500,34.491400
31.413300,31.420600,31.442500,31.479000,31.530100,31.596100,31.677000,31.772800,31.883900,32.010400,32.152600,32.310600,32.484900,32.675600,32.883100,33.107800,33.349900,33.609800,33.887500,34.183300,34.497200
31.418200,31.425500,31.447400,31.483900,31.535100,31.601100,31.682000,31.777900,31.889000,32.015600,32.157800,32.315900,32.490200,32.681000,32.888600,33.113400,33.355600,33.615500,33.893200,34.189000,34.502900
31.423200,31.430500,31.452300,31.488900,31.540100,31.606100,31.687000,31.783000,31.894200,32.020800,32.163000,32.321200,32.495600,32.686400,32.894100,33.119000,33.361200,33.621100,33.899000,34.194800,34.508700
31.428100,31.435400,31.457300,31.493800,31.545100,31.611100,31.692000,31.788000,31.899300,32.025900,32.168200,32.326500,32.500900,32.691900,32.899600,33.124500,33.366800,33.626800,33.904700,34.200600,34.514400
31.433000,31.440300,31.462200,31.498800,31.550000,31.616100,31.697100,31.793100,31.904400,32.031100,32.173500,32.331800,32.506300,32.697300,32.905100,33.130100,33.372500,33.632500,33.910400,34.206300,34.520200
31.437900,31.445200,31.467200,31.503700,31.555000,31.621100,31.702100,31.798200,31.909500,32.036300,32.178700,32.337100,32.511600,32.702700,32.910600,33.135700,33.378100,33.638200,33.916100,34.212100,34.525900
31.442900,31.450200,31.472100,31.508700,31.560000,31.626100,31.707100,31.803300,31.914600,32.041400,32.183900,32.342400,32.517000,32.708200,32.916100,33.141200,33.383700,33.643900,33.921900,34.217800,34.531700
31.447800,31.455100,31.477100,31.513600,31.565000,31.631100,31.712200,31.808300,31.919700,32.046600,32.189200,32.347700,32.522400,32.713600,32.921700,33.146800,33.389400,33.649600,33.927600,34.223500,34.537400
31.452700,31.460100,31.482000,31.518600,31.569900,31.636100,31.717200,31.813400,31.924900,32.051800,32.194400,32.353000,32.527700,32.719000,32.927200,33.152400,33.395000,33.655300,33.933300,34.229300,34.543100
31.457700,31.465000,31.486900,31.523600,31.574900,31.641100,31.722300,31.818500,31.930000,32.057000,32.199600,32.358200,32.533100,32.724500,32.932700,33.158000,33.400600,33.660900,33.939000,34.235000,34.548900
31.462600,31.469900,31.491900,31.528500,31.579900,31.646100,31.727300,31.823600,31.935100,32.062100,32.204900,32.363600,32.538500,32.729900,32.938200,33.163500,33.406300,33.666600,33.944700,34.240700,34.554600
31.467600,31.474900,31.496900,31.533500,31.584900,31.651200,31.732400,31.828700,31.940300,32.067300,32.210100,32.368900,32.543800,32.735300,32.943700,33.169100,33.411900,33.672300,33.950400,34.246500,34.560300
31.472500,31.479800,31.501800,31.538500,31.589900,31.656200,31.737400,31.833800,31.945400,32.072500,32.215400,32.374200,32.549200,32.740800,32.949200,33.174700,33.417500,33.678000,33.956200,34.252200,34.566100
31.477500,31.484800,31.506800,31.543400,31.594900,31.661200,31.742500,31.838800,31.950500,32.077700,32.220600,32.379500,32.554600,32.746200,32.954700,33.180200,33.423100,33.683600,33.961900,34.257900,34.571800
31.482400,31.489700,31.511700,31.548400,31.599900,31.666200,31.747500,31.843900,31.955700,32.082900,32.225800,32.384800,32.559900,32.751700,32.960200,33.185800,33.428800,33.689300,33.967600,34.263600,34.577500
31.487400,31.494700,31.516700,31.553400,31.604900,31.671200,31.752600,31.849000,31.960800,32.088100,32.231100,32.390100,32.565300,32.757100,32.965700,33.191400,33.434400,33.695000,33.973300,34.269300,34.583200
31.492300,31.499600,31.521600,31.558400,31.609900,31.676300,31.757600,31.854100,31.965900,32.093300,32.236300,32.395400,32.570700,32.762500,32.971200,33.196900,33.440000,33.700600,33.979000,34.275000,34.588900
31.497300,31.504600,31.526600,31.563400,31.614900,31.681300,31.762700,31.859200,31.971100,32.098500,32.241600,32.400700,32.576100,32.768000,32.976700,33.202500,33.445600,33.706300,33.984600,34.280800,34.594600
31.502200,31.509600,31.531600,31.568300,31.619900,31.686300,31.767700,31.864300,31.976200,32.103700,32.246800,32.406000,32.581400,32.773400,32.982200,33.208100,33.451200,33.712000,33.990300,34.286500,34.600300
31.507200,31.514500,31.536500,31.573300,31.624900,31.691300,31.772800,31.869400,31.981400,32.108900,32.252100,32.411300,32.586800,32.778900,32.987700,33.213600,33.456900,33.717600,33.996000,34.292200,34.606000
31.512100,31.519500,31.541500,31.578300,31.629900,31.696400,31.777900,31.874500,31.986500,32.114100,32.257400,32.416600,32.592200,32.784300,32.993200,33.219200,33.462500,33.723300,34.001700,34.297900,34.611700
31.517100,31.524400,31.546500,31.583300,31.634900,31.701400,31.782900,31.879600,31.991700,32.119300,32.262600,32.422000,32.597600,32.789700,32.998700,33.224800,33.468100,33.728900,34.007400,34.303600,34.617400
31.522100,31.529400,31.551500,31.588300,31.639900,31.706400,31.788000,31.884800,31.996800,32.124500,32.267900,32.427300,32.603000,32.795200,33.004200,33.230300,33.473700,33.734600,34.013100,34.309300,34.623100
31.527000,31.534400,31.556400,31.593300,31.644900,31.711500,31.793100,31.889900,32.002000,32.129700,32.273100,32.432600,32.608300,32.800600,33.009700,33.235900,33.479300,33.740200,34.018800,34.314900,34.628800
31.532000,31.539300,31.561400,31.598300,31.649900,31.716500,31.798200,31.895000,32.007200,32.134900,32.278400,32.437900,32.613700,32.806100,33.015200,33.241400,33.484900,33.745900,34.024400,34.320600,34.634500
31.537000,31.544300,31.566400,31.603300,31.655000,31.721600,31.803200,31.900100,32.012300,32.140100,32.283700,32.443200,32.619100,32.811500,33.020700,33.247000,33.490500,33.751500,34.030100,34.326300,34.640200
31.541900,31.549300,31.571400,31.608300,31.660000,31.726600,31.808300,31.905200,32.017500,32.145300,32.288900,32.448600,32.624500,32.817000,33.026200,33.252600,33.496200,33.757200,34.035800,34.332000,34.645800
31.546900,31.554300,31.576400,31.613300,31.665000,31.731700,31.813400,31.910300,32.022600,32.150500,32.294200,32.453900,32.629900,32.822400,33.031700,33.258100,33.501800,33.762800,34.041500,34.337700,34.651500
31.551900,31.559200,31.581400,31.618300,31.670000,31.736700,31.818500,31.915400,32.027800,32.155700,32.299500,32.459200,32.635300,32.827900,33.037300,33.263700,33.507400,33.768500,34.047100,34.343400,34.657200
31.556900,31.564200,31.586300,31.623300,31.675000,31.741800,31.823600,31.920600,32.033000,32.160900,32.304700,32.464500,32.640700,32.833300,33.042800,33.269200,33.513000,33.774100,34.052800,34.349100,34.662900
31.561800,31.569200,31.591300,31.628300,31.680100,31.746800,31.828600,31.925700,32.038100,32.166200,32.310000,32.469900,32.646000,32.838800,33.048300,33.274800,33.518600,33.779800,34.058500,34.354700,34.668600
31.566800,31.574200,31.596300,31.633300,31.685100,31.751900,31.833700,31.930800,32.043300,32.171400,32.315300,32.475200,32.651400,32.844200,33.053800,33.280400,33.524200,33.785400,34.064100,34.360400,34.674200
31.571800,31.579200,31.601300,31.638300,31.690100,31.756900,31.838800,31.936000,32.048500,32.176600,32.320500,32.480500,32.656800,32.849700,33.059300,33.285900,33.529800,33.791000,34.069800,34.366100,34.679900
31.576800,31.584200,31.606300,31.643300,31.695200,31.762000,31.843900,31.941100,32.053700,32.181800,32.325800,32.485900,32.662200,32.855100,33.064800,33.291500,33.535400,33.796700,34.075400,34.371700,34.685600
31.581800,31.589200,31.611300,31.648300,31.700200,31.767100,31.849000,31.946200,32.058800,32.187100,32.331100,32.491200,32.667600,32.860500,33.070300,33.297000,33.541000,33.802300,34.081100,34.377400,34.691200
31.586800,31.594100,31.616300,31.653300,31.705200,31.772100,31.854100,31.951300,32.064000,32.192300,32.336400,32.496500,32.673000,32.866000,33.075800,33.302600,33.546600,33.807900,34.086800,34.383100,34.696900
31.591700,31.599100,31.621300,31.658300,31.710300,31.777200,31.859200,31.956500,32.069200,32.197500,32.341700,32.501900,32.678400,32.871400,33.081300,33.308100,33.552200,33.813600,34.092400,34.388700,34.702600
31.596700,31.604100,31.626300,31.663400,31.715300,31.782200,31.864300,31.961600,32.074400,32.202700,32.346900,32.507200,32.683800,32.876900,33.086800,33.313700,33.557800,33.819200,34.098100,34.394400,34.708200
31.601700,31.609100,31.631300,31.668400,31.720400,31.787300,31.869400,31.966800,32.079600,32.208000,32.352200,32.512600,32.689200,32.882400,33.092300,33.319200,33.563400,33.824800,34.103700,34.400100,34.713900
31.606700,31.614100,31.636400,31.673400,31.725400,31.792400,31.874500,31.971900,32.084700,32.213200,32.357500,32.517900,32.694600,32.887800,33.097800,33.324800,33.569000,33.830400,34.109400,34.405700,34.719500
31.611700,31.619100,31.641400,31.678400,31.730400,31.797500,31.879600,31.977000,32.089900,32.218400,32.362800,32.523200,32.700000,32.893300,33.103300,33.330300,33.574600,33.836100,34.115000,34.411400,34.725200
31.616700,31.624100,31.646400,31.683500,31.735500,31.802500,31.884700,31.982200,32.095100,32.223700,32.368100,32.528600,32.705400,32.898700,33.108800,33.335900,33.580100,33.841700,34.120600,34.417000,34.730800
31.621700,31.629200,31.651400,31.688500,31.740500,31.807600,31.889800,31.987300,32.100300,32.228900,32.373400,32.533900,32.710800,32.904200,33.114300,33.341400,33.585700,33.847300,34.126300,34.422700,34.736500
31.626700,31.634200,31.656400,31.693500,31.745600,31.812700,31.894900,31.992500,32.105500,32.234200,32.378700,32.539300,32.716200,32.909600,33.119800,33.347000,33.591300,33.852900,34.131900,34.428300,34.742100
31.631700,31.639200,31.661400,31.698600,31.750700,31.817800,31.900100,31.997600,32.110700,32.239400,32.384000,32.544600,32.721600,32.915100,33.125300,33.352500,33.596900,33.858600,34.137600,34.434000,34.747800
31.636800,31.644200,31.666400,31.703600,31.755700,31.822900,31.905200,32.002800,32.115900,32.244600,32.389300,32.550000,32.727000,32.920500,33.130800,33.358100,33.602500,33.864200,34.143200,34.439600,34.753400
31.641800,31.649200,31.671500,31.708600,31.760800,31.827900,31.910300,32.007900,32.121100,32.249900,32.394500,32.555300,32.732400,32.926000,33.136300,33.363600,33.608100,33.869800,34.148800,34.445300,34.759100
31.646800,31.654200,31.676500,31.713700,31.765800,31.833000,31.915400,32.013100,32.126300,32.255100,32.399800,32.560600,32.737800,32.931400,33.141800,33.369200,33.613700,33.875400,34.154500,34.450900,34.764700
31.651800,31.659200,31.681500,31.718700,31.770900,31.838100,31.920500,32.018300,32.131500,32.260400,32.405100,32.566000,32.743200,32.936900,33.147300,33.374700,33.619300,33.881000,34.160100,34.456600,34.770300
31.656800,31.664200,31.686600,31.723800,31.776000,31.843200,31.925700,32.023400,32.136700,32.265600,32.410400,32.571300,32.748600,32.942300,33.152800,33.380300,33.624800,33.886600,34.165700,34.462200,34.776000
31.661800,31.669300,31.691600,31.728800,31.781000,31.848300,31.930800,32.028600,32.141900,32.270900,32.415700,32.576700,32.754000,32.947800,33.158300,33.385800,33.630400,33.892200,34.171400,34.467800,34.781600
31.666900,31.674300,31.696600,31.733900,31.786100,31.853400,31.935900,32.033700,32.147100,32.276100,32.421000,32.582000,32.759400,32.953200,33.163800,33.391400,33.636000,33.897800,34.177000,34.473500,34.787300
31.671900,31.679300,31.701700,31.738900,31.791200,31.858500,31.941000,32.038900,32.152300,32.281400,32.426300,32.587400,32.764800,32.958700,33.169300,33.396900,33.641600,33.903400,34.182600,34.479100,34.792900
31.676900,31.684400,31.706700,31.744000,31.796200,31.863600,31.946200,32.044100,32.157500,32.286600,32.431600,32.592800,32.770200,32.964100,33.174800,33.402500,33.647200,33.909100,34.188200,34.484700,34.798500
31.681900,31.689400,31.711700,31.749000,31.801300,31.868700,31.951300,32.049300,32.162700,32.291900,32.436900,32.598100,32.775600,32.969600,33.180300,33.408000,33.652700,33.914700,34.193900,34.490400,34.804200
31.687000,31.694400,31.716800,31.754100,31.806400,31.873800,31.956400,32.054400,32.167900,32.297100,32.442200,32.603500,32.781000,32.975000,33.185800,33.413500,33.658300,33.920300,34.199500,34.496000,34.809800
31.692000,31.699400,31.721800,31.759100,31.811500,31.878900,31.961600,32.059600,32.173100,32.302400,32.447600,32.608800,32.786400,32.980500,33.191300,33.419100,33.663900,33.925900,34.205100,34.501600,34.815400
31.697000,31.704500,31.726900,31.764200,31.816500,31.884000,31.966700,32.064800,32.178400,32.307700,32.452900,32.614200,32.791800,32.986000,33.196800,33.424600,33.669500,33.931500,34.210700,34.507200,34.820900
31.702100,31.709500,31.731900,31.769200,31.821600,31.889100,31.971800,32.069900,32.183600,32.312900,32.458200,32.619500,32.797200,32.991400,33.202300,33.430200,33.675000,33.937100,34.216300,34.512800,34.826400
31.707100,31.714600,31.737000,31.774300,31.826700,31.894200,31.977000,32.075100,32.188800,32.318200,32.463500,32.624900,32.802600,32.996900,33.207800,33.435700,33.680600,33.942700,34.221900,34.518400,34.831900
31.712100,31.719600,31.742000,31.779400,31.831800,31.899300,31.982100,32.080300,32.194000,32.323400,32.468800,32.630200,32.808000,33.002300,33.213300,33.441200,33.686200,33.948300,34.227500,34.524000,34.837300
31.717200,31.724600,31.747100,31.784400,31.836900,31.904400,31.987300,32.085500,32.199200,32.328700,32.474100,32.635600,32.813400,33.007800,33.218800,33.446800,33.691700,33.953800,34.233100,34.529500,34.842700
31.722200,31.729700,31.752100,31.789500,31.842000,31.909600,31.992400,32.090700,32.204500,32.334000,32.479400,32.641000,32.818800,33.013200,33.224300,33.452300,33.697300,33.959400,34.238700,34.535100,34.848100
31.727300,31.734700,31.757200,31.794600,31.847100,31.914700,31.997600,32.095800,32.209700,32.339200,32.484700,32.646300,32.824200,33.018700,33.229800,33.457800,33.702900,33.965000,34.244300,34.540600,34.853400
31.732300,31.739800,31.762200,31.799700,31.852200,31.919800,32.002700,32.101000,32.214900,32.344500,32.490000,32.651700,32.829700,33.024100,33.235300,33.463400,33.708400,33.970600,34.249900,34.546100,34.858800
31.737400,31.744800,31.767300,31.804700,31.857200,31.924900,32.007900,32.106200,32.220100,32.349800,32.495400,32.657100,32.835100,33.029600,33.240800,33.468900,33.714000,33.976200,34.255400,34.551600,34.864100
31.742400,31.749900,31.772300,31.809800,31.862300,31.930000,32.013000,32.111400,32.225400,32.355100,32.500700,32.662400,32.840500,33.035000,33.246300,33.474400,33.719600,33.981700,34.261000,34.557000,34.869400
31.747500,31.755000,31.777400,31.814900,31.867400,31.935200,32.018200,32.116600,32.230600,32.360300,32.506000,32.667800,32.845900,33.040500,33.251800,33.480000,33.725100,33.987300,34.266500,34.562500,34.874700
31.752500,31.760000,31.782500,31.820000,31.872500,31.940300,32.023300,32.121800,32.235800,32.365600,32.511300,32.673100,32.851300,33.046000,33.257300,33.485500,33.730700,33.992900,34.272000,34.567900,34.879900
31.757600,31.765100,31.787500,31.825100,31.877600,31.945400,32.028500,32.127000,32.241100,32.370900,32.516600,32.678500,32.856700,33.051400,33.262800,33.491000,33.736200,33.998400,34.277500,34.573300,34.885200
31.762600,31.770100,31.792600,31.830100,31.882800,31.950600,32.033600,32.132200,32.246300,32.376200,32.521900,32.683900,32.862100,33.056900,33.268300,33.496600,33.741800,34.004000,34.283000,34.578700,34.890400
31.767700,31.775200,31.797700,31.835200,31.887900,31.955700,32.038800,32.137400,32.251500,32.381400,32.527300,32.689200,32.867500,33.062300,33.273800,33.502100,33.747300,34.009500,34.288500,34.584100,34.895700
31.772800,31.780300,31.802800,31.840300,31.893000,31.960800,32.044000,32.142600,32.256800,32.386700,32.532600,32.694600,32.872900,33.067800,33.279300,33.507600,33.752900,34.015000,34.294000,34.589500,34.900900
31.777800,31.785300,31.807800,31.845400,31.898100,31.966000,32.049100,32.147800,32.262000,32.392000,32.537900,32.700000,32.878400,33.073200,33.284800,33.513100,33.758400,34.020600,34.299500,34.594900,34.906100
31.782900,31.790400,31.812900,31.850500,31.903200,31.971100,32.054300,32.153000,32.267200,32.397300,32.543200,32.705300,32.883800,33.078700,33.290300,33.518600,33.763900,34.026100,34.305000,34.600200,34.911300
31.788000,31.795500,31.818000,31.855600,31.908300,31.976200,32.059500,32.158200,32.272500,32.402500,32.548600,32.710700,32.889200,33.084100,33.295800,33.524200,33.769400,34.031600,34.310400,34.605600,34.916400
31.793000,31.800500,31.823100,31.860700,31.913400,31.981400,32.064600,32.163400,32.277700,32.407800,32.553900,32.716100,32.894600,33.089600,33.301200,33.529700,33.775000,34.037100,34.315900,34.610900,34.921600
31.798100,31.805600,31.828200,31.865800,31.918500,31.986500,32.069800,32.168600,32.283000,32.413100,32.559200,32.721500,32.900000,33.095000,33.306700,33.535200,33.780500,34.042600,34.321300,34.616300,34.926800
31.803200,31.810700,31.833300,31.870900,31.923700,31.991700,32.075000,32.173800,32.288200,32.418400,32.564500,32.726800,32.905400,33.100500,33.312200,33.540700,33.786000,34.048100,34.326700,34.621600,34.931900
31.808300,31.815800,31.838300,31.876000,31.928800,31.996800,32.080200,32.179000,32.293500,32.423700,32.569900,32.732200,32.910800,33.105900,33.317700,33.546200,33.791500,34.053600,34.332100,34.626900,34.937000
31.813300,31.820900,31.843400,31.881100,31.933900,32.001900,32.085300,32.184200,32.298700,32.429000,32.575200,32.737600,32.916200,33.111400,33.323200,33.551700,33.797000,34.059000,34.337600,34.632200,34.942200
31.818400,31.825900,31.848500,31.886200,31.939000,32.007100,32.090500,32.189400,32.304000,32.434300,32.580500,32.742900,32.921700,33.116800,33.328700,33.557200,33.802500,34.064500,34.343000,34.637400,34.947300
31.823500,31.831000,31.853600,31.891300,31.944200,32.012200,32.095700,32.194600,32.309200,32.439600,32.585900,32.748300,32.927100,33.122300,33.334100,33.562700,33.808000,34.070000,34.348300,34.642700,34.952400
31.828600,31.836100,31.858700,31.896400,31.949300,32.017400,32.100900,32.199900,32.314500,32.444800,32.591200,32.753700,32.932500,33.127700,33.339600,33.568200,33.813500,34.075400,34.353700,34.648000,34.957500
31.833700,31.841200,31.863800,31.901500,31.954400,32.022600,32.106100,32.205100,32.319700,32.450100,32.596500,32.759100,32.937900,33.133200,33.345100,33.573700,33.819000,34.080900,34.359100,34.653200,34.962500
31.838800,31.846300,31.868900,31.906600,31.959500,32.027700,32.111300,32.210300,32.325000,32.455400,32.601900,32.764400,32.943300,33.138600,33.350600,33.579200,33.824400,34.086300,34.364500,34.658500,34.967600
31.843800,31.851400,31.874000,31.911700,31.964700,32.032900,32.116400,32.215500,32.330200,32.460700,32.607200,32.769800,32.948700,33.144100,33.356000,33.584600,33.829900,34.091700,34.369800,34.663700,34.972700
31.848900,31.856500,31.879100,31.916900,31.969800,32.038000,32.121600,32.220700,32.335500,32.466000,32.612500,32.775200,32.954100,33.149500,33.361500,33.590100,33.835400,34.097200,34.375200,34.668900,34.977700
31.854000,31.861600,31.884200,31.922000,31.974900,32.043200,32.126800,32.225900,32.340700,32.471300,32.617900,32.780600,32.959500,33.155000,33.367000,33.595600,33.840800,34.102600,34.380500,34.674100,34.982800
31.859100,31.866700,31.889300,31.927100,31.980100,32.048400,32.132000,32.231200,32.346000,32.476600,32.623200,32.785900,32.965000,33.160400,33.372400,33.601100,33.846300,34.108000,34.385800,34.679300,34.987800
31.864200,31.871800,31.894400,31.932200,31.985200,32.053500,32.137200,32.236400,32.351200,32.481900,32.628500,32.791300,32.970400,33.165900,33.377900,33.606500,33.851800,34.113400,34.391200,34.684500,34.992800
31.869300,31.876900,31.899500,31.937300,31.990400,32.058700,32.142400,32.241600,32.356500,32.487200,32.633900,32.796700,32.975800,33.171300,33.383400,33.612000,33.857200,34.118800,34.396500,34.689700,34.997900
31.874400,31.882000,31.904600,31.942500,31.995500,32.063800,32.147600,32.246800,32.361800,32.492500,32.639200,32.802100,32.981200,33.176700,33.388800,33.617500,33.862600,34.124200,34.401800,34.694900,35.002900
31.879500,31.887100,31.909800,31.947600,32.000700,32.069000,32.152800,32.252100,32.367000,32.497800,32.644500,32.807400,32.986600,33.182200,33.394300,33.622900,33.868100,34.129600,34.407100,34.700100,35.007900
31.884600,31.892200,31.914900,31.952700,32.005800,32.074200,32.158000,32.257300,32.372300,32.503100,32.649900,32.812800,32.992000,33.187600,33.399700,33.628400,33.873500,34.134900,34.412400,34.705200,35.012900
31.889700,31.897300,31.920000,31.957900,32.011000,32.079400,32.163200,32.262500,32.377600,32.508400,32.655200,32.818200,32.997400,33.193000,33.405200,33.633800,33.878900,34.140300,34.417600,34.710400,35.017900
31.894800,31.902400,31.925100,31.963000,32.016100,32.084500,32.168400,32.267800,32.382800,32.513700,32.660600,32.823600,33.002800,33.198500,33.410600,33.639300,33.884300,34.145700,34.422900,34.715500,35.022800
31.899900,31.907500,31.930200,31.968100,32.021300,32.089700,32.173600,32.273000,32.388100,32.519000,32.665900,32.828900,33.008200,33.203900,33.416100,33.644700,33.889800,34.151000,34.428200,34.720700,35.027800
31.905100,31.912600,31.935400,31.973300,32.026400,32.094900,32.178800,32.278200,32.393400,32.524300,32.671200,32.834300,33.013600,33.209300,33.421500,33.650100,33.895200,34.156400,34.433400,34.725800,35.032800
31.910200,31.917800,31.940500,31.978400,32.031600,32.100100,32.184000,32.283500,32.398600,32.529600,32.676600,32.839700,33.019000,33.214800,33.426900,33.655600,33.900600,34.161700,34.438700,34.730900,35.037700
31.915300,31.922900,31.945600,31.983500,32.036700,32.105200,32.189200,32.288700,32.403900,32.534900,32.681900,32.845100,33.024400,33.220200,33.432400,33.661000,33.906000,34.167100,34.443900,34.736100,35.042700
31.920400,31.928000,31.950700,31.988700,32.041900,32.110400,32.194400,32.293900,32.409200,32.540200,32.687300,32.850400,33.029800,33.225600,33.437800,33.666400,33.911400,34.172400,34.449200,34.741200,35.047600
31.925500,31.933100,31.955900,31.993800,32.047000,32.115600,32.199600,32.299200,32.414400,32.545500,32.692600,32.855800,33.035200,33.231000,33.443200,33.671800,33.916700,34.177700,34.454400,34.746300,35.052600
31.930600,31.938200,31.961000,31.999000,32.052200,32.120800,32.204800,32.304400,32.419700,32.550800,32.697900,32.861200,33.040600,33.236400,33.448700,33.677300,33.922100,34.183000,34.459600,34.751400,35.057500
31.935800,31.943400,31.966100,32.004100,32.057400,32.126000,32.210000,32.309700,32.425000,32.556200,32.703300,32.866500,33.046000,33.241900,33.454100,33.682700,33.927500,34.188400,34.464800,34.756400,35.062400
31.940900,31.948500,31.971300,32.009300,32.062500,32.131200,32.215300,32.314900,32.430300,32.561500,32.708600,32.871900,33.051400,33.247300,33.459500,33.688100,33.932900,34.193700,34.470100,34.761500,35.067300
31.946000,31.953600,31.976400,32.014400,32.067700,32.136400,32.220500,32.320200,32.435500,32.566800,32.714000,32.877300,33.056800,33.252700,33.464900,33.693500,33.938200,34.199000,34.475300,34.766600,35.072200
31.951100,31.958700,31.981500,32.019600,32.072900,32.141500,32.225700,32.325400,32.440800,32.572100,32.719300,32.882700,33.062200,33.258100,33.470300,33.698900,33.943600,34.204300,34.480500,34.771700,35.077100
31.956300,31.963900,31.986700,32.024700,32.078000,32.146700,32.230900,32.330700,32.446100,32.577400,32.724700,32.888000,33.067600,33.263500,33.475700,33.704300,33.949000,34.209500,34.485600,34.776700,35.082000
31.961400,31.969000,31.991800,32.029900,32.083200,32.151900,32.236100,32.335900,32.451400,32.582700,32.730000,32.893400,33.073000,33.268900,33.481200,33.709700,33.954300,34.214800,34.490800,34.781800,35.086900
31.966500,31.974100,31.997000,32.035000,32.088400,32.157100,32.241300,32.341100,32.456700,32.588000,32.735300,32.898800,33.078400,33.274300,33.486600,33.715000,33.959600,34.220100,34.496000,34.786800,35.091800
31.971700,31.979300,32.002100,32.040200,32.093600,32.162300,32.246600,32.346400,32.461900,32.593300,32.740700,32.904100,33.083800,33.279700,33.492000,33.720400,33.965000,34.225400,34.501200,34.791800,35.096600
31.976800,31.984400,32.007300,32.045300,32.098700,32.167500,32.251800,32.351600,32.467200,32.598600,32.746000,32.909500,33.089200,33.285100,33.497400,33.725800,33.970300,34.230600,34.506300,34.796900,35.101500
31.982000,31.989600,32.012400,32.050500,32.103900,32.172700,32.257000,32.356900,32.472500,32.604000,32.751400,32.914900,33.094600,33.290500,33.502800,33.731200,33.975600,34.235900,34.511500,34.801900,35.106400
31.987100,31.994700,32.017600,32.055700,32.109100,32.177900,32.262200,32.362200,32.477800,32.609300,32.756700,32.920200,33.100000,33.295900,33.508100,33.736500,33.981000,34.241100,34.516600,34.806900,35.111200
31.992200,31.999900,32.022700,32.060800,32.114300,32.183100,32.267500,32.367400,32.483100,32.614600,32.762100,32.925600,33.105400,33.301300,33.513500,33.741900,33.986300,34.246400,34.521800,34.811900,35.116100
31.997400,32.005000,32.027900,32.066000,32.119500,32.188300,32.272700,32.372700,32.488400,32.619900,32.767400,32.931000,33.110700,33.306700,33.518900,33.747300,33.991600,34.251600,34.526900,34.816900,35.120900
32.002500,32.010100,32.033000,32.071200,32.124600,32.193500,32.277900,32.377900,32.493600,32.625200,32.772700,32.936300,33.116100,33.312100,33.524300,33.752600,33.996900,34.256900,34.532100,34.821900,35.125900
32.007700,32.015300,32.038200,32.076300,32.129800,32.198700,32.283200,32.383200,32.498900,32.630500,32.778100,32.941700,33.121500,33.317500,33.529700,33.758000,34.002200,34.262100,34.537200,34.827000,35.131000
32.012800,32.020400,32.043300,32.081500,32.135000,32.203900,32.288400,32.388400,32.504200,32.635800,32.783400,32.947100,33.126900,33.322900,33.535100,33.763300,34.007500,34.267300,34.542300,34.832000,35.136100
32.018000,32.025600,32.048500,32.086700,32.140200,32.209200,32.293600,32.393700,32.509500,32.641100,32.788800,32.952400,33.132300,33.328300,33.540400,33.768700,34.012800,34.272500,34.547500,34.837100,35.141200
32.023100,32.030800,32.053600,32.091800,32.145400,32.214400,32.298900,32.399000,32.514800,32.646500,32.794100,32.957800,33.137600,33.333600,33.545800,33.774000,34.018100,34.277800,34.552600,34.842200,35.146400
32.028300,32.035900,32.058800,32.097000,32.150600,32.219600,32.304100,32.404200,32.520100,32.651800,32.799400,32.963200,33.143000,33.339000,33.551200,33.779300,34.023400,34.283000,34.557700,34.847300,35.151600
32.033400,32.041100,32.064000,32.102200,32.155800,32.224800,32.309300,32.409500,32.525400,32.657100,32.804800,32.968500,33.148400,33.344400,33.556500,33.784700,34.028700,34.288200,34.562900,34.852400,35.156800
32.038600,32.046200,32.069100,32.107400,32.161000,32.230000,32.314600,32.414700,32.530700,32.662400,32.810100,32.973900,33.153700,33.349800,33.561900,33.790000,34.033900,34.293400,34.568000,34.857600,35.162100
32.043700,32.051400,32.074300,32.112600,32.166200,32.235200,32.319800,32.420000,32.535900,32.667700,32.815500,32.979200,33.159100,33.355100,33.567200,33.795300,34.039200,34.298600,34.573200,34.862800,35.167400
32.048900,32.056500,32.079500,32.117700,32.171400,32.240400,32.325000,32.425300,32.541200,32.673000,32.820800,32.984600,33.164500,33.360500,33.572600,33.800700,34.044500,34.303800,34.578400,34.868000,35.172700
32.054100,32.061700,32.084600,32.122900,32.176600,32.245700,32.330300,32.430500,32.546500,32.678400,32.826100,32.989900,33.169900,33.365900,33.577900,33.806000,34.049800,34.309100,34.583600,34.873200,35.178000
32.059200,32.066900,32.089800,32.128100,32.181800,32.250900,32.335500,32.435800,32.551800,32.683700,32.831500,32.995300,33.175200,33.371200,33.583300,33.811300,34.055000,34.314300,34.588800,34.878400,35.183400
32.064400,32.072000,32.095000,32.133300,32.187000,32.256100,32.340800,32.441100,32.557100,32.689000,32.836800,33.000700,33.180600,33.376600,33.588600,33.816600,34.060300,34.319500,34.594000,34.883600,35.188700
32.069600,32.077200,32.100200,32.138500,32.192200,32.261300,32.346000,32.446300,32.562400,32.694300,32.842100,33.006000,33.185900,33.381900,33.594000,33.821900,34.065600,34.324700,34.599200,34.888900,35.194100
32.074700,32.082400,32.105300,32.143700,32.197400,32.266500,32.351200,32.451600,32.567700,32.699600,32.847500,33.011400,33.191300,33.387300,33.599300,33.827200,34.070800,34.330000,34.604400,34.894200,35.199500
32.079900,32.087600,32.110500,32.148800,32.202600,32.271800,32.356500,32.456900,32.573000,32.704900,32.852800,33.016700,33.196700,33.392600,33.604600,33.832500,34.076100,34.335200,34.609700,34.899400,35.204900
32.085100,32.092700,32.115700,32.154000,32.207800,32.277000,32.361700,32.462100,32.578300,32.710200,32.858200,33.022100,33.202000,33.398000,33.610000,33.837800,34.081400,34.340500,34.614900,34.904700,35.210300
32.090200,32.097900,32.120900,32.159200,32.213000,32.282200,32.367000,32.467400,32.583600,32.715600,32.863500,33.027400,33.207400,33.403300,33.615300,33.843100,34.086700,34.345700,34.620200,34.910100,35.215800
32.095400,32.103100,32.126100,32.164400,32.218200,32.287400,32.372200,32.472700,32.588900,32.720900,32.868800,33.032800,33.212700,33.408700,33.620600,33.848400,34.091900,34.351000,34.625400,34.915400,35.221200
32.100600,32.108300,32.131300,32.169600,32.223400,32.292700,32.377500,32.477900,32.594200,32.726200,32.874200,33.038100,33.218100,33.414000,33.626000,33.853700,34.097200,34.356200,34.630700,34.920700,35.226700
32.105800,32.113400,32.136400,32.174800,32.228600,32.297900,32.382700,32.483200,32.599400,32.731500,32.879500,33.043400,33.223400,33.419400,33.631300,33.859000,34.102500,34.361500,34.636000,34.926100,35.232100
32.110900,32.118600,32.141600,32.180000,32.233800,32.303100,32.388000,32.488500,32.604700,32.736800,32.884800,33.048800,33.228800,33.424700,33.636600,33.864300,34.107800,34.366700,34.641300,34.931400,35.237600
32.116100,32.123800,32.146800,32.185200,32.239000,32.308400,32.393200,32.493800,32.610000,32.742100,32.890100,33.054100,33.234100,33.430100,33.641900,33.869600,34.113000,34.372000,34.646500,34.936800,35.243100
32.121300,32.129000,32.152000,32.190400,32.244300,32.313600,32.398500,32.499000,32.615300,32.747400,32.895500,33.059500,33.239400,33.435400,33.647300,33.874900,34.118300,34.377300,34.651900,34.942200,35.248600
32.126500,32.134200,32.157200,32.195600,32.249500,32.318800,32.403700,32.504300,32.620600,32.752800,32.900800,33.064800,33.244800,33.440700,33.652600,33.880300,34.123600,34.382600,34.657200,34.947500,35.254100
32.131700,32.139400,32.162400,32.200800,32.254700,32.324100,32.409000,32.509600,32.625900,32.758100,32.906100,33.070100,33.250100,33.446100,33.657900,33.885600,34.128900,34.387900,34.662500,34.952900,35.259700
32.136900,32.144500,32.167600,32.206000,32.259900,32.329300,32.414200,32.514900,32.631200,32.763400,32.911500,33.075500,33.255500,33.451400,33.663200,33.890900,34.134200,34.393200,34.667800,34.958300,35.265200
32.142000,32.149700,32.172800,32.211200,32.265100,32.334500,32.419500,32.520100,32.636500,32.768700,32.916800,33.080800,33.260800,33.456700,33.668500,33.896200,34.139500,34.398500,34.673200,34.963800,35.270800
32.147200,32.154900,32.178000,32.216400,32.270300,32.339800,32.424800,32.525400,32.641800,32.774000,32.922100,33.086100,33.266100,33.462100,33.673900,33.901500,34.144800,34.403800,34.678500,34.969200,35.276300
32.152400,32.160100,32.183200,32.221600,32.275600,32.345000,32.430000,32.530700,32.647100,32.779300,32.927400,33.091500,33.271500,33.467400,33.679200,33.906800,34.150100,34.409100,34.683800,34.974600,35.281900
32.157600,32.165300,32.188400,32.226900,32.280800,32.350200,32.435300,32.536000,32.652400,32.784600,32.932800,33.096800,33.276800,33.472700,33.684500,33.912100,34.155400,34.414400,34.689200,34.980100,35.287400
32.162800,32.170500,32.193600,32.232100,32.286000,32.355500,32.440500,32.541200,32.657700,32.789900,32.938100,33.102100,33.282100,33.478000,33.689800,33.917400,34.160700,34.419700,34.694600,34.985500,35.293000
32.168000,32.175700,32.198800,32.237300,32.291200,32.360700,32.445800,32.546500,32.663000,32.795300,32.943400,33.107500,33.287500,33.483400,33.695100,33.922700,34.166000,34.425000,34.699900,34.991000,35.298600
32.173200,32.180900,32.204000,32.242500,32.296500,32.366000,32.451000,32.551800,32.668300,32.800600,32.948700,33.112800,33.292800,33.488700,33.700400,33.928000,34.171300,34.430400,34.705300,34.996400,35.304200
32.178400,32.186100,32.209200,32.247700,32.301700,32.371200,32.456300,32.557100,32.673600,32.805900,32.954100,33.118100,33.298100,33.494000,33.705800,33.933300,34.176600,34.435700,34.710700,35.001900,35.309800
32.183600,32.191300,32.214400,32.252900,32.306900,32.376400,32.461600,32.562300,32.678900,32.811200,32.959400,33.123500,33.303500,33.499300,33.711100,33.938600,34.181900,34.441100,34.716100,35.007400,35.315400
32.188800,32.196500,32.219600,32.258100,32.312200,32.381700,32.466800,32.567600,32.684200,32.816500,32.964700,33.128800,33.308800,33.504700,33.716400,33.943900,34.187300,34.446400,34.721500,35.012900,35.321100
32.194000,32.201700,32.224800,32.263400,32.317400,32.386900,32.472100,32.572900,32.689500,32.821800,32.970000,33.134100,33.314100,33.510000,33.721700,33.949300,34.192600,34.451800,34.726900,35.018400,35.326700
32.199200,32.206900,32.230000,32.268600,32.322600,32.392200,32.477400,32.578200,32.694800,32.827100,32.975300,33.139400,33.319400,33.515300,33.727000,33.954600,34.197900,34.457100,34.732300,35.023900,35.332300
32.204400,32.212100,32.235200,32.273800,32.327800,32.397400,32.482600,32.583500,32.700000,32.832400,32.980700,33.144800,33.324800,33.520600,33.732400,33.959900,34.203200,34.462500,34.737800,35.029400,35.338000
32.209600,32.217300,32.240400,32.279000,32.333100,32.402700,32.487900,32.588700,32.705300,32.837700,32.986000,33.150100,33.330100,33.526000,33.737700,33.965200,34.208600,34.467800,34.743200,35.034900,35.343600
32.214800,32.222500,32.245700,32.284200,32.338300,32.407900,32.493100,32.594000,32.710600,32.843000,32.991300,33.155400,33.335400,33.531300,33.743000,33.970500,34.213900,34.473200,34.748600,35.040500,35.349300
32.220000,32.227700,32.250900,32.289500,32.343500,32.413200,32.498400,32.599300,32.715900,32.848400,32.996600,33.160700,33.340700,33.536600,33.748300,33.975900,34.219300,34.478600,34.754100,35.046000,35.354900
32.225200,32.232900,32.256100,32.294700,32.348800,32.418400,32.503700,32.604600,32.721200,32.853700,33.001900,33.166100,33.346100,33.541900,33.753600,33.981200,34.224600,34.484000,34.759500,35.051500,35.360600
32.230400,32.238200,32.261300,32.299900,32.354000,32.423700,32.508900,32.609900,32.726500,32.859000,33.007200,33.171400,33.351400,33.547200,33.759000,33.986500,34.230000,34.489400,34.765000,35.057100,35.366300
32.235600,32.243400,32.266500,32.305100,32.359300,32.428900,32.514200,32.615100,32.731800,32.864300,33.012600,33.176700,33.356700,33.552600,33.764300,33.991900,34.235300,34.494800,34.770400,35.062700,35.372000
32.240900,32.248600,32.271700,32.310400,32.364500,32.434200,32.519500,32.620400,32.737100,32.869600,33.017900,33.182000,33.362000,33.557900,33.769600,33.997200,34.240700,34.500200,34.775900,35.068200,35.377700
32.246100,32.253800,32.277000,32.315600,32.369700,32.439400,32.524700,32.625700,32.742400,32.874900,33.023200,33.187300,33.367300,33.563200,33.774900,34.002500,34.246000,34.505600,34.781400,35.073800,35.383400
32.251300,32.259000,32.282200,32.320800,32.375000,32.444700,32.530000,32.631000,32.747700,32.880200,33.028500,33.192700,33.372700,33.568500,33.780300,34.007900,34.251400,34.511000,34.786800,35.079400,35.389100
32.256500,32.264200,32.287400,32.326100,32.380200,32.449900,32.535300,32.636300,32.753000,32.885500,33.033800,33.198000,33.378000,33.573900,33.785600,34.013200,34.256800,34.516400,34.792300,35.084900,35.394800
32.261700,32.269400,32.292600,32.331300,32.385500,32.455200,32.540500,32.641500,32.758300,32.890800,33.039100,33.203300,33.383300,33.579200,33.790900,34.018600,34.262100,34.521800,34.797800,35.090500,35.400500
32.266900,32.274700,32.297900,32.336500,32.390700,32.460400,32.545800,32.646800,32.763600,32.896100,33.044400,33.208600,33.388600,33.584500,33.796300,34.023900,34.267500,34.527200,34.803300,35.096100,35.406200
32.272200,32.279900,32.303100,32.341800,32.395900,32.465700,32.551100,32.652100,32.768900,32.901400,33.049800,33.213900,33.394000,33.589800,33.801600,34.029200,34.272900,34.532600,34.808800,35.101700,35.411900
32.277400,32.285100,32.308300,32.347000,32.401200,32.471000,32.556300,32.657400,32.774200,32.906700,33.055100,33.219200,33.399300,33.595200,33.806900,34.034600,34.278300,34.538100,34.814300,35.107300,35.417700
32.282600,32.290300,32.313500,32.352200,32.406400,32.476200,32.561600,32.662700,32.779500,32.912000,33.060400,33.224600,33.404600,33.600500,33.812300,34.040000,34.283600,34.543500,34.819800,35.112900,35.423400
32.287800,32.295600,32.318800,32.357500,32.411700,32.481500,32.566900,32.668000,32.784800,32.917300,33.065700,33.229900,33.409900,33.605800,33.817600,34.045300,34.289000,34.548900,34.825300,35.118500,35.429100
32.293000,32.300800,32.324000,32.362700,32.416900,32.486700,32.572200,32.673200,32.790000,32.922600,33.071000,33.235200,33.415300,33.611200,33.822900,34.050700,34.294400,34.554400,34.830800,35.124200,35.434900
32.298300,32.306000,32.329200,32.367900,32.422200,32.492000,32.577400,32.678500,32.795300,32.927900,33.076300,33.240500,33.420600,33.616500,33.828300,34.056000,34.299800,34.559800,34.836400,35.129800,35.440600
32.303500,32.311200,32.334500,32.373200,32.427400,32.497200,32.582700,32.683800,32.800600,32.933200,33.081600,33.245800,33.425900,33.621800,33.833600,34.061400,34.305200,34.565300,34.841900,35.135400,35.446400
32.308700,32.316500,32.339700,32.378400,32.432700,32.502500,32.588000,32.689100,32.805900,32.938500,33.086900,33.251200,33.431200,33.627200,33.839000,34.066800,34.310600,34.570800,34.847400,35.141100,35.452200
32.313900,32.321700,32.344900,32.383700,32.437900,32.507800,32.593200,32.694400,32.811200,32.943800,33.092200,33.256500,33.436500,33.632500,33.844300,34.072100,34.316000,34.576200,34.853000,35.146700,35.457800
32.319200,32.326900,32.350200,32.388900,32.443200,32.513000,32.598500,32.699700,32.816500,32.949100,33.097600,33.261800,33.441900,33.637800,33.849700,34.077500,34.321400,34.581700,34.858500,35.152300,35.463400
32.324400,32.332200,32.355400,32.394100,32.448400,32.518300,32.603800,32.704900,32.821800,32.954400,33.102900,33.267100,33.447200,33.643200,33.855000,34.082900,34.326900,34.587200,34.864000,35.157900,35.468900
32.329600,32.337400,32.360600,32.399400,32.453700,32.523600,32.609100,32.710200,32.827100,32.959700,33.108200,33.272400,33.452500,33.648500,33.860400,34.088300,34.332300,34.592600,34.869600,35.163500,35.474400
32.334900,32.342600,32.365900,32.404600,32.458900,32.528800,32.614300,32.715500,32.832400,32.965000,33.113500,33.277700,33.457800,33.653800,33.865700,34.093600,34.337700,34.598100,34.875100,35.169000,35.479800
32.340100,32.347900,32.371100,32.409900,32.464200,32.534100,32.619600,32.720800,32.837700,32.970400,33.118800,33.283100,33.463200,33.659200,33.871100,34.099000,34.343100,34.603600,34.880600,35.174600,35.485300
32.345300,32.353100,32.376300,32.415100,32.469400,32.539300,32.624900,32.726100,32.843000,32.975700,33.124100,33.288400,33.468500,33.664500,33.876400,34.104400,34.348500,34.609000,34.886200,35.180100,35.490700
32.350600,32.358300,32.381600,32.420400,32.474700,32.544600,32.630100,32.731400,32.848300,32.981000,33.129400,33.293700,33.473800,33.669800,33.881800,34.109800,34.354000,34.614500,34.891700,35.185600,35.496100
32.355800,32.363600,32.386800,32.425600,32.479900,32.549900,32.635400,32.736600,32.853600,32.986300,33.134700,33.299000,33.479200,33.675200,33.887200,34.115200,34.359400,34.620000,34.897200,35.191100,35.501500
32.361000,32.368800,32.392100,32.430900,32.485200,32.555100,32.640700,32.741900,32.858900,32.991600,33.140000,33.304300,33.484500,33.680500,33.892500,34.120600,34.364800,34.625500,34.902700,35.196500,35.506800
32.366300,32.374000,32.397300,32.436100,32.490500,32.560400,32.646000,32.747200,32.864200,32.996900,33.145400,33.309700,33.489800,33.685900,33.897900,34.126000,34.370300,34.630900,34.908200,35.202000,35.512100
32.371500,32.379300,32.402500,32.441300,32.495700,32.565700,32.651200,32.752500,32.869500,33.002200,33.150700,33.315000,33.495200,33.691200,33.903300,34.131400,34.375700,34.636400,34.913600,35.207400,35.517500
32.376800,32.384500,32.407800,32.446600,32.501000,32.570900,32.656500,32.757800,32.874800,33.007500,33.156000,33.320300,33.500500,33.696600,33.908600,34.136800,34.381100,34.641900,34.919100,35.212800,35.522800
32.382000,32.389800,32.413000,32.451800,32.506200,32.576200,32.661800,32.763100,32.880000,33.012800,33.161300,33.325600,33.505800,33.701900,33.914000,34.142200,34.386600,34.647300,34.924600,35.218200,35.528000
32.387200,32.395000,32.418300,32.457100,32.511500,32.581500,32.667100,32.768300,32.885300,33.018100,33.166600,33.330900,33.511200,33.707300,33.919400,34.147600,34.392000,34.652800,34.930000,35.223600,35.533300
32.392500,32.400200,32.423500,32.462300,32.516700,32.586700,32.672300,32.773600,32.890600,33.023400,33.171900,33.336300,33.516500,33.712600,33.924700,34.153000,34.397400,34.658200,34.935400,35.229000,35.538600
32.397700,32.405500,32.428800,32.467600,32.522000,32.592000,32.677600,32.778900,32.895900,33.028700,33.177200,33.341600,33.521800,33.718000,33.930100,34.158400,34.402800,34.663700,34.940900,35.234400,35.543800
32.403000,32.410700,32.434000,32.472900,32.527300,32.597300,32.682900,32.784200,32.901200,33.034000,33.182500,33.346900,33.527200,33.723300,33.935500,34.163800,34.408300,34.669100,34.946300,35.239800,35.549100
32.408200,32.416000,32.439300,32.478100,32.532500,32.602500,32.688200,32.789500,32.906500,33.039300,33.187900,33.352200,33.532500,33.728700,33.940900,34.169200,34.413700,34.674500,34.951700,35.245100,35.554300
32.413400,32.421200,32.444500,32.483400,32.537800,32.607800,32.693500,32.794800,32.911800,33.044600,33.193200,33.357600,33.537800,33.734000,33.946200,34.174600,34.419100,34.680000,34.957100,35.250400,35.559500
32.418700,32.426500,32.449800,32.488600,32.543000,32.613100,32.698700,32.800100,32.917100,33.049900,33.198500,33.362900,33.543200,33.739400,33.951600,34.180000,34.424500,34.685400,34.962500,35.255800,35.564700
32.423900,32.431700,32.455000,32.493900,32.548300,32.618300,32.704000,32.805400,32.922400,33.055200,33.203800,33.368200,33.548500,33.744800,33.957000,34.185400,34.429900,34.690800,34.967900,35.261100,35.569900
32.429200,32.437000,32.460300,32.499100,32.553600,32.623600,32.709300,32.810600,32.927700,33.060500,33.209100,33.373500,33.553900,33.750100,33.962400,34.190800,34.435400,34.696200,34.973300,35.266400,35.575100
32.434400,32.442200,32.465500,32.504400,32.558800,32.628900,32.714600,32.815900,32.933000,33.065800,33.214400,33.378900,33.559200,33.755500,33.967800,34.196200,34.440800,34.701600,34.978700,35.271700,35.580200
32.439700,32.447400,32.470800,32.509600,32.564100,32.634100,32.719800,32.821200,32.938300,33.071100,33.219800,33.384200,33.564500,33.760800,33.973100,34.201600,34.446200,34.707000,34.984000,35.277000,35.585400
32.444900,32.452700,32.476000,32.514900,32.569400,32.639400,32.725100,32.826500,32.943600,33.076400,33.225100,33.389500,33.569900,33.766200,33.978500,34.207000,34.451600,34.712400,34.989400,35.282300,35.590500
32.450200,32.457900,32.481300,32.520200,32.574600,32.644700,32.730400,32.831800,32.948900,33.081700,33.230400,33.394900,33.575200,33.771500,33.983900,34.212400,34.457000,34.717800,34.994800,35.287500,35.595700
32.455400,32.463200,32.486500,32.525400,32.579900,32.650000,32.735700,32.837100,32.954200,33.087100,33.235700,33.400200,33.580600,33.776900,33.989300,34.217700,34.462400,34.723200,35.000100,35.292800,35.600800
32.460700,32.468500,32.491800,32.530700,32.585100,32.655200,32.741000,32.842400,32.959500,33.092400,33.241000,33.405500,33.585900,33.782300,33.994700,34.223100,34.467800,34.728600,35.005400,35.298100,35.605900
32.465900,32.473700,32.497000,32.535900,32.590400,32.660500,32.746200,32.847700,32.964800,33.097700,33.246300,33.410900,33.591300,33.787600,34.000000,34.228500,34.473200,34.734000,35.010800,35.303300,35.611100
32.471200,32.479000,32.502300,32.541200,32.595700,32.665800,32.751500,32.852900,32.970100,33.103000,33.251700,33.416200,33.596600,33.793000,34.005400,34.233900,34.478600,34.739300,35.016100,35.308500,35.616200
32.476400,32.484200,32.507500,32.546400,32.600900,32.671100,32.756800,32.858200,32.975400,33.108300,33.257000,33.421500,33.602000,33.798400,34.010800,34.239300,34.484000,34.744700,35.021400,35.313800,35.621300
32.481700,32.489500,32.512800,32.551700,32.606200,32.676300,32.762100,32.863500,32.980700,33.113600,33.262300,33.426800,33.607300,33.803700,34.016200,34.244700,34.489300,34.750100,35.026700,35.319000,35.626400
32.486900,32.494700,32.518100,32.557000,32.611500,32.681600,32.767400,32.868800,32.986000,33.118900,33.267600,33.432200,33.612600,33.809100,34.021500,34.250100,34.494700,34.755400,35.032000,35.324200,35.631400
32.492200,32.500000,32.523300,32.562200,32.616700,32.686900,32.772600,32.874100,32.991300,33.124200,33.272900,33.437500,33.618000,33.814400,34.026900,34.255500,34.500100,34.760800,35.037300,35.329400,35.636500
32.497400,32.505200,32.528600,32.567500,32.622000,32.692100,32.777900,32.879400,32.996600,33.129500,33.278300,33.442900,33.623300,33.819800,34.032300,34.260800,34.505500,34.766100,35.042600,35.334600,35.641600
32.502700,32.510500,32.533800,32.572800,32.627300,32.697400,32.783200,32.884700,33.001900,33.134800,33.283600,33.448200,33.628700,33.825200,34.037700,34.266200,34.510800,34.771500,35.047900,35.339800,35.646700
32.508000,32.515700,32.539100,32.578000,32.632500,32.702700,32.788500,32.890000,33.007200,33.140100,33.288900,33.453500,33.634000,33.830500,34.043000,34.271600,34.516200,34.776800,35.053200,35.345000,35.651700
32.513200,32.521000,32.544400,32.583300,32.637800,32.708000,32.793800,32.895300,33.012500,33.145500,33.294200,33.458900,33.639400,33.835900,34.048400,34.277000,34.521600,34.782100,35.058400,35.350200,35.656800
32.518500,32.526300,32.549600,32.588600,32.643100,32.713300,32.799100,32.900600,33.017800,33.150800,33.299600,33.464200,33.644700,33.841200,34.053800,34.282300,34.526900,34.787400,35.063700,35.355300,35.661800
32.523700,32.531500,32.554900,32.593800,32.648400,32.718500,32.804300,32.905900,33.023100,33.156100,33.304900,33.469500,33.650100,33.846600,34.059100,34.287700,34.532300,34.792800,35.068900,35.360500,35.666800
32.529000,32.536800,32.560100,32.599100,32.653600,32.723800,32.809600,32.911200,33.028400,33.161400,33.310200,33.474900,33.655400,33.852000,34.064500,34.293100,34.537600,34.798100,35.074200,35.365600,35.671900
32.534200,32.542000,32.565400,32.604300,32.658900,32.729100,32.814900,32.916400,33.033700,33.166700,33.315500,33.480200,33.660800,33.857300,34.069900,34.298400,34.543000,34.803400,35.079400,35.370800,35.676900
32.539500,32.547300,32.570700,32.609600,32.664200,32.734400,32.820200,32.921700,33.039000,33.172000,33.320800,33.485500,33.666100,33.862700,34.075200,34.303800,34.548300,34.808700,35.084700,35.375900,35.681900
32.544800,32.552600,32.575900,32.614900,32.669400,32.739600,32.825500,32.927000,33.044300,33.177300,33.326200,33.490900,33.671500,33.868000,34.080600,34.309100,34.553700,34.814000,35.089900,35.381100,35.686900
32.550000,32.557800,32.581200,32.620100,32.674700,32.744900,32.830800,32.932300,33.049600,33.182600,33.331500,33.496200,33.676800,33.873400,34.086000,34.314500,34.559000,34.819300,35.095100,35.386200,35.691900
32.555300,32.563100,32.586500,32.625400,32.680000,32.750200,32.836100,32.937600,33.054900,33.188000,33.336800,33.501500,33.682200,33.878800,34.091300,34.319900,34.564300,34.824600,35.100400,35.391300,35.696900
32.560500,32.568300,32.591700,32.630700,32.685300,32.755500,32.841400,32.942900,33.060200,33.193300,33.342100,33.506900,33.687500,33.884100,34.096700,34.325200,34.569600,34.829900,35.105600,35.396400,35.701900
32.565800,32.573600,32.597000,32.636000,32.690500,32.760800,32.846600,32.948200,33.065500,33.198600,33.347500,33.512200,33.692900,33.889500,34.102000,34.330600,34.575000,34.835100,35.110800,35.401600,35.706900
32.571100,32.578900,32.602200,32.641200,32.695800,32.766000,32.851900,32.953500,33.070800,33.203900,33.352800,33.517600,33.698200,33.894800,34.107400,34.335900,34.580300,34.840400,35.116000,35.406700,35.711900
32.576300,32.584100,32.607500,32.646500,32.701100,32.771300,32.857200,32.958800,33.076100,33.209200,33.358100,33.522900,33.703600,33.900200,34.112700,34.341200,34.585600,34.845700,35.121200,35.411800,35.716800
32.581600,32.589400,32.612800,32.651800,32.706400,32.776600,32.862500,32.964100,33.081400,33.214500,33.363500,33.528200,33.708900,33.905500,34.118100,34.346600,34.590900,34.850900,35.126400,35.416900,35.721800
32.586900,32.594700,32.618000,32.657000,32.711600,32.781900,32.867800,32.969400,33.086700,33.219800,33.368800,33.533600,33.714200,33.910900,34.123400,34.351900,34.596200,34.856200,35.131600,35.421900,35.726800
32.592100,32.599900,32.623300,32.662300,32.716900,32.787200,32.873100,32.974700,33.092000,33.225200,33.374100,33.538900,33.719600,33.916200,34.128800,34.357200,34.601500,34.861500,35.136800,35.427000,35.731700
32.597400,32.605200,32.628600,32.667600,32.722200,32.792400,32.878400,32.980000,33.097400,33.230500,33.379400,33.544200,33.724900,33.921600,34.134100,34.362600,34.606800,34.866700,35.141900,35.432100,35.736700
32.602700,32.610500,32.633900,32.672800,32.727500,32.797700,32.883700,32.985300,33.102700,33.235800,33.384800,33.549600,33.730300,33.926900,34.139500,34.367900,34.612100,34.872000,35.147100,35.437200,35.741600
32.607900,32.615700,32.639100,32.678100,32.732700,32.803000,32.889000,32.990600,33.108000,33.241100,33.390100,33.554900,33.735600,33.932300,34.144800,34.373200,34.617400,34.877200,35.152300,35.442200,35.746600
32.613200,32.621000,32.644400,32.683400,32.738000,32.808300,32.894200,32.995900,33.113300,33.246400,33.395400,33.560200,33.741000,33.937600,34.150100,34.378500,34.622700,34.882400,35.157400,35.447300,35.751500
32.618500,32.626300,32.649700,32.688700,32.743300,32.813600,32.899500,33.001200,33.118600,33.251800,33.400700,33.565600,33.746300,33.942900,34.155500,34.383900,34.628000,34.887700,35.162600,35.452400,35.756400
32.623700,32.631500,32.654900,32.693900,32.748600,32.818900,32.904800,33.006500,33.123900,33.257100,33.406100,33.570900,33.751600,33.948300,34.160800,34.389200,34.633300,34.892900,35.167700,35.457400,35.761400
32.629000,32.636800,32.660200,32.699200,32.753900,32.824200,32.910100,33.011800,33.129200,33.262400,33.411400,33.576200,33.757000,33.953600,34.166100,34.394500,34.638600,34.898100,35.172900,35.462500,35.766400
32.634300,32.642100,32.665500,32.704500,32.759100,32.829400,32.915400,33.017100,33.134500,33.267700,33.416700,33.581600,33.762300,33.959000,34.171500,34.399800,34.643800,34.903300,35.178000,35.467500,35.771400
32.639500,32.647300,32.670700,32.709800,32.764400,32.834700,32.920700,33.022400,33.139800,33.273000,33.422000,33.586900,33.767700,33.964300,34.176800,34.405100,34.649100,34.908600,35.183200,35.472600,35.776500
32.644800,32.652600,32.676000,32.715000,32.769700,32.840000,32.926000,33.027700,33.145100,33.278300,33.427400,33.592200,33.773000,33.969600,34.182100,34.410400,34.654400,34.913800,35.188300,35.477700,35.781600
32.650100,32.657900,32.681300,32.720300,32.775000,32.845300,32.931300,33.033000,33.150400,33.283700,33.432700,33.597600,33.778300,33.975000,34.187500,34.415700,34.659600,34.919000,35.193500,35.482800,35.786800
32.655300,32.663100,32.686600,32.725600,32.780300,32.850600,32.936600,33.038300,33.155700,33.289000,33.438000,33.602900,33.783700,33.980300,34.192800,34.421000,34.664900,34.924200,35.198600,35.487900,35.791900
32.660600,32.668400,32.691800,32.730900,32.785500,32.855900,32.941900,33.043600,33.161100,33.294300,33.443300,33.608200,33.789000,33.985600,34.198100,34.426300,34.670200,34.929400,35.203800,35.493100,35.797100
32.665900,32.673700,32.697100,32.736100,32.790800,32.861200,32.947200,33.048900,33.166400,33.299600,33.448700,33.613600,33.794300,33.991000,34.203400,34.431600,34.675400,34.934600,35.208900,35.498200,35.802300
32.671200,32.679000,32.702400,32.741400,32.796100,32.866400,32.952500,33.054200,33.171700,33.304900,33.454000,33.618900,33.799700,33.996300,34.208700,34.436900,34.680700,34.939800,35.214100,35.503300,35.807500
32.676400,32.684200,32.707700,32.746700,32.801400,32.871700,32.957800,33.059500,33.177000,33.310300,33.459300,33.624200,33.805000,34.001600,34.214000,34.442200,34.685900,34.945000,35.219300,35.508500,35.812700
32.681700,32.689500,32.712900,32.752000,32.806700,32.877000,32.963100,33.064800,33.182300,33.315600,33.464700,33.629600,33.810300,34.006900,34.219400,34.447500,34.691200,34.950200,35.224400,35.513700,35.817900
32.687000,32.694800,32.718200,32.757300,32.812000,32.882300,32.968400,33.070100,33.187600,33.320900,33.470000,33.634900,33.815700,34.012300,34.224700,34.452800,34.696400,34.955400,35.229600,35.518800,35.823100
32.692200,32.700100,32.723500,32.762500,32.817200,32.887600,32.973600,33.075400,33.192900,33.326200,33.475300,33.640200,33.821000,34.017600,34.230000,34.458000,34.701700,34.960600,35.234800,35.524000,35.828400
32.697500,32.705300,32.728800,32.767800,32.822500,32.892900,32.978900,33.080700,33.198200,33.331500,33.480600,33.645600,33.826300,34.022900,34.235300,34.463300,34.706900,34.965900,35.240000,35.529200,35.833600
32.702800,32.710600,32.734000,32.773100,32.827800,32.898200,32.984200,33.086000,33.203500,33.336800,33.485900,33.650900,33.831600,34.028200,34.240600,34.468600,34.712100,34.971100,35.245200,35.534400,35.838900
32.708100,32.715900,32.739300,32.778400,32.833100,32.903500,32.989500,33.091300,33.208900,33.342200,33.491300,33.656200,33.837000,34.033500,34.245900,34.473900,34.717400,34.976300,35.250400,35.539600,35.844100
32.713300,32.721200,32.744600,32.783700,32.838400,32.908800,32.994800,33.096600,33.214200,33.347500,33.496600,33.661500,33.842300,34.038900,34.251200,34.479100,34.722600,34.981500,35.255600,35.544900,35.849400
32.718600,32.726400,32.749900,32.788900,32.843700,32.914100,33.000100,33.101900,33.219500,33.352800,33.501900,33.666900,33.847600,34.044200,34.256500,34.484400,34.727900,34.986700,35.260800,35.550100,35.854700
32.723900,32.731700,32.755200,32.794200,32.849000,32.919300,33.005400,33.107200,33.224800,33.358100,33.507200,33.672200,33.852900,34.049500,34.261800,34.489700,34.733100,34.991900,35.266000,35.555300,35.860000
32.729200,32.737000,32.760400,32.799500,32.854200,32.924600,33.010700,33.112500,33.230100,33.363400,33.512600,33.677500,33.858300,34.054800,34.267100,34.495000,34.738400,34.997200,35.271200,35.560500,35.865300
32.734500,32.742300,32.765700,32.804800,32.859500,32.929900,33.016000,33.117800,33.235400,33.368700,33.517900,33.682800,33.863600,34.060100,34.272400,34.500200,34.743600,35.002400,35.276400,35.565800,35.870600
32.739700,32.747500,32.771000,32.810100,32.864800,32.935200,33.021300,33.123100,33.240700,33.374100,33.523200,33.688200,33.868900,34.065400,34.277700,34.505500,34.748900,35.007600,35.281700,35.571000,35.875900
32.745000,32.752800,32.776300,32.815400,32.870100,32.940500,33.026600,33.128500,33.246000,33.379400,33.528500,33.693500,33.874200,34.070700,34.282900,34.510800,34.754100,35.012900,35.286900,35.576300,35.881200
32.750300,32.758100,32.781600,32.820600,32.875400,32.945800,33.031900,33.133800,33.251300,33.384700,33.533800,33.698800,33.879500,34.076000,34.288200,34.516000,34.759400,35.018100,35.292100,35.581600,35.886500
32.755600,32.763400,32.786800,32.825900,32.880700,32.951100,33.037200,33.139100,33.256700,33.390000,33.539200,33.704100,33.884800,34.081300,34.293500,34.521300,34.764600,35.023300,35.297400,35.586800,35.891800
32.760800,32.768700,32.792100,32.831200,32.886000,32.956400,33.042500,33.144400,33.262000,33.395300,33.544500,33.709400,33.890200,34.086600,34.298800,34.526600,34.769900,35.028600,35.302600,35.592100,35.897200
32.766100,32.773900,32.797400,32.836500,32.891300,32.961700,33.047800,33.149700,33.267300,33.400600,33.549800,33.714700,33.895500,34.091900,34.304100,34.531900,34.775100,35.033800,35.307900,35.597400,35.902500
32.771400,32.779200,32.802700,32.841800,32.896500,32.967000,33.053100,33.155000,33.272600,33.406000,33.555100,33.720100,33.900800,34.097200,34.309400,34.537100,34.780400,35.039100,35.313100,35.602700,35.907900
32.776700,32.784500,32.808000,32.847100,32.901800,32.972300,33.058400,33.160300,33.277900,33.411300,33.560400,33.725400,33.906100,34.102500,34.314700,34.542400,34.785600,35.044300,35.318400,35.608000,35.913200
32.782000,32.789800,32.813200,32.852400,32.907100,32.977600,33.063700,33.165600,33.283200,33.416600,33.565800,33.730700,33.911400,34.107800,34.320000,34.547700,34.790900,35.049500,35.323600,35.613200,35.918600
32.787200,32.795100,32.818500,32.857600,32.912400,32.982900,33.069000,33.170900,33.288500,33.421900,33.571100,33.736000,33.916700,34.113100,34.325200,34.552900,34.796100,35.054800,35.328900,35.618500,35.923900
32.792500,32.800400,32.823800,32.862900,32.917700,32.988200,33.074300,33.176200,33.293800,33.427200,33.576400,33.741300,33.922000,34.118400,34.330500,34.558200,34.801400,35.060100,35.334200,35.623800,35.929300
32.797800,32.805600,32.829100,32.868200,32.923000,32.993500,33.079600,33.181500,33.299100,33.432500,33.581700,33.746600,33.927300,34.123700,34.335800,34.563500,34.806700,35.065300,35.339400,35.629200,35.934600
32.803100,32.810900,32.834400,32.873500,32.928300,32.998800,33.084900,33.186800,33.304500,33.437800,33.587000,33.752000,33.932600,34.129000,34.341100,34.568700,34.811900,35.070600,35.344700,35.634500,35.940000
32.808400,32.816200,32.839700,32.878800,32.933600,33.004100,33.090200,33.192100,33.309800,33.443200,33.592300,33.757300,33.937900,34.134300,34.346400,34.574000,34.817200,35.075800,35.350000,35.639800,35.945400
32.813700,32.821500,32.845000,32.884100,32.938900,33.009400,33.095500,33.197400,33.315100,33.448500,33.597600,33.762600,33.943200,34.139600,34.351700,34.579300,34.822400,35.081100,35.355300,35.645100,35.950800
32.818900,32.826800,32.850200,32.889400,32.944200,33.014600,33.100800,33.202700,33.320400,33.453800,33.603000,33.767900,33.948600,34.144900,34.357000,34.584600,34.827700,35.086400,35.360600,35.650400,35.956100
32.824200,32.832100,32.855500,32.894700,32.949500,33.019900,33.106100,33.208000,33.325700,33.459100,33.608300,33.773200,33.953900,34.150200,34.362200,34.589800,34.833000,35.091600,35.365900,35.655700,35.961500
32.829500,32.837300,32.860800,32.899900,32.954800,33.025200,33.111400,33.213300,33.331000,33.464400,33.613600,33.778500,33.959200,34.155500,34.367500,34.595100,34.838300,35.096900,35.371200,35.661100,35.966900
32.834800,32.842600,32.866100,32.905200,32.960000,33.030500,33.116700,33.218700,33.336300,33.469700,33.618900,33.783800,33.964500,34.160800,34.372800,34.600400,34.843500,35.102200,35.376500,35.666400,35.972300
32.840100,32.847900,32.871400,32.910500,32.965300,33.035800,33.122000,33.224000,33.341600,33.475000,33.624200,33.789100,33.969800,34.166100,34.378100,34.605700,34.848800,35.107500,35.381800,35.671800,35.977700
32.845400,32.853200,32.876700,32.915800,32.970600,33.041100,33.127300,33.229300,33.346900,33.480300,33.629500,33.794400,33.975100,34.171400,34.383400,34.610900,34.854100,35.112800,35.387100,35.677100,35.983100
32.850700,32.858500,32.882000,32.921100,32.975900,33.046400,33.132600,33.234600,33.352200,33.485700,33.634800,33.799700,33.980400,34.176700,34.388700,34.616200,34.859300,35.118000,35.392400,35.682400,35.988500
32.855900,32.863800,32.887300,32.926400,32.981200,33.051700,33.137900,33.239900,33.357600,33.491000,33.640100,33.805000,33.985700,34.182000,34.393900,34.621500,34.864600,35.123300,35.397700,35.687800,35.993900
32.861200,32.869100,32.892500,32.931700,32.986500,33.057000,33.143200,33.245200,33.362900,33.496300,33.645400,33.810400,33.991000,34.187300,34.399200,34.626800,34.869900,35.128600,35.403000,35.693200,35.999300
32.866500,32.874300,32.897800,32.937000,32.991800,33.062300,33.148500,33.250500,33.368200,33.501600,33.650800,33.815700,33.996300,34.192600,34.404500,34.632100,34.875200,35.133900,35.408300,35.698500,36.004800
32.871800,32.879600,32.903100,32.942300,32.997100,33.067600,33.153900,33.255800,33.373500,33.506900,33.656100,33.821000,34.001600,34.197900,34.409800,34.637300,34.880500,35.139200,35.413600,35.703900,36.010200
32.877100,32.884900,32.908400,32.947600,33.002400,33.072900,33.159200,33.261100,33.378800,33.512200,33.661400,33.826300,34.006900,34.203200,34.415100,34.642600,34.885800,35.144500,35.418900,35.709200,36.015600
32.882400,32.890200,32.913700,32.952900,33.007700,33.078200,33.164500,33.266400,33.384100,33.517500,33.666700,33.831600,34.012200,34.208400,34.420400,34.647900,34.891000,35.149800,35.424300,35.714600,36.021000
32.887700,32.895500,32.919000,32.958200,33.013000,33.083500,33.169800,33.271700,33.389400,33.522800,33.672000,33.836900,34.017500,34.213700,34.425700,34.653200,34.896300,35.155100,35.429600,35.720000,36.026500
32.893000,32.900800,32.924300,32.963400,33.018300,33.088800,33.175100,33.277000,33.394700,33.528100,33.677300,33.842200,34.022800,34.219000,34.430900,34.658500,34.901600,35.160400,35.434900,35.725300,36.031900
32.898200,32.906100,32.929600,32.968700,33.023600,33.094100,33.180400,33.282300,33.400000,33.533400,33.682600,33.847500,34.028100,34.224300,34.436200,34.663800,34.906900,35.165700,35.440300,35.730700,36.037300
32.903500,32.911400,32.934900,32.974000,33.028900,33.099400,33.185700,33.287600,33.405300,33.538700,33.687900,33.852800,34.033400,34.229600,34.441500,34.669000,34.912200,35.171000,35.445600,35.736100,36.042800
32.908800,32.916700,32.940200,32.979300,33.034200,33.104700,33.191000,33.292900,33.410600,33.544100,33.693200,33.858100,34.038700,34.234900,34.446800,34.674300,34.917500,35.176300,35.450900,35.741500,36.048200
32.914100,32.921900,32.945400,32.984600,33.039500,33.110000,33.196300,33.298200,33.415900,33.549400,33.698500,33.863400,34.044000,34.240200,34.452100,34.679600,34.922800,35.181600,35.456300,35.746900,36.053600
32.919400,32.927200,32.950700,32.989900,33.044800,33.115300,33.201600,33.303500,33.421200,33.554700,33.703800,33.868700,34.049300,34.245500,34.457400,34.684900,34.928100,35.187000,35.461600,35.752300,36.059100
32.924700,32.932500,32.956000,32.995200,33.050100,33.120600,33.206900,33.308800,33.426500,33.560000,33.709100,33.874000,34.054600,34.250800,34.462700,34.690200,34.933400,35.192300,35.467000,35.757700,36.064500
32.930000,32.937800,32.961300,33.000500,33.055400,33.125900,33.212200,33.314200,33.431900,33.565300,33.714400,33.879300,34.059900,34.256100,34.468000,34.695500,34.938700,35.197600,35.472300,35.763000,36.070000
32.935300,32.943100,32.966600,33.005800,33.060700,33.131200,33.217500,33.319500,33.437200,33.570600,33.719700,33.884600,34.065100,34.261400,34.473300,34.700800,34.944000,35.202900,35.477700,35.768400,36.075400
32.940600,32.948400,32.971900,33.011100,33.066000,33.136500,33.222800,33.324800,33.442500,33.575900,33.725000,33.889900,34.070400,34.266700,34.478600,34.706100,34.949300,35.208200,35.483000,35.773800,36.080900
32.945900,32.953700,32.977200,33.016400,33.071300,33.141800,33.228100,33.330100,33.447800,33.581200,33.730300,33.895200,34.075700,34.272000,34.483800,34.711400,34.954600,35.213600,35.488400,35.779300,36.086400
32.951200,32.959000,32.982500,33.021700,33.076600,33.147100,33.233400,33.335400,33.453100,33.586500,33.735600,33.900500,34.081000,34.277300,34.489100,34.716700,34.959900,35.218900,35.493800,35.784700,36.092000
32.956400,32.964300,32.987800,33.027000,33.081900,33.152400,33.238700,33.340700,33.458400,33.591800,33.740900,33.905800,34.086300,34.282600,34.494400,34.722000,34.965200,35.224200,35.499100,35.790100,36.097600
32.961700,32.969600,32.993100,33.032300,33.087100,33.157700,33.244000,33.346000,33.463700,33.597100,33.746300,33.911100,34.091600,34.287900,34.499700,34.727300,34.970500,35.229600,35.504500,35.795600,36.103300
32.967000,32.974900,32.998400,33.037600,33.092400,33.163000,33.249300,33.351300,33.469000,33.602400,33.751600,33.916400,34.096900,34.293100,34.505000,34.732600,34.975900,35.234900,35.509900,35.801000,36.108900
32.972300,32.980200,33.003700,33.042900,33.097700,33.168300,33.254600,33.356600,33.474300,33.607700,33.756900,33.921700,34.102200,34.298400,34.510300,34.737900,34.981200,35.240300,35.515300,35.806500,36.114600
32.977600,32.985500,33.009000,33.048200,33.103000,33.173600,33.259900,33.361900,33.479600,33.613000,33.762200,33.927000,34.107500,34.303700,34.515600,34.743200,34.986500,35.245600,35.520700,35.812000,36.120300
32.982900,32.990800,33.014300,33.053500,33.108300,33.178900,33.265200,33.367200,33.484900,33.618300,33.767500,33.932300,34.112800,34.309000,34.520900,34.748500,34.991800,35.251000,35.526100,35.817600,36.126000
32.988200,32.996000,33.019600,33.058800,33.113600,33.184200,33.270500,33.372500,33.490200,33.623600,33.772800,33.937600,34.118100,34.314300,34.526200,34.753800,34.997100,35.256300,35.531500,35.823100,36.131700
32.993500,33.001300,33.024900,33.064100,33.118900,33.189500,33.275800,33.377800,33.495500,33.628900,33.778100,33.942900,34.123400,34.319600,34.531500,34.759100,35.002500,35.261700,35.536900,35.828600,36.137400
32.998800,33.006600,33.030200,33.069300,33.124200,33.194800,33.281100,33.383100,33.500800,33.634200,33.783400,33.948200,34.128700,34.324900,34.536800,34.764400,35.007800,35.267000,35.542400,35.834200,36.143200
33.004100,33.011900,33.035400,33.074600,33.129500,33.200100,33.286400,33.388400,33.506100,33.639500,33.788700,33.953500,34.134000,34.330200,34.542100,34.769700,35.013100,35.272400,35.547800,35.839800,36.149000
33.009400,33.017200,33.040700,33.079900,33.134800,33.205400,33.291700,33.393700,33.511400,33.644800,33.794000,33.958800,34.139300,34.335500,34.547400,34.775100,35.018500,35.277800,35.553300,35.845400,36.154800
33.014700,33.022500,33.046000,33.085200,33.140100,33.210700,33.297000,33.399000,33.516700,33.650100,33.799300,33.964100,34.144600,34.340800,34.552700,34.780400,35.023800,35.283200,35.558800,35.851000,36.160500
33.020000,33.027800,33.051300,33.090500,33.145400,33.216000,33.302300,33.404300,33.522000,33.655400,33.804600,33.969400,34.149900,34.346100,34.558100,34.785700,35.029200,35.288600,35.564200,35.856600,36.166400
33.025300,33.033100,33.056600,33.095800,33.150700,33.221300,33.307600,33.409600,33.527300,33.660800,33.809900,33.974700,34.155200,34.351400,34.563400,34.791000,35.034500,35.294000,35.569700,35.862200,36.172200
33.030600,33.038400,33.061900,33.101100,33.156000,33.226600,33.312900,33.414900,33.532600,33.666100,33.815200,33.980000,34.160500,34.356700,34.568700,34.796300,35.039900,35.299400,35.575200,35.867800,36.178000
33.035900,33.043700,33.067200,33.106400,33.161300,33.231900,33.318200,33.420200,33.537900,33.671400,33.820500,33.985300,34.165800,34.362000,34.574000,34.801700,35.045200,35.304800,35.580700,35.873500,36.183900
33.041200,33.049000,33.072500,33.111700,33.166600,33.237200,33.323500,33.425500,33.543200,33.676700,33.825800,33.990600,34.171100,34.367400,34.579300,34.807000,35.050600,35.310200,35.586200,35.879100,36.189700
33.046400,33.054300,33.077800,33.117000,33.171900,33.242500,33.328800,33.430800,33.548500,33.682000,33.831100,33.995900,34.176400,34.372700,34.584600,34.812300,35.056000,35.315700,35.591800,35.884800,36.195600
33.051700,33.059600,33.083100,33.122300,33.177200,33.247800,33.334100,33.436100,33.553800,33.687300,33.836400,34.001200,34.181700,34.378000,34.589900,34.817700,35.061300,35.321100,35.597300,35.890500,36.201400
33.057000,33.064900,33.088400,33.127600,33.182500,33.253100,33.339400,33.441400,33.559100,33.692600,33.841700,34.006500,34.187000,34.383300,34.595200,34.823000,35.066700,35.326500,35.602800,35.896200,36.207300
33.062300,33.070200,33.093700,33.132900,33.187800,33.258400,33.344700,33.446700,33.564400,33.697900,33.847000,34.011800,34.192300,34.388600,34.600600,34.828400,35.072100,35.332000,35.608400,35.901900,36.213200
33.067600,33.075500,33.099000,33.138200,33.193100,33.263700,33.350000,33.452000,33.569800,33.703200,33.852300,34.017100,34.197600,34.393900,34.605900,34.833700,35.077500,35.337400,35.614000,35.907600,36.219100
33.072900,33.080800,33.104300,33.143500,33.198400,33.269000,33.355300,33.457300,33.575100,33.708500,33.857600,34.022400,34.202900,34.399200,34.611200,34.839100,35.082900,35.342900,35.619500,35.913300,36.225000
33.078200,33.086100,33.109600,33.148800,33.203700,33.274300,33.360600,33.462600,33.580400,33.713800,33.862900,34.027700,34.208300,34.404500,34.616500,34.844400,35.088300,35.348400,35.625100,35.919000,36.231000
33.083500,33.091400,33.114900,33.154100,33.209000,33.279600,33.365900,33.467900,33.585700,33.719100,33.868200,34.033000,34.213600,34.409800,34.621900,34.849800,35.093700,35.353900,35.630700,35.924800,36.236900
33.088800,33.096700,33.120200,33.159400,33.214300,33.284900,33.371200,33.473200,33.591000,33.724400,33.873500,34.038300,34.218900,34.415100,34.627200,34.855100,35.099100,35.359300,35.636300,35.930500,36.242800
33.094100,33.102000,33.125500,33.164700,33.219600,33.290200,33.376500,33.478500,33.596300,33.729700,33.878800,34.043600,34.224200,34.420500,34.632500,34.860500,35.104500,35.364800,35.641900,35.936300,36.248800
33.099400,33.107300,33.130800,33.170000,33.224900,33.295500,33.381800,33.483800,33.601600,33.735000,33.884100,34.048900,34.229500,34.425800,34.637900,34.865900,35.109900,35.370300,35.647500,35.942000,36.254800
33.104700,33.112600,33.136100,33.175300,33.230200,33.300800,33.387100,33.489200,33.606900,33.740300,33.889400,34.054200,34.234800,34.431100,34.643200,34.871200,35.115300,35.375800,35.653100,35.947800,36.260700
33.110000,33.117900,33.141400,33.180600,33.235500,33.306100,33.392400,33.494500,33.612200,33.745600,33.894700,34.059500,34.240100,34.436400,34.648600,34.876600,35.120800,35.381300,35.658700,35.953600,36.266700
33.115300,33.123200,33.146700,33.185900,33.240800,33.311400,33.397700,33.499800,33.617500,33.750900,33.900000,34.064900,34.245400,34.441700,34.653900,34.882000,35.126200,35.386900,35.664400,35.959400,36.272700
33.120600,33.128500,33.152000,33.191200,33.246100,33.316700,33.403000,33.505100,33.622800,33.756200,33.905300,34.070200,34.250700,34.447100,34.659200,34.887400,35.131700,35.392400,35.670000,35.965200,36.278700
33.125900,33.133800,33.157300,33.196500,33.251400,33.322000,33.408300,33.510400,33.628100,33.761500,33.910600,34.075500,34.256000,34.452400,34.664600,34.892800,35.137100,35.397900,35.675700,35.971000,36.284700
33.131200,33.139000,33.162600,33.201800,33.256700,33.327300,33.413600,33.515700,33.633400,33.766800,33.915900,34.080800,34.261400,34.457700,34.670000,34.898200,35.142600,35.403500,35.681300,35.976800,36.290700
33.136500,33.144300,33.167900,33.207100,33.262000,33.332600,33.418900,33.521000,33.638700,33.772100,33.921200,34.086100,34.266700,34.463100,34.675300,34.903600,35.148000,35.409000,35.687000,35.982600,36.296700
33.141800,33.149600,33.173200,33.212400,33.267300,33.337900,33.424200,33.526300,33.644000,33.777400,33.926500,34.091400,34.272000,34.468400,34.680700,34.909000,35.153500,35.414500,35.692700,35.988500,36.302700
33.147100,33.154900,33.178500,33.217700,33.272600,33.343200,33.429600,33.531600,33.649300,33.782700,33.931800,34.096700,34.277300,34.473700,34.686000,34.914400,35.158900,35.420100,35.698300,35.994300,36.308800
33.152400,33.160200,33.183800,33.223000,33.277900,33.348500,33.434900,33.536900,33.654600,33.788000,33.937200,34.102000,34.282600,34.479100,34.691400,34.919800,35.164400,35.425700,35.704000,36.000100,36.314800
33.157700,33.165500,33.189100,33.228300,33.283200,33.353800,33.440200,33.542200,33.659900,33.793300,33.942500,34.107300,34.288000,34.484400,34.696800,34.925200,35.169900,35.431200,35.709700,36.006000,36.320900
33.163000,33.170800,33.194400,33.233600,33.288500,33.359100,33.445500,33.547500,33.665200,33.798600,33.947800,34.112600,34.293300,34.489800,34.702100,34.930600,35.175400,35.436800,35.715400,36.011800,36.326900
33.168300,33.176100,33.199700,33.238900,33.293800,33.364400,33.450800,33.552800,33.670500,33.803900,33.953100,34.118000,34.298600,34.495100,34.707500,34.936000,35.180900,35.442400,35.721100,36.017700,36.333000
33.173600,33.181400,33.205000,33.244200,33.299100,33.369700,33.456100,33.558100,33.675800,33.809200,33.958400,34.123300,34.303900,34.500400,34.712900,34.941400,35.186400,35.448000,35.726800,36.023600,36.339000
33.178900,33.186700,33.210300,33.249500,33.304400,33.375000,33.461400,33.563400,33.681100,33.814500,33.963700,34.128600,34.309300,34.505800,34.718300,34.946900,35.191900,35.453600,35.732600,36.029500,36.345100
33.184200,33.192000,33.215600,33.254800,33.309700,33.380300,33.466700,33.568700,33.686400,33.819800,33.969000,34.133900,34.314600,34.511100,34.723700,34.952300,35.197400,35.459200,35.738300,36.035400,36.351200
33.189500,33.197300,33.220900,33.260100,33.315000,33.385600,33.472000,33.574000,33.691700,33.825100,33.974300,34.139200,34.319900,34.516500,34.729000,34.957700,35.202900,35.464800,35.744000,36.041300,36.357300
33.194800,33.202600,33.226200,33.265400,33.320300,33.390900,33.477300,33.579300,33.697000,33.830500,33.979600,34.144500,34.325300,34.521900,34.734400,34.963200,35.208400,35.470400,35.749800,36.047200,36.363400
33.200100,33.207900,33.231500,33.270700,33.325600,33.396200,33.482600,33.584600,33.702300,33.835800,33.984900,34.149900,34.330600,34.527200,34.739800,34.968600,35.213900,35.476000,35.755500,36.053100,36.369500
33.205400,33.213200,33.236800,33.276000,33.330900,33.401500,33.487900,33.589900,33.707600,33.841100,33.990200,34.155200,34.335900,34.532600,34.745200,34.974100,35.219400,35.481700,35.761300,36.059000,36.375600
33.210700,33.218500,33.242100,33.281300,33.336200,33.406800,33.493200,33.595200,33.712900,33.846400,33.995600,34.160500,34.341300,34.537900,34.750600,34.979500,35.225000,35.487300,35.767000,36.064900,36.381700
33.216000,33.223800,33.247400,33.286600,33.341500,33.412100,33.498500,33.600500,33.718200,33.851700,34.000900,34.165800,34.346600,34.543300,34.756000,34.985000,35.230500,35.492900,35.772800,36.070800,36.387800
33.221300,33.229100,33.252700,33.291900,33.346800,33.417400,33.503800,33.605800,33.723500,33.857000,34.006200,34.171200,34.352000,34.548700,34.761400,34.990500,35.236000,35.498600,35.778600,36.076800,36.394000
33.226600,33.234400,33.258000,33.297200,33.352100,33.422700,33.509100,33.611100,33.728800,33.862300,34.011500,34.176500,34.357300,34.554000,34.766800,34.995900,35.241600,35.504200,35.784400,36.082700,36.400100
33.231900,33.239700,33.263300,33.302500,33.357400,33.428100,33.514400,33.616400,33.734100,33.867600,34.016800,34.181800,34.362700,34.559400,34.772300,35.001400,35.247100,35.509900,35.790200,36.088700,36.406200
33.237200,33.245000,33.268600,33.307800,33.362700,33.433400,33.519700,33.621700,33.739500,33.872900,34.022100,34.187100,34.368000,34.564800,34.777700,35.006900,35.252700,35.515500,35.796000,36.094600,36.412400
33.242500,33.250300,33.273900,33.313100,33.368000,33.438700,33.525000,33.627000,33.744800,33.878200,34.027500,34.192500,34.373300,34.570200,34.783100,35.012400,35.258300,35.521200,35.801800,36.100600,36.418500
33.247800,33.255600,33.279200,33.318400,33.373300,33.444000,33.530300,33.632300,33.750100,33.883500,34.032800,34.197800,34.378700,34.575600,34.788500,35.017800,35.263800,35.526900,35.807600,36.106600,36.424700
33.253100,33.260900,33.284500,33.323700,33.378600,33.449300,33.535600,33.637600,33.755400,33.888900,34.038100,34.203100,34.384100,34.580900,34.794000,35.023300,35.269400,35.532600,35.813400,36.112500,36.430900
33.258400,33.266200,33.289800,33.329000,33.383900,33.454600,33.540900,33.642900,33.760700,33.894200,34.043400,34.208500,34.389400,34.586300,34.799400,35.028800,35.275000,35.538200,35.819200,36.118500,36.437000
33.263700,33.271500,33.295100,33.334300,33.389200,33.459900,33.546200,33.648200,33.766000,33.899500,34.048700,34.213800,34.394800,34.591700,34.804800,35.034300,35.280600,35.543900,35.825000,36.124500,36.443100
33.269000,33.276800,33.300400,33.339600,33.394500,33.465200,33.551500,33.653500,33.771300,33.904800,34.054100,34.219200,34.400100,34.597100,34.810300,35.039800,35.286100,35.549600,35.830900,36.130500,36.449200
33.274300,33.282100,33.305700,33.344900,33.399800,33.470500,33.556800,33.658800,33.776600,33.910100,34.059400,34.224500,34.405500,34.602500,34.815700,35.045300,35.291700,35.555300,35.836700,36.136400,36.455200
33.279600,33.287400,33.311000,33.350200,33.405100,33.475800,33.562100,33.664200,33.781900,33.915400,34.064700,34.229800,34.410900,34.607900,34.821200,35.050900,35.297300,35.561000,35.842500,36.142400,36.461200
33.284900,33.292700,33.316300,33.355500,33.410400,33.481100,33.567400,33.669500,33.787200,33.920800,34.070100,34.235200,34.416200,34.613300,34.826600,35.056400,35.302900,35.566800,35.848300,36.148300,36.467100
33.290200,33.298000,33.321600,33.360800,33.415700,33.486400,33.572700,33.674800,33.792500,33.926100,34.075400,34.240500,34.421600,34.618700,34.832100,35.061900,35.308500,35.572500,35.854200,36.154200,36.473100
33.295500,33.303300,33.326900,33.366100,33.421000,33.491700,33.578000,33.680100,33.797900,33.931400,34.080700,34.245900,34.427000,34.624100,34.837500,35.067400,35.314200,35.578200,35.860000,36.160200,36.479000
33.300800,33.308600,33.332200,33.371400,33.426300,33.497000,33.583300,33.685400,33.803200,33.936700,34.086000,34.251200,34.432300,34.629500,34.843000,35.072900,35.319800,35.583900,35.865800,36.166100,36.485000
33.306100,33.313900,33.337500,33.376700,33.431600,33.502300,33.588600,33.690700,33.808500,33.942000,34.091400,34.256600,34.437700,34.634900,34.848400,35.078500,35.325400,35.589600,35.871600,36.172000,36.490900
33.311400,33.319200,33.342800,33.382000,33.436900,33.507600,33.593900,33.696000,33.813800,33.947300,34.096700,34.261900,34.443100,34.640400,34.853900,35.084000,35.331000,35.595300,35.877500,36.177900,36.496800
33.316700,33.324500,33.348100,33.387300,33.442200,33.512900,33.599200,33.701300,33.819100,33.952700,34.102000,34.267300,34.448500,34.645800,34.859400,35.089600,35.336600,35.601100,35.883300,36.183700,36.502700
33.322000,33.329800,33.353400,33.392600,33.447500,33.518200,33.604500,33.706600,33.824400,33.958000,34.107400,34.272600,34.453900,34.651200,34.864900,35.095100,35.342300,35.606800,35.889100,36.189600,36.508600
33.327300,33.335100,33.358700,33.397900,33.452900,33.523500,33.609800,33.711900,33.829700,33.963300,34.112700,34.278000,34.459200,34.656600,34.870300,35.100600,35.347900,35.612500,35.894900,36.195500,36.514500
33.332600,33.340400,33.364000,33.403200,33.458200,33.528800,33.615200,33.717200,33.835100,33.968600,34.118100,34.283300,34.464600,34.662100,34.875800,35.106200,35.353500,35.618200,35.900700,36.201300,36.520400
33.337900,33.345700,33.369300,33.408500,33.463500,33.534100,33.620500,33.722500,33.840400,33.974000,34.123400,34.288700,34.470000,34.667500,34.881300,35.111700,35.359200,35.623900,35.906500,36.207200,36.526200
33.343200,33.351000,33.374600,33.413800,33.468800,33.539400,33.625800,33.727900,33.845700,33.979300,34.128700,34.294100,34.475400,34.672900,34.886800,35.117300,35.364800,35.629700,35.912300,36.213000,36.532100
33.348500,33.356300,33.379900,33.419100,33.474100,33.544700,33.631100,33.733200,33.851000,33.984600,34.134100,34.299400,34.480800,34.678400,34.892300,35.122900,35.370400,35.635400,35.918100,36.218900,36.538000
33.353800,33.361600,33.385200,33.424400,33.479400,33.550000,33.636400,33.738500,33.856300,33.990000,34.139400,34.304800,34.486200,34.683800,34.897800,35.128400,35.376100,35.641100,35.923900,36.224700,36.543800
33.359100,33.366900,33.390500,33.429700,33.484700,33.555300,33.641700,33.743800,33.861600,33.995300,34.144800,34.310200,34.491600,34.689200,34.903300,35.134000,35.381700,35.646800,35.929700,36.230600,36.549700
33.364400,33.372200,33.395800,33.435000,33.490000,33.560600,33.647000,33.749100,33.867000,34.000600,34.150100,34.315500,34.497000,34.694700,34.908800,35.139600,35.387400,35.652500,35.935400,36.236400,36.555500
33.369700,33.377500,33.401100,33.440300,33.495300,33.565900,33.652300,33.754400,33.872300,34.005900,34.155500,34.320900,34.502400,34.700100,34.914300,35.145100,35.393000,35.658300,35.941200,36.242200,36.561300
33.375000,33.382800,33.406400,33.445600,33.500600,33.571200,33.657600,33.759700,33.877600,34.011300,34.160800,34.326300,34.507800,34.705600,34.919800,35.150700,35.398600,35.664000,35.947000,36.248000,36.567200
33.380300,33.388100,33.411700,33.450900,33.505900,33.576500,33.662900,33.765000,33.882900,34.016600,34.166200,34.331700,34.513200,34.711000,34.925300,35.156300,35.404300,35.669700,35.952800,36.253800,36.573000
33.385600,33.393400,33.417000,33.456200,33.511200,33.581800,33.668200,33.770400,33.888300,34.022000,34.171500,34.337000,34.518600,34.716500,34.930800,35.161800,35.409900,35.675400,35.958500,36.259600,36.578800
33.390900,33.398700,33.422300,33.461500,33.516500,33.587200,33.673500,33.775700,33.893600,34.027300,34.176900,34.342400,34.524100,34.721900,34.936300,35.167400,35.415600,35.681100,35.964300,36.265400,36.584600
33.396200,33.404000,33.427600,33.466800,33.521800,33.592500,33.678900,33.781000,33.898900,34.032600,34.182200,34.347800,34.529500,34.727400,34.941800,35.173000,35.421200,35.686800,35.970100,36.271200,36.590400
33.401500,33.409300,33.432900,33.472100,33.527100,33.597800,33.684200,33.786300,33.904200,34.038000,34.187600,34.353200,34.534900,34.732900,34.947300,35.178600,35.426900,35.692500,35.975800,36.277000,36.596200
33.406800,33.414600,33.438200,33.477400,33.532400,33.603100,33.689500,33.791600,33.909600,34.043300,34.193000,34.358600,34.540300,34.738300,34.952900,35.184200,35.432500,35.698200,35.981600,36.282800,36.602000
33.412100,33.419900,33.443500,33.482700,33.537700,33.608400,33.694800,33.796900,33.914900,34.048700,34.198300,34.364000,34.545700,34.743800,34.958400,35.189700,35.438200,35.703900,35.987400,36.288600,36.607800
33.417400,33.425200,33.448800,33.488100,33.543000,33.613700,33.700100,33.802300,33.920200,34.054000,34.203700,34.369400,34.551200,34.749300,34.963900,35.195300,35.443800,35.709600,35.993100,36.294400,36.613600
33.422700,33.430600,33.454100,33.493400,33.548300,33.619000,33.705400,33.807600,33.925500,34.059300,34.209000,34.374700,34.556600,34.754700,34.969400,35.200900,35.449400,35.715300,35.998900,36.300200,36.619400
33.428000,33.435900,33.459400,33.498700,33.553600,33.624300,33.710700,33.812900,33.930900,34.064700,34.214400,34.380100,34.562000,34.760200,34.975000,35.206500,35.455100,35.721000,36.004600,36.306000,36.625200
33.433300,33.441200,33.464700,33.504000,33.558900,33.629600,33.716000,33.818200,33.936200,34.070000,34.219800,34.385500,34.567400,34.765700,34.980500,35.212100,35.460700,35.726800,36.010400,36.311700,36.631000
33.438600,33.446500,33.470000,33.509300,33.564200,33.634900,33.721400,33.823600,33.941500,34.075400,34.225100,34.390900,34.572900,34.771200,34.986000,35.217700,35.466400,35.732500,36.016100,36.317500,36.636800
33.443900,33.451800,33.475300,33.514600,33.569500,33.640200,33.726700,33.828900,33.946900,34.080700,34.230500,34.396300,34.578300,34.776600,34.991500,35.223200,35.472000,35.738100,36.021800,36.323300,36.642600
33.449200,33.457100,33.480600,33.519900,33.574900,33.645600,33.732000,33.834200,33.952200,34.086100,34.235900,34.401700,34.583800,34.782100,34.997100,35.228800,35.477700,35.743800,36.027600,36.329100,36.648300
33.454500,33.462400,33.485900,33.525200,33.580200,33.650900,33.737300,33.839500,33.957600,34.091400,34.241300,34.407100,34.589200,34.787600,35.002600,35.234400,35.483300,35.749500,36.033300,36.334800,36.654100
33.459800,33.467700,33.491200,33.530500,33.585500,33.656200,33.742600,33.844900,33.962900,34.096800,34.246600,34.412500,34.594600,34.793100,35.008100,35.240000,35.489000,35.755200,36.039100,36.340600,36.659900
33.465100,33.473000,33.496500,33.535800,33.590800,33.661500,33.747900,33.850200,33.968200,34.102100,34.252000,34.417900,34.600100,34.798600,35.013700,35.245600,35.494600,35.760900,36.044800,36.346300,36.665600
33.470400,33.478300,33.501800,33.541100,33.596100,33.666800,33.753300,33.855500,33.973600,34.107500,34.257400,34.423400,34.605500,34.804100,35.019200,35.251200,35.500200,35.766600,36.050500,36.352100,36.671400
33.475700,33.483600,33.507100,33.546400,33.601400,33.672100,33.758600,33.860800,33.978900,34.112900,34.262800,34.428800,34.611000,34.809600,35.024800,35.256800,35.505900,35.772300,36.056300,36.357900,36.677200
33.481000,33.488900,33.512400,33.551700,33.606700,33.677400,33.763900,33.866200,33.984200,34.118200,34.268200,34.434200,34.616400,34.815100,35.030300,35.262400,35.511500,35.778000,36.062000,36.363600,36.682900
33.486300,33.494200,33.517800,33.557000,33.612000,33.682700,33.769200,33.871500,33.989600,34.123600,34.273500,34.439600,34.621900,34.820500,35.035800,35.268000,35.517200,35.783700,36.067700,36.369400,36.688700
33.491600,33.499500,33.523100,33.562300,33.617300,33.688100,33.774600,33.876800,33.994900,34.128900,34.278900,34.445000,34.627300,34.826000,35.041400,35.273600,35.522800,35.789400,36.073400,36.375100,36.694400
33.496900,33.504800,33.528400,33.567600,33.622600,33.693400,33.779900,33.882200,34.000300,34.134300,34.284300,34.450400,34.632800,34.831500,35.046900,35.279200,35.528500,35.795100,36.079200,36.380800,36.700200
33.502200,33.510100,33.533700,33.572900,33.628000,33.698700,33.785200,33.887500,34.005600,34.139700,34.289700,34.455800,34.638200,34.837000,35.052500,35.284800,35.534100,35.800800,36.084900,36.386600,36.706000
33.507600,33.515400,33.539000,33.578300,33.633300,33.704000,33.790500,33.892800,34.011000,34.145000,34.295100,34.461300,34.643700,34.842500,35.058000,35.290300,35.539800,35.806400,36.090600,36.392300,36.711700
33.512900,33.520700,33.544300,33.583600,33.638600,33.709300,33.795800,33.898200,34.016300,34.150400,34.300500,34.466700,34.649100,34.848000,35.063600,35.295900,35.545400,35.812100,36.096300,36.398100,36.717400
33.518200,33.526000,33.549600,33.588900,33.643900,33.714600,33.801200,33.903500,34.021700,34.155800,34.305900,34.472100,34.654600,34.853500,35.069100,35.301500,35.551000,35.817800,36.102000,36.403800,36.723200
33.523500,33.531300,33.554900,33.594200,33.649200,33.720000,33.806500,33.908800,34.027000,34.161100,34.311300,34.477500,34.660100,34.859000,35.074700,35.307100,35.556700,35.823500,36.107700,36.409500,36.728900
33.528800,33.536600,33.560200,33.599500,33.654500,33.725300,33.811800,33.914200,34.032400,34.166500,34.316700,34.482900,34.665500,34.864500,35.080200,35.312700,35.562300,35.829200,36.113400,36.415300,36.734700
33.534100,33.541900,33.565500,33.604800,33.659800,33.730600,33.817100,33.919500,34.037700,34.171900,34.322100,34.488400,34.671000,34.870000,35.085800,35.318300,35.568000,35.834800,36.119200,36.421000,36.740400
33.539400,33.547200,33.570800,33.610100,33.665100,33.735900,33.822500,33.924800,34.043100,34.177300,34.327500,34.493800,34.676400,34.875500,35.091300,35.323900,35.573600,35.840500,36.124900,36.426700,36.746200
33.544700,33.552600,33.576100,33.615400,33.670500,33.741200,33.827800,33.930200,34.048400,34.182600,34.332900,34.499200,34.681900,34.881100,35.096900,35.329500,35.579200,35.846200,36.130600,36.432500,36.751900
33.550000,33.557900,33.581400,33.620700,33.675800,33.746600,33.833100,33.935500,34.053800,34.188000,34.338300,34.504700,34.687400,34.886600,35.102400,35.335100,35.584900,35.851900,36.136300,36.438200,36.757600
33.555300,33.563200,33.586800,33.626100,33.681100,33.751900,33.838500,33.940900,34.059200,34.193400,34.343700,34.510100,34.692800,34.892100,35.108000,35.340700,35.590500,35.857600,36.142000,36.443900,36.763400
33.560600,33.568500,33.592100,33.631400,33.686400,33.757200,33.843800,33.946200,34.064500,34.198800,34.349100,34.515500,34.698300,34.897600,35.113500,35.346300,35.596100,35.863200,36.147700,36.449600,36.769100
33.565900,33.573800,33.597400,33.636700,33.691700,33.762500,33.849100,33.951600,34.069900,34.204100,34.354500,34.521000,34.703800,34.903100,35.119100,35.351900,35.601800,35.868900,36.153400,36.455300,36.774800
33.571200,33.579100,33.602700,33.642000,33.697000,33.767900,33.854500,33.956900,34.075200,34.209500,34.359900,34.526400,34.709300,34.908600,35.124600,35.357500,35.607400,35.874600,36.159100,36.461100,36.780500
33.576500,33.584400,33.608000,33.647300,33.702400,33.773200,33.859800,33.962200,34.080600,34.214900,34.365300,34.531800,34.714700,34.914100,35.130200,35.363100,35.613100,35.880200,36.164800,36.466800,36.786300
