r=0.0cm,r=0.1cm,r=0.2cm,r=0.3cm,r=0.4cm,r=0.5cm,r=0.6cm,r=0.7cm,r=0.8cm,r=0.9cm,r=1.0cm,r=1.1cm,r=1.2cm,r=1.3cm,r=1.4cm,r=1.5cm,r=1.6cm,r=1.7cm,r=1.8cm,r=1.9cm,r=2.0cm
2.550000,2.550000,2.550000,2.550000,2.550000,2.550000,2.550000,2.550000,2.550000,2.550000,2.550000,2.550000,2.550000,2.550000,2.550000,2.550000,2.550000,2.550000,2.550000,2.550000,2.550000
2.550000,2.550000,2.550000,2.550000,2.550000,2.550000,2.550000,2.550000,2.550000,2.550000,2.550000,2.550000,2.550000,2.550000,2.550000,2.550000,2.550000,2.550000,2.550000,2.550000,2.519700
2.550000,2.550000,2.550000,2.550000,2.550000,2.550000,2.550000,2.550000,2.550000,2.550000,2.550000,2.550000,2.550000,2.550000,2.550000,2.550000,2.550000,2.550000,2.550000,2.550000,2.506400
2.550000,2.550000,2.550000,2.550000,2.550000,2.550000,2.550000,2.550000,2.550000,2.550000,2.550000,2.550000,2.550000,2.550000,2.550000,2.550000,2.550000,2.550000,2.550000,2.550000,2.496000
2.550000,2.550000,2.550000,2.550000,2.550000,2.550000,2.550000,2.550000,2.550000,2.550000,2.550000,2.550000,2.550000,2.550000,2.550000,2.550000,2.550000,2.550000,2.550000,2.550000,2.487400
2.550000,2.550000,2.550000,2.550000,2.550000,2.550000,2.550000,2.550000,2.550000,2.550000,2.550000,2.550000,2.550000,2.550000,2.550000,2.550000,2.550000,2.550000,2.550000,2.550000,2.479800
2.550000,2.550000,2.550000,2.550000,2.550000,2.550000,2.550000,2.550000,2.550000,2.550000,2.550000,2.550000,2.550000,2.550000,2.550000,2.550000,2.550000,2.550000,2.550000,2.550000,2.473000
2.550000,2.550000,2.550000,2.550000,2.550000,2.550000,2.550000,2.550000,2.550000,2.550000,2.550000,2.550000,2.550000,2.550000,2.550000,2.550000,2.550000,2.550000,2.550000,2.550000,2.466800
2.550000,2.550000,2.550000,2.550000,2.550000,2.550000,2.550000,2.550000,2.550000,2.550000,2.550000,2.550000,2.550000,2.550000,2.550000,2.550000,2.550000,2.550000,2.550000,2.549900,2.461000
2.550000,2.550000,2.550000,2.550000,2.550000,2.550000,2.550000,2.550000,2.550000,2.550000,2.550000,2.550000,2.550000,2.550000,2.550000,2.550000,2.550000,2.550000,2.550000,2.549900,2.455600
2.550000,2.550000,2.550000,2.550000,2.550000,2.550000,2.550000,2.550000,2.550000,2.550000,2.550000,2.550000,2.550000,2.550000,2.550000,2.550000,2.550000,2.550000,2.550000,2.549900,2.450500
2.550000,2.550000,2.550000,2.550000,2.550000,2.550000,2.550000,2.550000,2.550000,2.550000,2.550000,2.550000,2.550000,2.550000,2.550000,2.550000,2.550000,2.550000,2.550000,2.549800,2.445700
2.550000,2.550000,2.550000,2.550000,2.550000,2.550000,2.550000,2.550000,2.550000,2.550000,2.550000,2.550000,2.550000,2.550000,2.550000,2.550000,2.550000,2.550000,2.550000,2.549700,2.441000
2.550000,2.550000,2.550000,2.550000,2.550000,2.550000,2.550000,2.550000,2.550000,2.550000,2.550000,2.550000,2.550000,2.550000,2.550000,2.550000,2.550000,2.550000,2.550000,2.549600,2.436600
2.550000,2.550000,2.550000,2.550000,2.550000,2.550000,2.550000,2.550000,2.550000,2.550000,2.550000,2.550000,2.550000,2.550000,2.550000,2.550000,2.550000,2.550000,2.550000,2.549500,2.432400
2.550000,2.550000,2.550000,2.550000,2.550000,2.550000,2.550000,2.550000,2.550000,2.550000,2.550000,2.550000,2.550000,2.550000,2.550000,2.550000,2.550000,2.550000,2.550000,2.549300,2.428300
2.550000,2.550000,2.550000,2.550000,2.550000,2.550000,2.550000,2.550000,2.550000,2.550000,2.550000,2.550000,2.550000,2.550000,2.550000,2.550000,2.550000,2.550000,2.550000,2.549100,2.424400
2.550000,2.550000,2.550000,2.550000,2.550000,2.550000,2.550000,2.550000,2.550000,2.550000,2.550000,2.550000,2.550000,2.550000,2.550000,2.550000,2.550000,2.550000,2.550000,2.548900,2.420600
2.550000,2.550000,2.550000,2.550000,2.550000,2.550000,2.550000,2.550000,2.550000,2.550000,2.550000,2.550000,2.550000,2.550000,2.550000,2.550000,2.550000,2.550000,2.550000,2.548700,2.416900
2.550000,2.550000,2.550000,2.550000,2.550000,2.550000,2.550000,2.550000,2.550000,2.550000,2.550000,2.550000,2.550000,2.550000,2.550000,2.550000,2.550000,2.550000,2.550000,2.548400,2.413400
2.550000,2.550000,2.550000,2.550000,2.550000,2.550000,2.550000,2.550000,2.550000,2.550000,2.550000,2.550000,2.550000,2.550000,2.550000,2.550000,2.550000,2.550000,2.550000,2.548100,2.409900
2.550000,2.550000,2.550000,2.550000,2.550000,2.550000,2.550000,2.550000,2.550000,2.550000,2.550000,2.550000,2.550000,2.550000,2.550000,2.550000,2.550000,2.550000,2.550000,2.547800,2.406500
2.550000,2.550000,2.550000,2.550000,2.550000,2.550000,2.550000,2.550000,2.550000,2.550000,2.550000,2.550000,2.550000,2.550000,2.550000,2.550000,2.550000,2.550000,2.550000,2.547500,2.403200
2.550000,2.550000,2.550000,2.550000,2.550000,2.550000,2.550000,2.550000,2.550000,2.550000,2.550000,2.550000,2.550000,2.550000,2.550000,2.550000,2.550000,2.550000,2.550000,2.547100,2.400000
2.550000,2.550000,2.550000,2.550000,2.550000,2.550000,2.550000,2.550000,2.550000,2.550000,2.550000,2.550000,2.550000,2.550000,2.550000,2.550000,2.550000,2.550000,2.550000,2.546700,2.396900
2.550000,2.550000,2.550000,2.550000,2.550000,2.550000,2.550000,2.550000,2.550000,2.550000,2.550000,2.550000,2.550000,2.550000,2.550000,2.550000,2.550000,2.550000,2.550000,2.546300,2.393800
2.550000,2.550000,2.550000,2.550000,2.550000,2.550000,2.550000,2.550000,2.550000,2.550000,2.550000,2.550000,2.550000,2.550000,2.550000,2.550000,2.550000,2.550000,2.550000,2.545900,2.390800
2.550000,2.550000,2.550000,2.550000,2.550000,2.550000,2.550000,2.550000,2.550000,2.550000,2.550000,2.550000,2.550000,2.550000,2.550000,2.550000,2.550000,2.550000,2.550000,2.545400,2.387800
2.550000,2.550000,2.550000,2.550000,2.550000,2.550000,2.550000,2.550000,2.550000,2.550000,2.550000,2.550000,2.550000,2.550000,2.550000,2.550000,2.550000,2.550000,2.550000,2.544900,2.385000
2.550000,2.550000,2.550000,2.550000,2.550000,2.550000,2.550000,2.550000,2.550000,2.550000,2.550000,2.550000,2.550000,2.550000,2.550000,2.550000,2.550000,2.550000,2.550000,2.544400,2.382100
2.550000,2.550000,2.550000,2.550000,2.550000,2.550000,2.550000,2.550000,2.550000,2.550000,2.550000,2.550000,2.550000,2.550000,2.550000,2.550000,2.550000,2.550000,2.550000,2.543900,2.379300
2.550000,2.550000,2.550000,2.550000,2.550000,2.550000,2.550000,2.550000,2.550000,2.550000,2.550000,2.550000,2.550000,2.550000,2.550000,2.550000,2.550000,2.550000,2.550000,2.543300,2.376600
2.550000,2.550000,2.550000,2.550000,2.550000,2.550000,2.550000,2.550000,2.550000,2.550000,2.550000,2.550000,2.550000,2.550000,2.550000,2.550000,2.550000,2.550000,2.550000,2.542800,2.373900
2.550000,2.550000,2.550000,2.550000,2.550000,2.550000,2.550000,2.550000,2.550000,2.550000,2.550000,2.550000,2.550000,2.550000,2.550000,2.550000,2.550000,2.550000,2.550000,2.542200,2.371300
2.550000,2.550000,2.550000,2.550000,2.550000,2.550000,2.550000,2.550000,2.550000,2.550000,2.550000,2.550000,2.550000,2.550000,2.550000,2.550000,2.550000,2.550000,2.549900,2.541600,2.368700
2.550000,2.550000,2.550000,2.550000,2.550000,2.550000,2.550000,2.550000,2.550000,2.550000,2.550000,2.550000,2.550000,2.550000,2.550000,2.550000,2.550000,2.550000,2.549900,2.540900,2.366100
2.550000,2.550000,2.550000,2.550000,2.550000,2.550000,2.550000,2.550000,2.550000,2.550000,2.550000,2.550000,2.550000,2.550000,2.550000,2.550000,2.550000,2.550000,2.549900,2.540300,2.363600
2.550000,2.550000,2.550000,2.550000,2.550000,2.550000,2.550000,2.550000,2.550000,2.550000,2.550000,2.550000,2.550000,2.550000,2.550000,2.550000,2.550000,2.550000,2.549900,2.539700,2.361200
2.550000,2.550000,2.550000,2.550000,2.550000,2.550000,2.550000,2.550000,2.550000,2.550000,2.550000,2.550000,2.550000,2.550000,2.550000,2.550000,2.550000,2.550000,2.549900,2.539000,2.358700
2.550000,2.550000,2.550000,2.550000,2.550000,2.550000,2.550000,2.550000,2.550000,2.550000,2.550000,2.550000,2.550000,2.550000,2.550000,2.550000,2.550000,2.550000,2.549900,2.538300,2.356300
2.550000,2.550000,2.550000,2.550000,2.550000,2.550000,2.550000,2.550000,2.550000,2.550000,2.550000,2.550000,2.550000,2.550000,2.550000,2.550000,2.550000,2.550000,2.549900,2.537600,2.353900
2.550000,2.550000,2.550000,2.550000,2.550000,2.550000,2.550000,2.550000,2.550000,2.550000,2.550000,2.550000,2.550000,2.550000,2.550000,2.550000,2.550000,2.550000,2.549800,2.536900,2.351600
2.550000,2.550000,2.550000,2.550000,2.550000,2.550000,2.550000,2.550000,2.550000,2.550000,2.550000,2.550000,2.550000,2.550000,2.550000,2.550000,2.550000,2.550000,2.549800,2.536200,2.349300
2.550000,2.550000,2.550000,2.550000,2.550000,2.550000,2.550000,2.550000,2.550000,2.550000,2.550000,2.550000,2.550000,2.550000,2.550000,2.550000,2.550000,2.550000,2.549800,2.535500,2.347000
2.550000,2.550000,2.550000,2.550000,2.550000,2.550000,2.550000,2.550000,2.550000,2.550000,2.550000,2.550000,2.550000,2.550000,2.550000,2.550000,2.550000,2.550000,2.549800,2.534700,2.344800
2.550000,2.550000,2.550000,2.550000,2.550000,2.550000,2.550000,2.550000,2.550000,2.550000,2.550000,2.550000,2.550000,2.550000,2.550000,2.550000,2.550000,2.550000,2.549700,2.534000,2.342600
2.550000,2.550000,2.550000,2.550000,2.550000,2.550000,2.550000,2.550000,2.550000,2.550000,2.550000,2.550000,2.550000,2.550000,2.550000,2.550000,2.550000,2.550000,2.549700,2.533200,2.340400
2.550000,2.550000,2.550000,2.550000,2.550000,2.550000,2.550000,2.550000,2.550000,2.550000,2.550000,2.550000,2.550000,2.550000,2.550000,2.550000,2.550000,2.550000,2.549700,2.532400,2.338200
2.550000,2.550000,2.550000,2.550000,2.550000,2.550000,2.550000,2.550000,2.550000,2.550000,2.550000,2.550000,2.550000,2.550000,2.550000,2.550000,2.550000,2.550000,2.549600,2.531700,2.336100
2.550000,2.550000,2.550000,2.550000,2.550000,2.550000,2.550000,2.550000,2.550000,2.550000,2.550000,2.550000,2.550000,2.550000,2.550000,2.550000,2.550000,2.550000,2.549600,2.530900,2.333900
2.550000,2.550000,2.550000,2.550000,2.550000,2.550000,2.550000,2.550000,2.550000,2.550000,2.550000,2.550000,2.550000,2.550000,2.550000,2.550000,2.550000,2.550000,2.549500,2.530100,2.331800
2.550000,2.550000,2.550000,2.550000,2.550000,2.550000,2.550000,2.550000,2.550000,2.550000,2.550000,2.550000,2.550000,2.550000,2.550000,2.550000,2.550000,2.550000,2.549500,2.529300,2.329800
2.550000,2.550000,2.550000,2.550000,2.550000,2.550000,2.550000,2.550000,2.550000,2.550000,2.550000,2.550000,2.550000,2.550000,2.550000,2.550000,2.550000,2.550000,2.549400,2.528500,2.327700
2.550000,2.550000,2.550000,2.550000,2.550000,2.550000,2.550000,2.550000,2.550000,2.550000,2.550000,2.550000,2.550000,2.550000,2.550000,2.550000,2.550000,2.550000,2.549400,2.527600,2.325700
2.550000,2.550000,2.550000,2.550000,2.550000,2.550000,2.550000,2.550000,2.550000,2.550000,2.550000,2.550000,2.550000,2.550000,2.550000,2.550000,2.550000,2.550000,2.549300,2.526800,2.323700
2.550000,2.550000,2.550000,2.550000,2.550000,2.550000,2.550000,2.550000,2.550000,2.550000,2.550000,2.550000,2.550000,2.550000,2.550000,2.550000,2.550000,2.550000,2.549300,2.526000,2.321700
2.550000,2.550000,2.550000,2.550000,2.550000,2.550000,2.550000,2.550000,2.550000,2.550000,2.550000,2.550000,2.550000,2.550000,2.550000,2.550000,2.550000,2.550000,2.549200,2.525200,2.319700
2.550000,2.550000,2.550000,2.550000,2.550000,2.550000,2.550000,2.550000,2.550000,2.550000,2.550000,2.550000,2.550000,2.550000,2.550000,2.550000,2.550000,2.550000,2.549200,2.524300,2.317800
2.550000,2.550000,2.550000,2.550000,2.550000,2.550000,2.550000,2.550000,2.550000,2.550000,2.550000,2.550000,2.550000,2.550000,2.550000,2.550000,2.550000,2.550000,2.549100,2.523500,2.315900
2.550000,2.550000,2.550000,2.550000,2.550000,2.550000,2.550000,2.550000,2.550000,2.550000,2.550000,2.550000,2.550000,2.550000,2.550000,2.550000,2.550000,2.550000,2.549000,2.522600,2.314000
2.550000,2.550000,2.550000,2.550000,2.550000,2.550000,2.550000,2.550000,2.550000,2.550000,2.550000,2.550000,2.550000,2.550000,2.550000,2.550000,2.550000,2.550000,2.548900,2.521800,2.312100
2.550000,2.550000,2.550000,2.550000,2.550000,2.550000,2.550000,2.550000,2.550000,2.550000,2.550000,2.550000,2.550000,2.550000,2.550000,2.550000,2.550000,2.550000,2.548900,2.520900,2.310200
2.550000,2.550000,2.550000,2.550000,2.550000,2.550000,2.550000,2.550000,2.550000,2.550000,2.550000,2.550000,2.550000,2.550000,2.550000,2.550000,2.550000,2.550000,2.548800,2.520000,2.308300
2.550000,2.550000,2.550000,2.550000,2.550000,2.550000,2.550000,2.550000,2.550000,2.550000,2.550000,2.550000,2.550000,2.550000,2.550000,2.550000,2.550000,2.550000,2.548700,2.519200,2.306500
2.550000,2.550000,2.550000,2.550000,2.550000,2.550000,2.550000,2.550000,2.550000,2.550000,2.550000,2.550000,2.550000,2.550000,2.550000,2.550000,2.550000,2.550000,2.548600,2.518300,2.304700
2.550000,2.550000,2.550000,2.550000,2.550000,2.550000,2.550000,2.550000,2.550000,2.550000,2.550000,2.550000,2.550000,2.550000,2.550000,2.550000,2.550000,2.550000,2.548500,2.517400,2.302900
2.550000,2.550000,2.550000,2.550000,2.550000,2.550000,2.550000,2.550000,2.550000,2.550000,2.550000,2.550000,2.550000,2.550000,2.550000,2.550000,2.550000,2.550000,2.548400,2.516500,2.301100
2.550000,2.550000,2.550000,2.550000,2.550000,2.550000,2.550000,2.550000,2.550000,2.550000,2.550000,2.550000,2.550000,2.550000,2.550000,2.550000,2.550000,2.550000,2.548300,2.515700,2.299300
2.550000,2.550000,2.550000,2.550000,2.550000,2.550000,2.550000,2.550000,2.550000,2.550000,2.550000,2.550000,2.550000,2.550000,2.550000,2.550000,2.550000,2.550000,2.548200,2.514800,2.297500
2.550000,2.550000,2.550000,2.550000,2.550000,2.550000,2.550000,2.550000,2.550000,2.550000,2.550000,2.550000,2.550000,2.550000,2.550000,2.550000,2.550000,2.550000,2.548100,2.513900,2.295800
2.550000,2.550000,2.550000,2.550000,2.550000,2.550000,2.550000,2.550000,2.550000,2.550000,2.550000,2.550000,2.550000,2.550000,2.550000,2.550000,2.550000,2.550000,2.548000,2.513000,2.294000
2.550000,2.550000,2.550000,2.550000,2.550000,2.550000,2.550000,2.550000,2.550000,2.550000,2.550000,2.550000,2.550000,2.550000,2.550000,2.550000,2.550000,2.550000,2.547900,2.512100,2.292300
2.550000,2.550000,2.550000,2.550000,2.550000,2.550000,2.550000,2.550000,2.550000,2.550000,2.550000,2.550000,2.550000,2.550000,2.550000,2.550000,2.550000,2.550000,2.547800,2.511200,2.290600
2.550000,2.550000,2.550000,2.550000,2.550000,2.550000,2.550000,2.550000,2.550000,2.550000,2.550000,2.550000,2.550000,2.550000,2.550000,2.550000,2.550000,2.549900,2.547700,2.510300,2.288900
2.550000,2.550000,2.550000,2.550000,2.550000,2.550000,2.550000,2.550000,2.550000,2.550000,2.550000,2.550000,2.550000,2.550000,2.550000,2.550000,2.550000,2.549900,2.547500,2.509400,2.287200
2.550000,2.550000,2.550000,2.550000,2.550000,2.550000,2.550000,2.550000,2.550000,2.550000,2.550000,2.550000,2.550000,2.550000,2.550000,2.550000,2.550000,2.549900,2.547400,2.508500,2.285600
2.550000,2.550000,2.550000,2.550000,2.550000,2.550000,2.550000,2.550000,2.550000,2.550000,2.550000,2.550000,2.550000,2.550000,2.550000,2.550000,2.550000,2.549900,2.547300,2.507600,2.283900
2.550000,2.550000,2.550000,2.550000,2.550000,2.550000,2.550000,2.550000,2.550000,2.550000,2.550000,2.550000,2.550000,2.550000,2.550000,2.550000,2.550000,2.549900,2.547200,2.506700,2.282300
2.550000,2.550000,2.550000,2.550000,2.550000,2.550000,2.550000,2.550000,2.550000,2.550000,2.550000,2.550000,2.550000,2.550000,2.550000,2.550000,2.550000,2.549900,2.547000,2.505800,2.280600
2.550000,2.550000,2.550000,2.550000,2.550000,2.550000,2.550000,2.550000,2.550000,2.550000,2.550000,2.550000,2.550000,2.550000,2.550000,2.550000,2.550000,2.549900,2.546900,2.504900,2.279000
2.550000,2.550000,2.550000,2.550000,2.550000,2.550000,2.550000,2.550000,2.550000,2.550000,2.550000,2.550000,2.550000,2.550000,2.550000,2.550000,2.550000,2.549900,2.546700,2.504000,2.277400
2.550000,2.550000,2.550000,2.550000,2.550000,2.550000,2.550000,2.550000,2.550000,2.550000,2.550000,2.550000,2.550000,2.550000,2.550000,2.550000,2.550000,2.549900,2.546600,2.503100,2.275800
2.550000,2.550000,2.550000,2.550000,2.550000,2.550000,2.550000,2.550000,2.550000,2.550000,2.550000,2.550000,2.550000,2.550000,2.550000,2.550000,2.550000,2.549900,2.546400,2.502200,2.274200
2.550000,2.550000,2.550000,2.550000,2.550000,2.550000,2.550000,2.550000,2.550000,2.550000,2.550000,2.550000,2.550000,2.550000,2.550000,2.550000,2.550000,2.549900,2.546300,2.501300,2.272700
2.550000,2.550000,2.550000,2.550000,2.550000,2.550000,2.550000,2.550000,2.550000,2.550000,2.550000,2.550000,2.550000,2.550000,2.550000,2.550000,2.550000,2.549900,2.546100,2.500400,2.271100
2.550000,2.550000,2.550000,2.550000,2.550000,2.550000,2.550000,2.550000,2.550000,2.550000,2.550000,2.550000,2.550000,2.550000,2.550000,2.550000,2.550000,2.549900,2.546000,2.499500,2.269500
2.550000,2.550000,2.550000,2.550000,2.550000,2.550000,2.550000,2.550000,2.550000,2.550000,2.550000,2.550000,2.550000,2.550000,2.550000,2.550000,2.550000,2.549900,2.545800,2.498600,2.268000
2.550000,2.550000,2.550000,2.550000,2.550000,2.550000,2.550000,2.550000,2.550000,2.550000,2.550000,2.550000,2.550000,2.550000,2.550000,2.550000,2.550000,2.549800,2.545600,2.497700,2.266500
2.550000,2.550000,2.550000,2.550000,2.550000,2.550000,2.550000,2.550000,2.550000,2.550000,2.550000,2.550000,2.550000,2.550000,2.550000,2.550000,2.550000,2.549800,2.545500,2.496800,2.264900
2.550000,2.550000,2.550000,2.550000,2.550000,2.550000,2.550000,2.550000,2.550000,2.550000,2.550000,2.550000,2.550000,2.550000,2.550000,2.550000,2.550000,2.549800,2.545300,2.495800,2.263400
2.550000,2.550000,2.550000,2.550000,2.550000,2.550000,2.550000,2.550000,2.550000,2.550000,2.550000,2.550000,2.550000,2.550000,2.550000,2.550000,2.550000,2.549800,2.545100,2.494900,2.261900
2.550000,2.550000,2.550000,2.550000,2.550000,2.550000,2.550000,2.550000,2.550000,2.550000,2.550000,2.550000,2.550000,2.550000,2.550000,2.550000,2.550000,2.549800,2.544900,2.494000,2.260400
2.550000,2.550000,2.550000,2.550000,2.550000,2.550000,2.550000,2.550000,2.550000,2.550000,2.550000,2.550000,2.550000,2.550000,2.550000,2.550000,2.550000,2.549800,2.544800,2.493100,2.258900
2.550000,2.550000,2.550000,2.550000,2.550000,2.550000,2.550000,2.550000,2.550000,2.550000,2.550000,2.550000,2.550000,2.550000,2.550000,2.550000,2.550000,2.549800,2.544600,2.492200,2.257500
2.550000,2.550000,2.550000,2.550000,2.550000,2.550000,2.550000,2.550000,2.550000,2.550000,2.550000,2.550000,2.550000,2.550000,2.550000,2.550000,2.550000,2.549800,2.544400,2.491300,2.256000
2.550000,2.550000,2.550000,2.550000,2.550000,2.550000,2.550000,2.550000,2.550000,2.550000,2.550000,2.550000,2.550000,2.550000,2.550000,2.550000,2.550000,2.549700,2.544200,2.490400,2.254500
2.550000,2.550000,2.550000,2.550000,2.550000,2.550000,2.550000,2.550000,2.550000,2.550000,2.550000,2.550000,2.550000,2.550000,2.550000,2.550000,2.550000,2.549700,2.544000,2.489500,2.253100
2.550000,2.550000,2.550000,2.550000,2.550000,2.550000,2.550000,2.550000,2.550000,2.550000,2.550000,2.550000,2.550000,2.550000,2.550000,2.550000,2.550000,2.549700,2.543800,2.488600,2.251700
2.550000,2.550000,2.550000,2.550000,2.550000,2.550000,2.550000,2.550000,2.550000,2.550000,2.550000,2.550000,2.550000,2.550000,2.550000,2.550000,2.550000,2.549700,2.543600,2.487600,2.250200
2.550000,2.550000,2.550000,2.550000,2.550000,2.550000,2.550000,2.550000,2.550000,2.550000,2.550000,2.550000,2.550000,2.550000,2.550000,2.550000,2.550000,2.549700,2.543400,2.486700,2.248800
2.550000,2.550000,2.550000,2.550000,2.550000,2.550000,2.550000,2.550000,2.550000,2.550000,2.550000,2.550000,2.550000,2.550000,2.550000,2.550000,2.550000,2.549700,2.543200,2.485800,2.247400
2.550000,2.550000,2.550000,2.550000,2.550000,2.550000,2.550000,2.550000,2.550000,2.550000,2.550000,2.550000,2.550000,2.550000,2.550000,2.550000,2.550000,2.549600,2.543000,2.484900,2.246000
2.550000,2.550000,2.550000,2.550000,2.550000,2.550000,2.550000,2.550000,2.550000,2.550000,2.550000,2.550000,2.550000,2.550000,2.550000,2.550000,2.550000,2.549600,2.542700,2.484000,2.244600
2.550000,2.550000,2.550000,2.550000,2.550000,2.550000,2.550000,2.550000,2.550000,2.550000,2.550000,2.550000,2.550000,2.550000,2.550000,2.550000,2.550000,2.549600,2.542500,2.483100,2.243200
2.550000,2.550000,2.550000,2.550000,2.550000,2.550000,2.550000,2.550000,2.550000,2.550000,2.550000,2.550000,2.550000,2.550000,2.550000,2.550000,2.550000,2.549600,2.542300,2.482200,2.241800
2.550000,2.550000,2.550000,2.550000,2.550000,2.550000,2.550000,2.550000,2.550000,2.550000,2.550000,2.550000,2.550000,2.550000,2.550000,2.550000,2.550000,2.549600,2.542100,2.481300,2.240400
2.550000,2.550000,2.550000,2.550000,2.550000,2.550000,2.550000,2.550000,2.550000,2.550000,2.550000,2.550000,2.550000,2.550000,2.550000,2.550000,2.550000,2.549500,2.541800,2.480400,2.239100
2.550000,2.550000,2.550000,2.550000,2.550000,2.550000,2.550000,2.550000,2.550000,2.550000,2.550000,2.550000,2.550000,2.550000,2.550000,2.550000,2.550000,2.549500,2.541600,2.479500,2.237700
2.550000,2.550000,2.550000,2.550000,2.550000,2.550000,2.550000,2.550000,2.550000,2.550000,2.550000,2.550000,2.550000,2.550000,2.550000,2.550000,2.550000,2.549500,2.541400,2.478600,2.236300
2.550000,2.550000,2.550000,2.550000,2.550000,2.550000,2.550000,2.550000,2.550000,2.550000,2.550000,2.550000,2.550000,2.550000,2.550000,2.550000,2.550000,2.549500,2.541100,2.477700,2.235000
2.550000,2.550000,2.550000,2.550000,2.550000,2.550000,2.550000,2.550000,2.550000,2.550000,2.550000,2.550000,2.550000,2.550000,2.550000,2.550000,2.550000,2.549400,2.540900,2.476800,2.233700
2.550000,2.550000,2.550000,2.550000,2.550000,2.550000,2.550000,2.550000,2.550000,2.550000,2.550000,2.550000,2.550000,2.550000,2.550000,2.550000,2.550000,2.549400,2.540700,2.475900,2.232300
2.550000,2.550000,2.550000,2.550000,2.550000,2.550000,2.550000,2.550000,2.550000,2.550000,2.550000,2.550000,2.550000,2.550000,2.550000,2.550000,2.550000,2.549400,2.540400,2.475000,2.231000
2.550000,2.550000,2.550000,2.550000,2.550000,2.550000,2.550000,2.550000,2.550000,2.550000,2.550000,2.550000,2.550000,2.550000,2.550000,2.550000,2.550000,2.549400,2.540200,2.474100,2.229700
2.550000,2.550000,2.550000,2.550000,2.550000,2.550000,2.550000,2.550000,2.550000,2.550000,2.550000,2.550000,2.550000,2.550000,2.550000,2.550000,2.550000,2.549300,2.539900,2.473200,2.228400
2.550000,2.550000,2.550000,2.550000,2.550000,2.550000,2.550000,2.550000,2.550000,2.550000,2.550000,2.550000,2.550000,2.550000,2.550000,2.550000,2.550000,2.549300,2.539700,2.472300,2.227100
2.550000,2.550000,2.550000,2.550000,2.550000,2.550000,2.550000,2.550000,2.550000,2.550000,2.550000,2.550000,2.550000,2.550000,2.550000,2.550000,2.550000,2.549300,2.539400,2.471400,2.225800
2.550000,2.550000,2.550000,2.550000,2.550000,2.550000,2.550000,2.550000,2.550000,2.550000,2.550000,2.550000,2.550000,2.550000,2.550000,2.550000,2.550000,2.549200,2.539200,2.470500,2.224500
2.550000,2.550000,2.550000,2.550000,2.550000,2.550000,2.550000,2.550000,2.550000,2.550000,2.550000,2.550000,2.550000,2.550000,2.550000,2.550000,2.550000,2.549200,2.538900,2.469600,2.223200
2.550000,2.550000,2.550000,2.550000,2.550000,2.550000,2.550000,2.550000,2.550000,2.550000,2.550000,2.550000,2.550000,2.550000,2.550000,2.550000,2.550000,2.549200,2.538600,2.468700,2.221900
2.550000,2.550000,2.550000,2.550000,2.550000,2.550000,2.550000,2.550000,2.550000,2.550000,2.550000,2.550000,2.550000,2.550000,2.550000,2.550000,2.550000,2.549100,2.538400,2.467800,2.220600
2.550000,2.550000,2.550000,2.550000,2.550000,2.550000,2.550000,2.550000,2.550000,2.550000,2.550000,2.550000,2.550000,2.550000,2.550000,2.550000,2.550000,2.549100,2.538100,2.466900,2.219400
2.550000,2.550000,2.550000,2.550000,2.550000,2.550000,2.550000,2.550000,2.550000,2.550000,2.550000,2.550000,2.550000,2.550000,2.550000,2.550000,2.550000,2.549100,2.537800,2.466000,2.218100
2.550000,2.550000,2.550000,2.550000,2.550000,2.550000,2.550000,2.550000,2.550000,2.550000,2.550000,2.550000,2.550000,2.550000,2.550000,2.550000,2.550000,2.549000,2.537600,2.465100,2.216800
2.550000,2.550000,2.550000,2.550000,2.550000,2.550000,2.550000,2.550000,2.550000,2.550000,2.550000,2.550000,2.550000,2.550000,2.550000,2.550000,2.550000,2.549000,2.537300,2.464200,2.215600
2.550000,2.550000,2.550000,2.550000,2.550000,2.550000,2.550000,2.550000,2.550000,2.550000,2.550000,2.550000,2.550000,2.550000,2.550000,2.550000,2.550000,2.548900,2.537000,2.463400,2.214300
2.550000,2.550000,2.550000,2.550000,2.550000,2.550000,2.550000,2.550000,2.550000,2.550000,2.550000,2.550000,2.550000,2.550000,2.550000,2.550000,2.550000,2.548900,2.536700,2.462500,2.213100
2.550000,2.550000,2.550000,2.550000,2.550000,2.550000,2.550000,2.550000,2.550000,2.550000,2.550000,2.550000,2.550000,2.550000,2.550000,2.550000,2.549900,2.548900,2.536500,2.461600,2.211900
2.550000,2.550000,2.550000,2.550000,2.550000,2.550000,2.550000,2.550000,2.550000,2.550000,2.550000,2.550000,2.550000,2.550000,2.550000,2.550000,2.549900,2.548800,2.536200,2.460700,2.210600
2.550000,2.550000,2.550000,2.550000,2.550000,2.550000,2.550000,2.550000,2.550000,2.550000,2.550000,2.550000,2.550000,2.550000,2.550000,2.550000,2.549900,2.548800,2.535900,2.459800,2.209400
2.550000,2.550000,2.550000,2.550000,2.550000,2.550000,2.550000,2.550000,2.550000,2.550000,2.550000,2.550000,2.550000,2.550000,2.550000,2.550000,2.549900,2.548700,2.535600,2.458900,2.208200
2.550000,2.550000,2.550000,2.550000,2.550000,2.550000,2.550000,2.550000,2.550000,2.550000,2.550000,2.550000,2.550000,2.550000,2.550000,2.550000,2.549900,2.548700,2.535300,2.458100,2.207000
2.550000,2.550000,2.550000,2.550000,2.550000,2.550000,2.550000,2.550000,2.550000,2.550000,2.550000,2.550000,2.550000,2.550000,2.550000,2.550000,2.549900,2.548600,2.535000,2.457200,2.205800
2.550000,2.550000,2.550000,2.550000,2.550000,2.550000,2.550000,2.550000,2.550000,2.550000,2.550000,2.550000,2.550000,2.550000,2.550000,2.550000,2.549900,2.548600,2.534700,2.456300,2.204600
2.550000,2.550000,2.550000,2.550000,2.550000,2.550000,2.550000,2.550000,2.550000,2.550000,2.550000,2.550000,2.550000,2.550000,2.550000,2.550000,2.549900,2.548500,2.534400,2.455400,2.203400
2.550000,2.550000,2.550000,2.550000,2.550000,2.550000,2.550000,2.550000,2.550000,2.550000,2.550000,2.550000,2.550000,2.550000,2.550000,2.550000,2.549900,2.548500,2.534100,2.454500,2.202200
2.550000,2.550000,2.550000,2.550000,2.550000,2.550000,2.550000,2.550000,2.550000,2.550000,2.550000,2.550000,2.550000,2.550000,2.550000,2.550000,2.549900,2.548400,2.533800,2.453700,2.201000
2.550000,2.550000,2.550000,2.550000,2.550000,2.550000,2.550000,2.550000,2.550000,2.550000,2.550000,2.550000,2.550000,2.550000,2.550000,2.550000,2.549900,2.548400,2.533500,2.452800,2.199800
2.550000,2.550000,2.550000,2.550000,2.550000,2.550000,2.550000,2.550000,2.550000,2.550000,2.550000,2.550000,2.550000,2.550000,2.550000,2.550000,2.549900,2.548300,2.533200,2.451900,2.198700
2.550000,2.550000,2.550000,2.550000,2.550000,2.550000,2.550000,2.550000,2.550000,2.550000,2.550000,2.550000,2.550000,2.550000,2.550000,2.550000,2.549900,2.548300,2.532900,2.451100,2.197500
2.550000,2.550000,2.550000,2.550000,2.550000,2.550000,2.550000,2.550000,2.550000,2.550000,2.550000,2.550000,2.550000,2.550000,2.550000,2.550000,2.549900,2.548200,2.532600,2.450200,2.196300
2.550000,2.550000,2.550000,2.550000,2.550000,2.550000,2.550000,2.550000,2.550000,2.550000,2.550000,2.550000,2.550000,2.550000,2.550000,2.550000,2.549900,2.548200,2.532300,2.449300,2.195200
2.550000,2.550000,2.550000,2.550000,2.550000,2.550000,2.550000,2.550000,2.550000,2.550000,2.550000,2.550000,2.550000,2.550000,2.550000,2.550000,2.549900,2.548100,2.532000,2.448500,2.194000
2.550000,2.550000,2.550000,2.550000,2.550000,2.550000,2.550000,2.550000,2.550000,2.550000,2.550000,2.550000,2.550000,2.550000,2.550000,2.550000,2.549900,2.548100,2.531700,2.447600,2.192900
2.550000,2.550000,2.550000,2.550000,2.550000,2.550000,2.550000,2.550000,2.550000,2.550000,2.550000,2.550000,2.550000,2.550000,2.550000,2.550000,2.549900,2.548000,2.531300,2.446700,2.191700
2.550000,2.550000,2.550000,2.550000,2.550000,2.550000,2.550000,2.550000,2.550000,2.550000,2.550000,2.550000,2.550000,2.550000,2.550000,2.550000,2.549900,2.548000,2.531000,2.445900,2.190600
2.550000,2.550000,2.550000,2.550000,2.550000,2.550000,2.550000,2.550000,2.550000,2.550000,2.550000,2.550000,2.550000,2.550000,2.550000,2.550000,2.549900,2.547900,2.530700,2.445000,2.189400
2.550000,2.550000,2.550000,2.550000,2.550000,2.550000,2.550000,2.550000,2.550000,2.550000,2.550000,2.550000,2.550000,2.550000,2.550000,2.550000,2.549900,2.547800,2.530400,2.444100,2.188300
2.550000,2.550000,2.550000,2.550000,2.550000,2.550000,2.550000,2.550000,2.550000,2.550000,2.550000,2.550000,2.550000,2.550000,2.550000,2.550000,2.549900,2.547800,2.530100,2.443300,2.187200
2.550000,2.550000,2.550000,2.550000,2.550000,2.550000,2.550000,2.550000,2.550000,2.550000,2.550000,2.550000,2.550000,2.550000,2.550000,2.550000,2.549800,2.547700,2.529700,2.442400,2.186100
2.550000,2.550000,2.550000,2.550000,2.550000,2.550000,2.550000,2.550000,2.550000,2.550000,2.550000,2.550000,2.550000,2.550000,2.550000,2.550000,2.549800,2.547600,2.529400,2.441600,2.184900
2.550000,2.550000,2.550000,2.550000,2.550000,2.550000,2.550000,2.550000,2.550000,2.550000,2.550000,2.550000,2.550000,2.550000,2.550000,2.550000,2.549800,2.547600,2.529100,2.440700,2.183800
2.550000,2.550000,2.550000,2.550000,2.550000,2.550000,2.550000,2.550000,2.550000,2.550000,2.550000,2.550000,2.550000,2.550000,2.550000,2.550000,2.549800,2.547500,2.528800,2.439900,2.182700
2.550000,2.550000,2.550000,2.550000,2.550000,2.550000,2.550000,2.550000,2.550000,2.550000,2.550000,2.550000,2.550000,2.550000,2.550000,2.550000,2.549800,2.547400,2.528400,2.439000,2.181600
2.550000,2.550000,2.550000,2.550000,2.550000,2.550000,2.550000,2.550000,2.550000,2.550000,2.550000,2.550000,2.550000,2.550000,2.550000,2.550000,2.549800,2.547400,2.528100,2.438200,2.180500
2.550000,2.550000,2.550000,2.550000,2.550000,2.550000,2.550000,2.550000,2.550000,2.550000,2.550000,2.550000,2.550000,2.550000,2.550000,2.550000,2.549800,2.547300,2.527800,2.437300,2.179400
2.550000,2.550000,2.550000,2.550000,2.550000,2.550000,2.550000,2.550000,2.550000,2.550000,2.550000,2.550000,2.550000,2.550000,2.550000,2.550000,2.549800,2.547200,2.527400,2.436500,2.178300
2.550000,2.550000,2.550000,2.550000,2.550000,2.550000,2.550000,2.550000,2.550000,2.550000,2.550000,2.550000,2.550000,2.550000,2.550000,2.550000,2.549800,2.547200,2.527100,2.435600,2.177200
2.550000,2.550000,2.550000,2.550000,2.550000,2.550000,2.550000,2.550000,2.550000,2.550000,2.550000,2.550000,2.550000,2.550000,2.550000,2.550000,2.549800,2.547100,2.526700,2.434800,2.176100
2.550000,2.550000,2.550000,2.550000,2.550000,2.550000,2.550000,2.550000,2.550000,2.550000,2.550000,2.550000,2.550000,2.550000,2.550000,2.550000,2.549800,2.547000,2.526400,2.433900,2.175100
2.550000,2.550000,2.550000,2.550000,2.550000,2.550000,2.550000,2.550000,2.550000,2.550000,2.550000,2.550000,2.550000,2.550000,2.550000,2.550000,2.549800,2.546900,2.526100,2.433100,2.174000
2.550000,2.550000,2.550000,2.550000,2.550000,2.550000,2.550000,2.550000,2.550000,2.550000,2.550000,2.550000,2.550000,2.550000,2.550000,2.550000,2.549800,2.546900,2.525700,2.432300,2.172900
2.550000,2.550000,2.550000,2.550000,2.550000,2.550000,2.550000,2.550000,2.550000,2.550000,2.550000,2.550000,2.550000,2.550000,2.550000,2.550000,2.549700,2.546800,2.525400,2.431400,2.171800
2.550000,2.550000,2.550000,2.550000,2.550000,2.550000,2.550000,2.550000,2.550000,2.550000,2.550000,2.550000,2.550000,2.550000,2.550000,2.550000,2.549700,2.546700,2.525000,2.430600,2.170800
2.550000,2.550000,2.550000,2.550000,2.550000,2.550000,2.550000,2.550000,2.550000,2.550000,2.550000,2.550000,2.550000,2.550000,2.550000,2.550000,2.549700,2.546600,2.524700,2.429700,2.169700
2.550000,2.550000,2.550000,2.550000,2.550000,2.550000,2.550000,2.550000,2.550000,2.550000,2.550000,2.550000,2.550000,2.550000,2.550000,2.550000,2.549700,2.546600,2.524300,2.428900,2.168700
2.550000,2.550000,2.550000,2.550000,2.550000,2.550000,2.550000,2.550000,2.550000,2.550000,2.550000,2.550000,2.550000,2.550000,2.550000,2.550000,2.549700,2.546500,2.524000,2.428100,2.167600
2.550000,2.550000,2.550000,2.550000,2.550000,2.550000,2.550000,2.550000,2.550000,2.550000,2.550000,2.550000,2.550000,2.550000,2.550000,2.550000,2.549700,2.546400,2.523600,2.427200,2.166600
2.550000,2.550000,2.550000,2.550000,2.550000,2.550000,2.550000,2.550000,2.550000,2.550000,2.550000,2.550000,2.550000,2.550000,2.550000,2.550000,2.549700,2.546300,2.523300,2.426400,2.165500
2.550000,2.550000,2.550000,2.550000,2.550000,2.550000,2.550000,2.550000,2.550000,2.550000,2.550000,2.550000,2.550000,2.550000,2.550000,2.550000,2.549700,2.546200,2.522900,2.425600,2.164500
2.550000,2.550000,2.550000,2.550000,2.550000,2.550000,2.550000,2.550000,2.550000,2.550000,2.550000,2.550000,2.550000,2.550000,2.550000,2.550000,2.549700,2.546100,2.522500,2.424800,2.163400
2.550000,2.550000,2.550000,2.550000,2.550000,2.550000,2.550000,2.550000,2.550000,2.550000,2.550000,2.550000,2.550000,2.550000,2.550000,2.550000,2.549600,2.546100,2.522200,2.423900,2.162400
2.550000,2.550000,2.550000,2.550000,2.550000,2.550000,2.550000,2.550000,2.550000,2.550000,2.550000,2.550000,2.550000,2.550000,2.550000,2.550000,2.549600,2.546000,2.521800,2.423100,2.161400
2.550000,2.550000,2.550000,2.550000,2.550000,2.550000,2.550000,2.550000,2.550000,2.550000,2.550000,2.550000,2.550000,2.550000,2.550000,2.550000,2.549600,2.545900,2.521500,2.422300,2.160300
2.550000,2.550000,2.550000,2.550000,2.550000,2.550000,2.550000,2.550000,2.550000,2.550000,2.550000,2.550000,2.550000,2.550000,2.550000,2.550000,2.549600,2.545800,2.521100,2.421500,2.159300
2.550000,2.550000,2.550000,2.550000,2.550000,2.550000,2.550000,2.550000,2.550000,2.550000,2.550000,2.550000,2.550000,2.550000,2.550000,2.550000,2.549600,2.545700,2.520700,2.420600,2.158300
2.550000,2.550000,2.550000,2.550000,2.550000,2.550000,2.550000,2.550000,2.550000,2.550000,2.550000,2.550000,2.550000,2.550000,2.550000,2.550000,2.549600,2.545600,2.520400,2.419800,2.157300
2.550000,2.550000,2.550000,2.550000,2.550000,2.550000,2.550000,2.550000,2.550000,2.550000,2.550000,2.550000,2.550000,2.550000,2.550000,2.550000,2.549600,2.545500,2.520000,2.419000,2.156300
2.550000,2.550000,2.550000,2.550000,2.550000,2.550000,2.550000,2.550000,2.550000,2.550000,2.550000,2.550000,2.550000,2.550000,2.550000,2.550000,2.549600,2.545400,2.519600,2.418200,2.155200
2.550000,2.550000,2.550000,2.550000,2.550000,2.550000,2.550000,2.550000,2.550000,2.550000,2.550000,2.550000,2.550000,2.550000,2.550000,2.550000,2.549500,2.545300,2.519300,2.417400,2.154200
2.550000,2.550000,2.550000,2.550000,2.550000,2.550000,2.550000,2.550000,2.550000,2.550000,2.550000,2.550000,2.550000,2.550000,2.550000,2.550000,2.549500,2.545200,2.518900,2.416500,2.153200
2.550000,2.550000,2.550000,2.550000,2.550000,2.550000,2.550000,2.550000,2.550000,2.550000,2.550000,2.550000,2.550000,2.550000,2.550000,2.550000,2.549500,2.545100,2.518500,2.415700,2.152200
2.550000,2.550000,2.550000,2.550000,2.550000,2.550000,2.550000,2.550000,2.550000,2.550000,2.550000,2.550000,2.550000,2.550000,2.550000,2.550000,2.549500,2.545000,2.518200,2.414900,2.151200
2.550000,2.550000,2.550000,2.550000,2.550000,2.550000,2.550000,2.550000,2.550000,2.550000,2.550000,2.550000,2.550000,2.550000,2.550000,2.550000,2.549500,2.544900,2.517800,2.414100,2.150200
2.550000,2.550000,2.550000,2.550000,2.550000,2.550000,2.550000,2.550000,2.550000,2.550000,2.550000,2.550000,2.550000,2.550000,2.550000,2.550000,2.549500,2.544800,2.517400,2.413300,2.149300
2.550000,2.550000,2.550000,2.550000,2.550000,2.550000,2.550000,2.550000,2.550000,2.550000,2.550000,2.550000,2.550000,2.550000,2.550000,2.550000,2.549500,2.544700,2.517000,2.412500,2.148300
2.550000,2.550000,2.550000,2.550000,2.550000,2.550000,2.550000,2.550000,2.550000,2.550000,2.550000,2.550000,2.550000,2.550000,2.550000,2.550000,2.549400,2.544600,2.516700,2.411700,2.147300
2.550000,2.550000,2.550000,2.550000,2.550000,2.550000,2.550000,2.550000,2.550000,2.550000,2.550000,2.550000,2.550000,2.550000,2.550000,2.550000,2.549400,2.544500,2.516300,2.410900,2.146300
2.550000,2.550000,2.550000,2.550000,2.550000,2.550000,2.550000,2.550000,2.550000,2.550000,2.550000,2.550000,2.550000,2.550000,2.550000,2.550000,2.549400,2.544400,2.515900,2.410100,2.145300
2.550000,2.550000,2.550000,2.550000,2.550000,2.550000,2.550000,2.550000,2.550000,2.550000,2.550000,2.550000,2.550000,2.550000,2.550000,2.550000,2.549400,2.544300,2.515500,2.409300,2.144300
2.550000,2.550000,2.550000,2.550000,2.550000,2.550000,2.550000,2.550000,2.550000,2.550000,2.550000,2.550000,2.550000,2.550000,2.550000,2.550000,2.549400,2.544200,2.515200,2.408500,2.143400
2.550000,2.550000,2.550000,2.550000,2.550000,2.550000,2.550000,2.550000,2.550000,2.550000,2.550000,2.550000,2.550000,2.550000,2.550000,2.550000,2.549400,2.544100,2.514800,2.407700,2.142400
2.550000,2.550000,2.550000,2.550000,2.550000,2.550000,2.550000,2.550000,2.550000,2.550000,2.550000,2.550000,2.550000,2.550000,2.550000,2.550000,2.549300,2.544000,2.514400,2.406900,2.141400
2.550000,2.550000,2.550000,2.550000,2.550000,2.550000,2.550000,2.550000,2.550000,2.550000,2.550000,2.550000,2.550000,2.550000,2.550000,2.549900,2.549300,2.543900,2.514000,2.406100,2.140500
2.550000,2.550000,2.550000,2.550000,2.550000,2.550000,2.550000,2.550000,2.550000,2.550000,2.550000,2.550000,2.550000,2.550000,2.550000,2.549900,2.549300,2.543800,2.513600,2.405300,2.139500
2.550000,2.550000,2.550000,2.550000,2.550000,2.550000,2.550000,2.550000,2.550000,2.550000,2.550000,2.550000,2.550000,2.550000,2.550000,2.549900,2.549300,2.543700,2.513200,2.404500,2.138600
2.550000,2.550000,2.550000,2.550000,2.550000,2.550000,2.550000,2.550000,2.550000,2.550000,2.550000,2.550000,2.550000,2.550000,2.550000,2.549900,2.549300,2.543600,2.512900,2.403700,2.137600
2.550000,2.550000,2.550000,2.550000,2.550000,2.550000,2.550000,2.550000,2.550000,2.550000,2.550000,2.550000,2.550000,2.550000,2.550000,2.549900,2.549200,2.543400,2.512500,2.402900,2.136700
2.550000,2.550000,2.550000,2.550000,2.550000,2.550000,2.550000,2.550000,2.550000,2.550000,2.550000,2.550000,2.550000,2.550000,2.550000,2.549900,2.549200,2.543300,2.512100,2.402100,2.135700
2.550000,2.550000,2.550000,2.550000,2.550000,2.550000,2.550000,2.550000,2.550000,2.550000,2.550000,2.550000,2.550000,2.550000,2.550000,2.549900,2.549200,2.543200,2.511700,2.401300,2.134800
2.550000,2.550000,2.550000,2.550000,2.550000,2.550000,2.550000,2.550000,2.550000,2.550000,2.550000,2.550000,2.550000,2.550000,2.550000,2.549900,2.549200,2.543100,2.511300,2.400500,2.133800
2.550000,2.550000,2.550000,2.550000,2.550000,2.550000,2.550000,2.550000,2.550000,2.550000,2.550000,2.550000,2.550000,2.550000,2.550000,2.549900,2.549200,2.543000,2.510900,2.399800,2.132900
2.550000,2.550000,2.550000,2.550000,2.550000,2.550000,2.550000,2.550000,2.550000,2.550000,2.550000,2.550000,2.550000,2.550000,2.550000,2.549900,2.549100,2.542900,2.510500,2.399000,2.131900
2.550000,2.550000,2.550000,2.550000,2.550000,2.550000,2.550000,2.550000,2.550000,2.550000,2.550000,2.550000,2.550000,2.550000,2.550000,2.549900,2.549100,2.542800,2.510100,2.398200,2.131000
2.550000,2.550000,2.550000,2.550000,2.550000,2.550000,2.550000,2.550000,2.550000,2.550000,2.550000,2.550000,2.550000,2.550000,2.550000,2.549900,2.549100,2.542600,2.509800,2.397400,2.130100
2.550000,2.550000,2.550000,2.550000,2.550000,2.550000,2.550000,2.550000,2.550000,2.550000,2.550000,2.550000,2.550000,2.550000,2.550000,2.549900,2.549100,2.542500,2.509400,2.396600,2.129100
2.550000,2.550000,2.550000,2.550000,2.550000,2.550000,2.550000,2.550000,2.550000,2.550000,2.550000,2.550000,2.550000,2.550000,2.550000,2.549900,2.549000,2.542400,2.509000,2.395900,2.128200
2.550000,2.550000,2.550000,2.550000,2.550000,2.550000,2.550000,2.550000,2.550000,2.550000,2.550000,2.550000,2.550000,2.550000,2.550000,2.549900,2.549000,2.542300,2.508600,2.395100,2.127300
2.550000,2.550000,2.550000,2.550000,2.550000,2.550000,2.550000,2.550000,2.550000,2.550000,2.550000,2.550000,2.550000,2.550000,2.550000,2.549900,2.549000,2.542100,2.508200,2.394300,2.126400
2.550000,2.550000,2.550000,2.550000,2.550000,2.550000,2.550000,2.550000,2.550000,2.550000,2.550000,2.550000,2.550000,2.550000,2.550000,2.549900,2.549000,2.542000,2.507800,2.393500,2.125500
2.550000,2.550000,2.550000,2.550000,2.550000,2.550000,2.550000,2.550000,2.550000,2.550000,2.550000,2.550000,2.550000,2.550000,2.550000,2.549900,2.548900,2.541900,2.507400,2.392700,2.124500
2.550000,2.550000,2.550000,2.550000,2.550000,2.550000,2.550000,2.550000,2.550000,2.550000,2.550000,2.550000,2.550000,2.550000,2.550000,2.549900,2.548900,2.541800,2.507000,2.392000,2.123600
2.550000,2.550000,2.550000,2.550000,2.550000,2.550000,2.550000,2.550000,2.550000,2.550000,2.550000,2.550000,2.550000,2.550000,2.550000,2.549900,2.548900,2.541600,2.506600,2.391200,2.122700
2.550000,2.550000,2.550000,2.550000,2.550000,2.550000,2.550000,2.550000,2.550000,2.550000,2.550000,2.550000,2.550000,2.550000,2.550000,2.549900,2.548900,2.541500,2.506200,2.390400,2.121800
2.550000,2.550000,2.550000,2.550000,2.550000,2.550000,2.550000,2.550000,2.550000,2.550000,2.550000,2.550000,2.550000,2.550000,2.550000,2.549900,2.548800,2.541400,2.505800,2.389700,2.120900
2.550000,2.550000,2.550000,2.550000,2.550000,2.550000,2.550000,2.550000,2.550000,2.550000,2.550000,2.550000,2.550000,2.550000,2.550000,2.549900,2.548800,2.541300,2.505400,2.388900,2.120000
2.550000,2.550000,2.550000,2.550000,2.550000,2.550000,2.550000,2.550000,2.550000,2.550000,2.550000,2.550000,2.550000,2.550000,2.550000,2.549900,2.548800,2.541100,2.505000,2.388100,2.119100
2.550000,2.550000,2.550000,2.550000,2.550000,2.550000,2.550000,2.550000,2.550000,2.550000,2.550000,2.550000,2.550000,2.550000,2.550000,2.549900,2.548800,2.541000,2.504600,2.387400,2.118200
2.550000,2.550000,2.550000,2.550000,2.550000,2.550000,2.550000,2.550000,2.550000,2.550000,2.550000,2.550000,2.550000,2.550000,2.550000,2.549900,2.548700,2.540900,2.504200,2.386600,2.117300
2.550000,2.550000,2.550000,2.550000,2.550000,2.550000,2.550000,2.550000,2.550000,2.550000,2.550000,2.550000,2.550000,2.550000,2.550000,2.549900,2.548700,2.540700,2.503800,2.385800,2.116400
2.550000,2.550000,2.550000,2.550000,2.550000,2.550000,2.550000,2.550000,2.550000,2.550000,2.550000,2.550000,2.550000,2.550000,2.550000,2.549900,2.548700,2.540600,2.503400,2.385100,2.115500
2.550000,2.550000,2.550000,2.550000,2.550000,2.550000,2.550000,2.550000,2.550000,2.550000,2.550000,2.550000,2.550000,2.550000,2.550000,2.549900,2.548600,2.540500,2.503000,2.384300,2.114600
2.550000,2.550000,2.550000,2.550000,2.550000,2.550000,2.550000,2.550000,2.550000,2.550000,2.550000,2.550000,2.550000,2.550000,2.550000,2.549900,2.548600,2.540300,2.502600,2.383600,2.113800
2.550000,2.550000,2.550000,2.550000,2.550000,2.550000,2.550000,2.550000,2.550000,2.550000,2.550000,2.550000,2.550000,2.550000,2.550000,2.549900,2.548600,2.540200,2.502200,2.382800,2.112900
2.550000,2.550000,2.550000,2.550000,2.550000,2.550000,2.550000,2.550000,2.550000,2.550000,2.550000,2.550000,2.550000,2.550000,2.550000,2.549900,2.548600,2.540000,2.501800,2.382000,2.112000
2.550000,2.550000,2.550000,2.550000,2.550000,2.550000,2.550000,2.550000,2.550000,2.550000,2.550000,2.550000,2.550000,2.550000,2.550000,2.549900,2.548500,2.539900,2.501400,2.381300,2.111100
2.550000,2.550000,2.550000,2.550000,2.550000,2.550000,2.550000,2.550000,2.550000,2.550000,2.550000,2.550000,2.550000,2.550000,2.550000,2.549800,2.548500,2.539800,2.501000,2.380500,2.110200
2.550000,2.550000,2.550000,2.550000,2.550000,2.550000,2.550000,2.550000,2.550000,2.550000,2.550000,2.550000,2.550000,2.550000,2.550000,2.549800,2.548500,2.539600,2.500500,2.379800,2.109400
2.550000,2.550000,2.550000,2.550000,2.550000,2.550000,2.550000,2.550000,2.550000,2.550000,2.550000,2.550000,2.550000,2.550000,2.550000,2.549800,2.548400,2.539500,2.500100,2.379000,2.108500
2.550000,2.550000,2.550000,2.550000,2.550000,2.550000,2.550000,2.550000,2.550000,2.550000,2.550000,2.550000,2.550000,2.550000,2.550000,2.549800,2.548400,2.539300,2.499700,2.378300,2.107600
2.550000,2.550000,2.550000,2.550000,2.550000,2.550000,2.550000,2.550000,2.550000,2.550000,2.550000,2.550000,2.550000,2.550000,2.550000,2.549800,2.548400,2.539200,2.499300,2.377500,2.106800
2.550000,2.550000,2.550000,2.550000,2.550000,2.550000,2.550000,2.550000,2.550000,2.550000,2.550000,2.550000,2.550000,2.550000,2.550000,2.549800,2.548300,2.539000,2.498900,2.376800,2.105900
2.550000,2.550000,2.550000,2.550000,2.550000,2.550000,2.550000,2.550000,2.550000,2.550000,2.550000,2.550000,2.550000,2.550000,2.550000,2.549800,2.548300,2.538900,2.498500,2.376000,2.105000
2.550000,2.550000,2.550000,2.550000,2.550000,2.550000,2.550000,2.550000,2.550000,2.550000,2.550000,2.550000,2.550000,2.550000,2.550000,2.549800,2.548300,2.538800,2.498100,2.375300,2.104200
2.550000,2.550000,2.550000,2.550000,2.550000,2.550000,2.550000,2.550000,2.550000,2.550000,2.550000,2.550000,2.550000,2.550000,2.550000,2.549800,2.548200,2.538600,2.497700,2.374500,2.103300
2.550000,2.550000,2.550000,2.550000,2.550000,2.550000,2.550000,2.550000,2.550000,2.550000,2.550000,2.550000,2.550000,2.550000,2.550000,2.549800,2.548200,2.538500,2.497300,2.373800,2.102500
2.550000,2.550000,2.550000,2.550000,2.550000,2.550000,2.550000,2.550000,2.550000,2.550000,2.550000,2.550000,2.550000,2.550000,2.550000,2.549800,2.548200,2.538300,2.496900,2.373100,2.101600
2.550000,2.550000,2.550000,2.550000,2.550000,2.550000,2.550000,2.550000,2.550000,2.550000,2.550000,2.550000,2.550000,2.550000,2.550000,2.549800,2.548100,2.538200,2.496500,2.372300,2.100800
2.550000,2.550000,2.550000,2.550000,2.550000,2.550000,2.550000,2.550000,2.550000,2.550000,2.550000,2.550000,2.550000,2.550000,2.550000,2.549800,2.548100,2.538000,2.496000,2.371600,2.099900
2.550000,2.550000,2.550000,2.550000,2.550000,2.550000,2.550000,2.550000,2.550000,2.550000,2.550000,2.550000,2.550000,2.550000,2.550000,2.549800,2.548100,2.537900,2.495600,2.370800,2.099100
2.550000,2.550000,2.550000,2.550000,2.550000,2.550000,2.550000,2.550000,2.550000,2.550000,2.550000,2.550000,2.550000,2.550000,2.550000,2.549800,2.548000,2.537700,2.495200,2.370100,2.098200
2.550000,2.550000,2.550000,2.550000,2.550000,2.550000,2.550000,2.550000,2.550000,2.550000,2.550000,2.550000,2.550000,2.550000,2.550000,2.549800,2.548000,2.537600,2.494800,2.369400,2.097400
2.550000,2.550000,2.550000,2.550000,2.550000,2.550000,2.550000,2.550000,2.550000,2.550000,2.550000,2.550000,2.550000,2.550000,2.550000,2.549800,2.547900,2.537400,2.494400,2.368600,2.096500
2.550000,2.550000,2.550000,2.550000,2.550000,2.550000,2.550000,2.550000,2.550000,2.550000,2.550000,2.550000,2.550000,2.550000,2.550000,2.549800,2.547900,2.537300,2.494000,2.367900,2.095700
2.550000,2.550000,2.550000,2.550000,2.550000,2.550000,2.550000,2.550000,2.550000,2.550000,2.550000,2.550000,2.550000,2.550000,2.550000,2.549700,2.547900,2.537100,2.493600,2.367200,2.094900
2.550000,2.550000,2.550000,2.550000,2.550000,2.550000,2.550000,2.550000,2.550000,2.550000,2.550000,2.550000,2.550000,2.550000,2.550000,2.549700,2.547800,2.536900,2.493100,2.366400,2.094000
2.550000,2.550000,2.550000,2.550000,2.550000,2.550000,2.550000,2.550000,2.550000,2.550000,2.550000,2.550000,2.550000,2.550000,2.550000,2.549700,2.547800,2.536800,2.492700,2.365700,2.093200
2.550000,2.550000,2.550000,2.550000,2.550000,2.550000,2.550000,2.550000,2.550000,2.550000,2.550000,2.550000,2.550000,2.550000,2.550000,2.549700,2.547800,2.536600,2.492300,2.365000,2.092400
2.550000,2.550000,2.550000,2.550000,2.550000,2.550000,2.550000,2.550000,2.550000,2.550000,2.550000,2.550000,2.550000,2.550000,2.550000,2.549700,2.547700,2.536500,2.491900,2.364300,2.091500
2.550000,2.550000,2.550000,2.550000,2.550000,2.550000,2.550000,2.550000,2.550000,2.550000,2.550000,2.550000,2.550000,2.550000,2.550000,2.549700,2.547700,2.536300,2.491500,2.363500,2.090700
2.550000,2.550000,2.550000,2.550000,2.550000,2.550000,2.550000,2.550000,2.550000,2.550000,2.550000,2.550000,2.550000,2.550000,2.550000,2.549700,2.547600,2.536100,2.491100,2.362800,2.089900
2.550000,2.550000,2.550000,2.550000,2.550000,2.550000,2.550000,2.550000,2.550000,2.550000,2.550000,2.550000,2.550000,2.550000,2.550000,2.549700,2.547600,2.536000,2.490600,2.362100,2.089100
2.550000,2.550000,2.550000,2.550000,2.550000,2.550000,2.550000,2.550000,2.550000,2.550000,2.550000,2.550000,2.550000,2.550000,2.550000,2.549700,2.547500,2.535800,2.490200,2.361400,2.088200
2.550000,2.550000,2.550000,2.550000,2.550000,2.550000,2.550000,2.550000,2.550000,2.550000,2.550000,2.550000,2.550000,2.550000,2.550000,2.549700,2.547500,2.535700,2.489800,2.360600,2.087400
2.550000,2.550000,2.550000,2.550000,2.550000,2.550000,2.550000,2.550000,2.550000,2.550000,2.550000,2.550000,2.550000,2.550000,2.550000,2.549700,2.547500,2.535500,2.489400,2.359900,2.086600
2.550000,2.550000,2.550000,2.550000,2.550000,2.550000,2.550000,2.550000,2.550000,2.550000,2.550000,2.550000,2.550000,2.550000,2.550000,2.549700,2.547400,2.535300,2.489000,2.359200,2.085800
2.550000,2.550000,2.550000,2.550000,2.550000,2.550000,2.550000,2.550000,2.550000,2.550000,2.550000,2.550000,2.550000,2.550000,2.550000,2.549700,2.547400,2.535200,2.488500,2.358500,2.085000
2.550000,2.550000,2.550000,2.550000,2.550000,2.550000,2.550000,2.550000,2.550000,2.550000,2.550000,2.550000,2.550000,2.550000,2.550000,2.549700,2.547300,2.535000,2.488100,2.357800,2.084200
2.550000,2.550000,2.550000,2.550000,2.550000,2.550000,2.550000,2.550000,2.550000,2.550000,2.550000,2.550000,2.550000,2.550000,2.550000,2.549600,2.547300,2.534800,2.487700,2.357000,2.083400
2.550000,2.550000,2.550000,2.550000,2.550000,2.550000,2.550000,2.550000,2.550000,2.550000,2.550000,2.550000,2.550000,2.550000,2.550000,2.549600,2.547200,2.534700,2.487300,2.356300,2.082600
2.550000,2.550000,2.550000,2.550000,2.550000,2.550000,2.550000,2.550000,2.550000,2.550000,2.550000,2.550000,2.550000,2.550000,2.550000,2.549600,2.547200,2.534500,2.486900,2.355600,2.081800
2.550000,2.550000,2.550000,2.550000,2.550000,2.550000,2.550000,2.550000,2.550000,2.550000,2.550000,2.550000,2.550000,2.550000,2.550000,2.549600,2.547100,2.534300,2.486400,2.354900,2.081000
2.550000,2.550000,2.550000,2.550000,2.550000,2.550000,2.550000,2.550000,2.550000,2.550000,2.550000,2.550000,2.550000,2.550000,2.550000,2.549600,2.547100,2.534200,2.486000,2.354200,2.080200
2.550000,2.550000,2.550000,2.550000,2.550000,2.550000,2.550000,2.550000,2.550000,2.550000,2.550000,2.550000,2.550000,2.550000,2.550000,2.549600,2.547100,2.534000,2.485600,2.353500,2.079400
2.550000,2.550000,2.550000,2.550000,2.550000,2.550000,2.550000,2.550000,2.550000,2.550000,2.550000,2.550000,2.550000,2.550000,2.550000,2.549600,2.547000,2.533800,2.485200,2.352800,2.078600
2.550000,2.550000,2.550000,2.550000,2.550000,2.550000,2.550000,2.550000,2.550000,2.550000,2.550000,2.550000,2.550000,2.550000,2.550000,2.549600,2.547000,2.533700,2.484800,2.352100,2.077800
2.550000,2.550000,2.550000,2.550000,2.550000,2.550000,2.550000,2.550000,2.550000,2.550000,2.550000,2.550000,2.550000,2.550000,2.550000,2.549600,2.546900,2.533500,2.484300,2.351400,2.077000
2.550000,2.550000,2.550000,2.550000,2.550000,2.550000,2.550000,2.550000,2.550000,2.550000,2.550000,2.550000,2.550000,2.550000,2.550000,2.549600,2.546900,2.533300,2.483900,2.350700,2.076200
2.550000,2.550000,2.550000,2.550000,2.550000,2.550000,2.550000,2.550000,2.550000,2.550000,2.550000,2.550000,2.550000,2.550000,2.550000,2.549600,2.546800,2.533100,2.483500,2.349900,2.075400
2.550000,2.550000,2.550000,2.550000,2.550000,2.550000,2.550000,2.550000,2.550000,2.550000,2.550000,2.550000,2.550000,2.550000,2.550000,2.549500,2.546800,2.533000,2.483100,2.349200,2.074600
2.550000,2.550000,2.550000,2.550000,2.550000,2.550000,2.550000,2.550000,2.550000,2.550000,2.550000,2.550000,2.550000,2.550000,2.550000,2.549500,2.546700,2.532800,2.482600,2.348500,2.073800
2.550000,2.550000,2.550000,2.550000,2.550000,2.550000,2.550000,2.550000,2.550000,2.550000,2.550000,2.550000,2.550000,2.550000,2.550000,2.549500,2.546700,2.532600,2.482200,2.347800,2.073000
2.550000,2.550000,2.550000,2.550000,2.550000,2.550000,2.550000,2.550000,2.550000,2.550000,2.550000,2.550000,2.550000,2.550000,2.549900,2.549500,2.546600,2.532400,2.481800,2.347100,2.072300
2.550000,2.550000,2.550000,2.550000,2.550000,2.550000,2.550000,2.550000,2.550000,2.550000,2.550000,2.550000,2.550000,2.550000,2.549900,2.549500,2.546600,2.532300,2.481400,2.346400,2.071500
2.550000,2.550000,2.550000,2.550000,2.550000,2.550000,2.550000,2.550000,2.550000,2.550000,2.550000,2.550000,2.550000,2.550000,2.549900,2.549500,2.546500,2.532100,2.480900,2.345700,2.070700
2.550000,2.550000,2.550000,2.550000,2.550000,2.550000,2.550000,2.550000,2.550000,2.550000,2.550000,2.550000,2.550000,2.550000,2.549900,2.549500,2.546500,2.531900,2.480500,2.345000,2.069900
2.550000,2.550000,2.550000,2.550000,2.550000,2.550000,2.550000,2.550000,2.550000,2.550000,2.550000,2.550000,2.550000,2.550000,2.549900,2.549500,2.546400,2.531700,2.480100,2.344300,2.069100
2.550000,2.550000,2.550000,2.550000,2.550000,2.550000,2.550000,2.550000,2.550000,2.550000,2.550000,2.550000,2.550000,2.550000,2.549900,2.549500,2.546400,2.531500,2.479700,2.343700,2.068400
2.550000,2.550000,2.550000,2.550000,2.550000,2.550000,2.550000,2.550000,2.550000,2.550000,2.550000,2.550000,2.550000,2.550000,2.549900,2.549500,2.546300,2.531400,2.479200,2.343000,2.067600
2.550000,2.550000,2.550000,2.550000,2.550000,2.550000,2.550000,2.550000,2.550000,2.550000,2.550000,2.550000,2.550000,2.550000,2.549900,2.549400,2.546200,2.531200,2.478800,2.342300,2.066800
2.550000,2.550000,2.550000,2.550000,2.550000,2.550000,2.550000,2.550000,2.550000,2.550000,2.550000,2.550000,2.550000,2.550000,2.549900,2.549400,2.546200,2.531000,2.478400,2.341600,2.066100
2.550000,2.550000,2.550000,2.550000,2.550000,2.550000,2.550000,2.550000,2.550000,2.550000,2.550000,2.550000,2.550000,2.550000,2.549900,2.549400,2.546100,2.530800,2.478000,2.340900,2.065300
2.550000,2.550000,2.550000,2.550000,2.550000,2.550000,2.550000,2.550000,2.550000,2.550000,2.550000,2.550000,2.550000,2.550000,2.549900,2.549400,2.546100,2.530600,2.477500,2.340200,2.064500
2.550000,2.550000,2.550000,2.550000,2.550000,2.550000,2.550000,2.550000,2.550000,2.550000,2.550000,2.550000,2.550000,2.550000,2.549900,2.549400,2.546000,2.530500,2.477100,2.339500,2.063800
2.550000,2.550000,2.550000,2.550000,2.550000,2.550000,2.550000,2.550000,2.550000,2.550000,2.550000,2.550000,2.550000,2.550000,2.549900,2.549400,2.546000,2.530300,2.476700,2.338800,2.063000
2.550000,2.550000,2.550000,2.550000,2.550000,2.550000,2.550000,2.550000,2.550000,2.550000,2.550000,2.550000,2.550000,2.550000,2.549900,2.549400,2.545900,2.530100,2.476300,2.338100,2.062200
2.550000,2.550000,2.550000,2.550000,2.550000,2.550000,2.550000,2.550000,2.550000,2.550000,2.550000,2.550000,2.550000,2.550000,2.549900,2.549400,2.545900,2.529900,2.475800,2.337400,2.061500
2.550000,2.550000,2.550000,2.550000,2.550000,2.550000,2.550000,2.550000,2.550000,2.550000,2.550000,2.550000,2.550000,2.550000,2.549900,2.549300,2.545800,2.529700,2.475400,2.336800,2.060700
2.550000,2.550000,2.550000,2.550000,2.550000,2.550000,2.550000,2.550000,2.550000,2.550000,2.550000,2.550000,2.550000,2.550000,2.549900,2.549300,2.545700,2.529500,2.475000,2.336100,2.060000
2.550000,2.550000,2.550000,2.550000,2.550000,2.550000,2.550000,2.550000,2.550000,2.550000,2.550000,2.550000,2.550000,2.550000,2.549900,2.549300,2.545700,2.529300,2.474600,2.335400,2.059200
2.550000,2.550000,2.550000,2.550000,2.550000,2.550000,2.550000,2.550000,2.550000,2.550000,2.550000,2.550000,2.550000,2.550000,2.549900,2.549300,2.545600,2.529100,2.474100,2.334700,2.058500
2.550000,2.550000,2.550000,2.550000,2.550000,2.550000,2.550000,2.550000,2.550000,2.550000,2.550000,2.550000,2.550000,2.550000,2.549900,2.549300,2.545600,2.529000,2.473700,2.334000,2.057700
2.550000,2.550000,2.550000,2.550000,2.550000,2.550000,2.550000,2.550000,2.550000,2.550000,2.550000,2.550000,2.550000,2.550000,2.549900,2.549300,2.545500,2.528800,2.473300,2.333400,2.057000
2.550000,2.550000,2.550000,2.550000,2.550000,2.550000,2.550000,2.550000,2.550000,2.550000,2.550000,2.550000,2.550000,2.550000,2.549900,2.549300,2.545400,2.528600,2.472800,2.332700,2.056200
2.550000,2.550000,2.550000,2.550000,2.550000,2.550000,2.550000,2.550000,2.550000,2.550000,2.550000,2.550000,2.550000,2.550000,2.549900,2.549300,2.545400,2.528400,2.472400,2.332000,2.055500
2.550000,2.550000,2.550000,2.550000,2.550000,2.550000,2.550000,2.550000,2.550000,2.550000,2.550000,2.550000,2.550000,2.550000,2.549900,2.549200,2.545300,2.528200,2.472000,2.331300,2.054700
2.550000,2.550000,2.550000,2.550000,2.550000,2.550000,2.550000,2.550000,2.550000,2.550000,2.550000,2.550000,2.550000,2.550000,2.549900,2.549200,2.545300,2.528000,2.471600,2.330600,2.054000
2.550000,2.550000,2.550000,2.550000,2.550000,2.550000,2.550000,2.550000,2.550000,2.550000,2.550000,2.550000,2.550000,2.550000,2.549900,2.549200,2.545200,2.527800,2.471100,2.330000,2.053300
2.550000,2.550000,2.550000,2.550000,2.550000,2.550000,2.550000,2.550000,2.550000,2.550000,2.550000,2.550000,2.550000,2.550000,2.549900,2.549200,2.545100,2.527600,2.470700,2.329300,2.052500
2.550000,2.550000,2.550000,2.550000,2.550000,2.550000,2.550000,2.550000,2.550000,2.550000,2.550000,2.550000,2.550000,2.550000,2.549900,2.549200,2.545100,2.527400,2.470300,2.328600,2.051800
2.550000,2.550000,2.550000,2.550000,2.550000,2.550000,2.550000,2.550000,2.550000,2.550000,2.550000,2.550000,2.550000,2.550000,2.549900,2.549200,2.545000,2.527200,2.469900,2.328000,2.051000
2.550000,2.550000,2.550000,2.550000,2.550000,2.550000,2.550000,2.550000,2.550000,2.550000,2.550000,2.550000,2.550000,2.550000,2.549900,2.549200,2.545000,2.527000,2.469400,2.327300,2.050300
2.550000,2.550000,2.550000,2.550000,2.550000,2.550000,2.550000,2.550000,2.550000,2.550000,2.550000,2.550000,2.550000,2.550000,2.549900,2.549100,2.544900,2.526800,2.469000,2.326600,2.049600
2.550000,2.550000,2.550000,2.550000,2.550000,2.550000,2.550000,2.550000,2.550000,2.550000,2.550000,2.550000,2.550000,2.550000,2.549900,2.549100,2.544800,2.526600,2.468600,2.325900,2.048800
2.550000,2.550000,2.550000,2.550000,2.550000,2.550000,2.550000,2.550000,2.550000,2.550000,2.550000,2.550000,2.550000,2.550000,2.549900,2.549100,2.544800,2.526400,2.468100,2.325300,2.048100
2.550000,2.550000,2.550000,2.550000,2.550000,2.550000,2.550000,2.550000,2.550000,2.550000,2.550000,2.550000,2.550000,2.550000,2.549900,2.549100,2.544700,2.526200,2.467700,2.324600,2.047400
2.550000,2.550000,2.550000,2.550000,2.550000,2.550000,2.550000,2.550000,2.550000,2.550000,2.550000,2.550000,2.550000,2.550000,2.549900,2.549100,2.544600,2.526100,2.467300,2.323900,2.046700
2.550000,2.550000,2.550000,2.550000,2.550000,2.550000,2.550000,2.550000,2.550000,2.550000,2.550000,2.550000,2.550000,2.550000,2.549900,2.549100,2.544600,2.525900,2.466900,2.323300,2.045900
2.550000,2.550000,2.550000,2.550000,2.550000,2.550000,2.550000,2.550000,2.550000,2.550000,2.550000,2.550000,2.550000,2.550000,2.549900,2.549000,2.544500,2.525700,2.466400,2.322600,2.045200
2.550000,2.550000,2.550000,2.550000,2.550000,2.550000,2.550000,2.550000,2.550000,2.550000,2.550000,2.550000,2.550000,2.550000,2.549900,2.549000,2.544400,2.525500,2.466000,2.322000,2.044500
2.550000,2.550000,2.550000,2.550000,2.550000,2.550000,2.550000,2.550000,2.550000,2.550000,2.550000,2.550000,2.550000,2.550000,2.549900,2.549000,2.544400,2.525300,2.465600,2.321300,2.043800
2.550000,2.550000,2.550000,2.550000,2.550000,2.550000,2.550000,2.550000,2.550000,2.550000,2.550000,2.550000,2.550000,2.550000,2.549900,2.549000,2.544300,2.525100,2.465100,2.320600,2.043000
2.550000,2.550000,2.550000,2.550000,2.550000,2.550000,2.550000,2.550000,2.550000,2.550000,2.550000,2.550000,2.550000,2.550000,2.549900,2.549000,2.544200,2.524900,2.464700,2.320000,2.042300
2.550000,2.550000,2.550000,2.550000,2.550000,2.550000,2.550000,2.550000,2.550000,2.550000,2.550000,2.550000,2.550000,2.550000,2.549900,2.549000,2.544200,2.524600,2.464300,2.319300,2.041600
2.550000,2.550000,2.550000,2.550000,2.550000,2.550000,2.550000,2.550000,2.550000,2.550000,2.550000,2.550000,2.550000,2.550000,2.549900,2.548900,2.544100,2.524400,2.463800,2.318700,2.040900
2.550000,2.550000,2.550000,2.550000,2.550000,2.550000,2.550000,2.550000,2.550000,2.550000,2.550000,2.550000,2.550000,2.550000,2.549900,2.548900,2.544000,2.524200,2.463400,2.318000,2.040200
2.550000,2.550000,2.550000,2.550000,2.550000,2.550000,2.550000,2.550000,2.550000,2.550000,2.550000,2.550000,2.550000,2.550000,2.549800,2.548900,2.543900,2.524000,2.463000,2.317300,2.039500
2.550000,2.550000,2.550000,2.550000,2.550000,2.550000,2.550000,2.550000,2.550000,2.550000,2.550000,2.550000,2.550000,2.550000,2.549800,2.548900,2.543900,2.523800,2.462600,2.316700,2.038800
2.550000,2.550000,2.550000,2.550000,2.550000,2.550000,2.550000,2.550000,2.550000,2.550000,2.550000,2.550000,2.550000,2.550000,2.549800,2.548900,2.543800,2.523600,2.462100,2.316000,2.038000
2.550000,2.550000,2.550000,2.550000,2.550000,2.550000,2.550000,2.550000,2.550000,2.550000,2.550000,2.550000,2.550000,2.550000,2.549800,2.548900,2.543700,2.523400,2.461700,2.315400,2.037300
2.550000,2.550000,2.550000,2.550000,2.550000,2.550000,2.550000,2.550000,2.550000,2.550000,2.550000,2.550000,2.550000,2.550000,2.549800,2.548800,2.543700,2.523200,2.461300,2.314700,2.036600
2.550000,2.550000,2.550000,2.550000,2.550000,2.550000,2.550000,2.550000,2.550000,2.550000,2.550000,2.550000,2.550000,2.550000,2.549800,2.548800,2.543600,2.523000,2.460800,2.314100,2.035900
2.550000,2.550000,2.550000,2.550000,2.550000,2.550000,2.550000,2.550000,2.550000,2.550000,2.550000,2.550000,2.550000,2.550000,2.549800,2.548800,2.543500,2.522800,2.460400,2.313400,2.035200
2.550000,2.550000,2.550000,2.550000,2.550000,2.550000,2.550000,2.550000,2.550000,2.550000,2.550000,2.550000,2.550000,2.550000,2.549800,2.548800,2.543400,2.522600,2.460000,2.312800,2.034500
2.550000,2.550000,2.550000,2.550000,2.550000,2.550000,2.550000,2.550000,2.550000,2.550000,2.550000,2.550000,2.550000,2.550000,2.549800,2.548800,2.543400,2.522400,2.459500,2.312100,2.033800
2.550000,2.550000,2.550000,2.550000,2.550000,2.550000,2.550000,2.550000,2.550000,2.550000,2.550000,2.550000,2.550000,2.550000,2.549800,2.548700,2.543300,2.522200,2.459100,2.311500,2.033100
2.550000,2.550000,2.550000,2.550000,2.550000,2.550000,2.550000,2.550000,2.550000,2.550000,2.550000,2.550000,2.550000,2.550000,2.549800,2.548700,2.543200,2.522000,2.458700,2.310800,2.032400
2.550000,2.550000,2.550000,2.550000,2.550000,2.550000,2.550000,2.550000,2.550000,2.550000,2.550000,2.550000,2.550000,2.550000,2.549800,2.548700,2.543100,2.521800,2.458300,2.310200,2.031700
2.550000,2.550000,2.550000,2.550000,2.550000,2.550000,2.550000,2.550000,2.550000,2.550000,2.550000,2.550000,2.550000,2.550000,2.549800,2.548700,2.543100,2.521600,2.457800,2.309500,2.031000
2.550000,2.550000,2.550000,2.550000,2.550000,2.550000,2.550000,2.550000,2.550000,2.550000,2.550000,2.550000,2.550000,2.550000,2.549800,2.548700,2.543000,2.521300,2.457400,2.308900,2.030300
2.550000,2.550000,2.550000,2.550000,2.550000,2.550000,2.550000,2.550000,2.550000,2.550000,2.550000,2.550000,2.550000,2.550000,2.549800,2.548600,2.542900,2.521100,2.457000,2.308300,2.029600
2.550000,2.550000,2.550000,2.550000,2.550000,2.550000,2.550000,2.550000,2.550000,2.550000,2.550000,2.550000,2.550000,2.550000,2.549800,2.548600,2.542800,2.520900,2.456500,2.307600,2.028900
2.550000,2.550000,2.550000,2.550000,2.550000,2.550000,2.550000,2.550000,2.550000,2.550000,2.550000,2.550000,2.550000,2.550000,2.549800,2.548600,2.542800,2.520700,2.456100,2.307000,2.028300
2.550000,2.550000,2.550000,2.550000,2.550000,2.550000,2.550000,2.550000,2.550000,2.550000,2.550000,2.550000,2.550000,2.550000,2.549800,2.548600,2.542700,2.520500,2.455700,2.306300,2.027600
2.550000,2.550000,2.550000,2.550000,2.550000,2.550000,2.550000,2.550000,2.550000,2.550000,2.550000,2.550000,2.550000,2.550000,2.549800,2.548600,2.542600,2.520300,2.455300,2.305700,2.026900
2.550000,2.550000,2.550000,2.550000,2.550000,2.550000,2.550000,2.550000,2.550000,2.550000,2.550000,2.550000,2.550000,2.550000,2.549800,2.548500,2.542500,2.520100,2.454800,2.305100,2.026200
2.550000,2.550000,2.550000,2.550000,2.550000,2.550000,2.550000,2.550000,2.550000,2.550000,2.550000,2.550000,2.550000,2.550000,2.549800,2.548500,2.542500,2.519900,2.454400,2.304400,2.025500
2.550000,2.550000,2.550000,2.550000,2.550000,2.550000,2.550000,2.550000,2.550000,2.550000,2.550000,2.550000,2.550000,2.550000,2.549800,2.548500,2.542400,2.519600,2.454000,2.303800,2.024800
2.550000,2.550000,2.550000,2.550000,2.550000,2.550000,2.550000,2.550000,2.550000,2.550000,2.550000,2.550000,2.550000,2.550000,2.549800,2.548500,2.542300,2.519400,2.453500,2.303100,2.024100
2.550000,2.550000,2.550000,2.550000,2.550000,2.550000,2.550000,2.550000,2.550000,2.550000,2.550000,2.550000,2.550000,2.550000,2.549800,2.548500,2.542200,2.519200,2.453100,2.302500,2.023500
2.550000,2.550000,2.550000,2.550000,2.550000,2.550000,2.550000,2.550000,2.550000,2.550000,2.550000,2.550000,2.550000,2.550000,2.549800,2.548400,2.542100,2.519000,2.452700,2.301900,2.022800
2.550000,2.550000,2.550000,2.550000,2.550000,2.550000,2.550000,2.550000,2.550000,2.550000,2.550000,2.550000,2.550000,2.550000,2.549800,2.548400,2.542100,2.518800,2.452200,2.301200,2.022100
2.550000,2.550000,2.550000,2.550000,2.550000,2.550000,2.550000,2.550000,2.550000,2.550000,2.550000,2.550000,2.550000,2.550000,2.549700,2.548400,2.542000,2.518600,2.451800,2.300600,2.021400
2.550000,2.550000,2.550000,2.550000,2.550000,2.550000,2.550000,2.550000,2.550000,2.550000,2.550000,2.550000,2.550000,2.550000,2.549700,2.548400,2.541900,2.518400,2.451400,2.300000,2.020700
2.550000,2.550000,2.550000,2.550000,2.550000,2.550000,2.550000,2.550000,2.550000,2.550000,2.550000,2.550000,2.550000,2.550000,2.549700,2.548300,2.541800,2.518100,2.451000,2.299400,2.020100
2.550000,2.550000,2.550000,2.550000,2.550000,2.550000,2.550000,2.550000,2.550000,2.550000,2.550000,2.550000,2.550000,2.550000,2.549700,2.548300,2.541700,2.517900,2.450500,2.298700,2.019400
2.550000,2.550000,2.550000,2.550000,2.550000,2.550000,2.550000,2.550000,2.550000,2.550000,2.550000,2.550000,2.550000,2.550000,2.549700,2.548300,2.541600,2.517700,2.450100,2.298100,2.018700
2.550000,2.550000,2.550000,2.550000,2.550000,2.550000,2.550000,2.550000,2.550000,2.550000,2.550000,2.550000,2.550000,2.550000,2.549700,2.548300,2.541600,2.517500,2.449700,2.297500,2.018000
2.550000,2.550000,2.550000,2.550000,2.550000,2.550000,2.550000,2.550000,2.550000,2.550000,2.550000,2.550000,2.550000,2.550000,2.549700,2.548200,2.541500,2.517300,2.449200,2.296800,2.017400
2.550000,2.550000,2.550000,2.550000,2.550000,2.550000,2.550000,2.550000,2.550000,2.550000,2.550000,2.550000,2.550000,2.550000,2.549700,2.548200,2.541400,2.517000,2.448800,2.296200,2.016700
2.550000,2.550000,2.550000,2.550000,2.550000,2.550000,2.550000,2.550000,2.550000,2.550000,2.550000,2.550000,2.550000,2.550000,2.549700,2.548200,2.541300,2.516800,2.448400,2.295600,2.016000
2.550000,2.550000,2.550000,2.550000,2.550000,2.550000,2.550000,2.550000,2.550000,2.550000,2.550000,2.550000,2.550000,2.550000,2.549700,2.548200,2.541200,2.516600,2.447900,2.295000,2.015400
2.550000,2.550000,2.550000,2.550000,2.550000,2.550000,2.550000,2.550000,2.550000,2.550000,2.550000,2.550000,2.550000,2.550000,2.549700,2.548100,2.541100,2.516400,2.447500,2.294300,2.014700
2.550000,2.550000,2.550000,2.550000,2.550000,2.550000,2.550000,2.550000,2.550000,2.550000,2.550000,2.550000,2.550000,2.550000,2.549700,2.548100,2.541100,2.516200,2.447100,2.293700,2.014000
2.550000,2.550000,2.550000,2.550000,2.550000,2.550000,2.550000,2.550000,2.550000,2.550000,2.550000,2.550000,2.550000,2.550000,2.549700,2.548100,2.541000,2.515900,2.446700,2.293100,2.013400
2.550000,2.550000,2.550000,2.550000,2.550000,2.550000,2.550000,2.550000,2.550000,2.550000,2.550000,2.550000,2.550000,2.550000,2.549700,2.548100,2.540900,2.515700,2.446200,2.292500,2.012700
2.550000,2.550000,2.550000,2.550000,2.550000,2.550000,2.550000,2.550000,2.550000,2.550000,2.550000,2.550000,2.550000,2.550000,2.549700,2.548000,2.540800,2.515500,2.445800,2.291900,2.012000
2.550000,2.550000,2.550000,2.550000,2.550000,2.550000,2.550000,2.550000,2.550000,2.550000,2.550000,2.550000,2.550000,2.550000,2.549700,2.548000,2.540700,2.515300,2.445400,2.291200,2.011400
2.550000,2.550000,2.550000,2.550000,2.550000,2.550000,2.550000,2.550000,2.550000,2.550000,2.550000,2.550000,2.550000,2.550000,2.549700,2.548000,2.540600,2.515000,2.444900,2.290600,2.010700
2.550000,2.550000,2.550000,2.550000,2.550000,2.550000,2.550000,2.550000,2.550000,2.550000,2.550000,2.550000,2.550000,2.550000,2.549700,2.548000,2.540500,2.514800,2.444500,2.290000,2.010100
2.550000,2.550000,2.550000,2.550000,2.550000,2.550000,2.550000,2.550000,2.550000,2.550000,2.550000,2.550000,2.550000,2.550000,2.549600,2.547900,2.540400,2.514600,2.444100,2.289400,2.009400
2.550000,2.550000,2.550000,2.550000,2.550000,2.550000,2.550000,2.550000,2.550000,2.550000,2.550000,2.550000,2.550000,2.550000,2.549600,2.547900,2.540400,2.514400,2.443700,2.288800,2.008800
2.550000,2.550000,2.550000,2.550000,2.550000,2.550000,2.550000,2.550000,2.550000,2.550000,2.550000,2.550000,2.550000,2.550000,2.549600,2.547900,2.540300,2.514100,2.443200,2.288100,2.008100
2.550000,2.550000,2.550000,2.550000,2.550000,2.550000,2.550000,2.550000,2.550000,2.550000,2.550000,2.550000,2.550000,2.549900,2.549600,2.547900,2.540200,2.513900,2.442800,2.287500,2.007500
2.550000,2.550000,2.550000,2.550000,2.550000,2.550000,2.550000,2.550000,2.550000,2.550000,2.550000,2.550000,2.550000,2.549900,2.549600,2.547800,2.540100,2.513700,2.442400,2.286900,2.006800
2.550000,2.550000,2.550000,2.550000,2.550000,2.550000,2.550000,2.550000,2.550000,2.550000,2.550000,2.550000,2.550000,2.549900,2.549600,2.547800,2.540000,2.513500,2.441900,2.286300,2.006100
2.550000,2.550000,2.550000,2.550000,2.550000,2.550000,2.550000,2.550000,2.550000,2.550000,2.550000,2.550000,2.550000,2.549900,2.549600,2.547800,2.539900,2.513200,2.441500,2.285700,2.005500
2.550000,2.550000,2.550000,2.550000,2.550000,2.550000,2.550000,2.550000,2.550000,2.550000,2.550000,2.550000,2.550000,2.549900,2.549600,2.547800,2.539800,2.513000,2.441100,2.285100,2.004900
2.550000,2.550000,2.550000,2.550000,2.550000,2.550000,2.550000,2.550000,2.550000,2.550000,2.550000,2.550000,2.550000,2.549900,2.549600,2.547700,2.539700,2.512800,2.440700,2.284500,2.004200
2.550000,2.550000,2.550000,2.550000,2.550000,2.550000,2.550000,2.550000,2.550000,2.550000,2.550000,2.550000,2.550000,2.549900,2.549600,2.547700,2.539600,2.512600,2.440200,2.283900,2.003600
2.550000,2.550000,2.550000,2.550000,2.550000,2.550000,2.550000,2.550000,2.550000,2.550000,2.550000,2.550000,2.550000,2.549900,2.549600,2.547700,2.539500,2.512300,2.439800,2.283300,2.002900
2.550000,2.550000,2.550000,2.550000,2.550000,2.550000,2.550000,2.550000,2.550000,2.550000,2.550000,2.550000,2.550000,2.549900,2.549600,2.547600,2.539400,2.512100,2.439400,2.282600,2.002300
2.550000,2.550000,2.550000,2.550000,2.550000,2.550000,2.550000,2.550000,2.550000,2.550000,2.550000,2.550000,2.550000,2.549900,2.549600,2.547600,2.539300,2.511900,2.438900,2.282000,2.001600
2.550000,2.550000,2.550000,2.550000,2.550000,2.550000,2.550000,2.550000,2.550000,2.550000,2.550000,2.550000,2.550000,2.549900,2.549600,2.547600,2.539300,2.511600,2.438500,2.281400,2.001000
2.550000,2.550000,2.550000,2.550000,2.550000,2.550000,2.550000,2.550000,2.550000,2.550000,2.550000,2.550000,2.550000,2.549900,2.549600,2.547500,2.539200,2.511400,2.438100,2.280800,2.000300
2.550000,2.550000,2.550000,2.550000,2.550000,2.550000,2.550000,2.550000,2.550000,2.550000,2.550000,2.550000,2.550000,2.549900,2.549500,2.547500,2.539100,2.511200,2.437700,2.280200,1.999700
2.550000,2.550000,2.550000,2.550000,2.550000,2.550000,2.550000,2.550000,2.550000,2.550000,2.550000,2.550000,2.550000,2.549900,2.549500,2.547500,2.539000,2.511000,2.437200,2.279600,1.999100
2.550000,2.550000,2.550000,2.550000,2.550000,2.550000,2.550000,2.550000,2.550000,2.550000,2.550000,2.550000,2.550000,2.549900,2.549500,2.547500,2.538900,2.510700,2.436800,2.279000,1.998400
2.550000,2.550000,2.550000,2.550000,2.550000,2.550000,2.550000,2.550000,2.550000,2.550000,2.550000,2.550000,2.550000,2.549900,2.549500,2.547400,2.538800,2.510500,2.436400,2.278400,1.997800
2.550000,2.550000,2.550000,2.550000,2.550000,2.550000,2.550000,2.550000,2.550000,2.550000,2.550000,2.550000,2.550000,2.549900,2.549500,2.547400,2.538700,2.510300,2.435900,2.277800,1.997200
2.550000,2.550000,2.550000,2.550000,2.550000,2.550000,2.550000,2.550000,2.550000,2.550000,2.550000,2.550000,2.550000,2.549900,2.549500,2.547400,2.538600,2.510000,2.435500,2.277200,1.996500
2.550000,2.550000,2.550000,2.550000,2.550000,2.550000,2.550000,2.550000,2.550000,2.550000,2.550000,2.550000,2.550000,2.549900,2.549500,2.547300,2.538500,2.509800,2.435100,2.276600,1.995900
2.550000,2.550000,2.550000,2.550000,2.550000,2.550000,2.550000,2.550000,2.550000,2.550000,2.550000,2.550000,2.550000,2.549900,2.549500,2.547300,2.538400,2.509600,2.434700,2.276000,1.995300
2.550000,2.550000,2.550000,2.550000,2.550000,2.550000,2.550000,2.550000,2.550000,2.550000,2.550000,2.550000,2.550000,2.549900,2.549500,2.547300,2.538300,2.509300,2.434200,2.275400,1.994600
2.550000,2.550000,2.550000,2.550000,2.550000,2.550000,2.550000,2.550000,2.550000,2.550000,2.550000,2.550000,2.550000,2.549900,2.549500,2.547200,2.538200,2.509100,2.433800,2.274800,1.994000
2.550000,2.550000,2.550000,2.550000,2.550000,2.550000,2.550000,2.550000,2.550000,2.550000,2.550000,2.550000,2.550000,2.549900,2.549500,2.547200,2.538100,2.508900,2.433400,2.274200,1.993400
2.550000,2.550000,2.550000,2.550000,2.550000,2.550000,2.550000,2.550000,2.550000,2.550000,2.550000,2.550000,2.550000,2.549900,2.549500,2.547200,2.538000,2.508600,2.433000,2.273600,1.992700
2.550000,2.550000,2.550000,2.550000,2.550000,2.550000,2.550000,2.550000,2.550000,2.550000,2.550000,2.550000,2.550000,2.549900,2.549500,2.547100,2.537900,2.508400,2.432500,2.273000,1.992100
2.550000,2.550000,2.550000,2.550000,2.550000,2.550000,2.550000,2.550000,2.550000,2.550000,2.550000,2.550000,2.550000,2.549900,2.549400,2.547100,2.537800,2.508200,2.432100,2.272400,1.991500
2.550000,2.550000,2.550000,2.550000,2.550000,2.550000,2.550000,2.550000,2.550000,2.550000,2.550000,2.550000,2.550000,2.549900,2.549400,2.547100,2.537700,2.507900,2.431700,2.271800,1.990900
2.550000,2.550000,2.550000,2.550000,2.550000,2.550000,2.550000,2.550000,2.550000,2.550000,2.550000,2.550000,2.550000,2.549900,2.549400,2.547000,2.537600,2.507700,2.431200,2.271200,1.990200
2.550000,2.550000,2.550000,2.550000,2.550000,2.550000,2.550000,2.550000,2.550000,2.550000,2.550000,2.550000,2.550000,2.549900,2.549400,2.547000,2.537500,2.507500,2.430800,2.270700,1.989600
2.550000,2.550000,2.550000,2.550000,2.550000,2.550000,2.550000,2.550000,2.550000,2.550000,2.550000,2.550000,2.550000,2.549900,2.549400,2.547000,2.537400,2.507200,2.430400,2.270100,1.989000
2.550000,2.550000,2.550000,2.550000,2.550000,2.550000,2.550000,2.550000,2.550000,2.550000,2.550000,2.550000,2.550000,2.549900,2.549400,2.546900,2.537300,2.507000,2.430000,2.269500,1.988400
2.550000,2.550000,2.550000,2.550000,2.550000,2.550000,2.550000,2.550000,2.550000,2.550000,2.550000,2.550000,2.550000,2.549900,2.549400,2.546900,2.537200,2.506700,2.429500,2.268900,1.987700
2.550000,2.550000,2.550000,2.550000,2.550000,2.550000,2.550000,2.550000,2.550000,2.550000,2.550000,2.550000,2.550000,2.549900,2.549400,2.546900,2.537100,2.506500,2.429100,2.268300,1.987100
2.550000,2.550000,2.550000,2.550000,2.550000,2.550000,2.550000,2.550000,2.550000,2.550000,2.550000,2.550000,2.550000,2.549900,2.549400,2.546800,2.537000,2.506300,2.428700,2.267700,1.986500
2.550000,2.550000,2.550000,2.550000,2.550000,2.550000,2.550000,2.550000,2.550000,2.550000,2.550000,2.550000,2.550000,2.549900,2.549400,2.546800,2.536900,2.506000,2.428300,2.267100,1.985900
2.550000,2.550000,2.550000,2.550000,2.550000,2.550000,2.550000,2.550000,2.550000,2.550000,2.550000,2.550000,2.550000,2.549900,2.549400,2.546800,2.536800,2.505800,2.427800,2.266500,1.985300
2.550000,2.550000,2.550000,2.550000,2.550000,2.550000,2.550000,2.550000,2.550000,2.550000,2.550000,2.550000,2.550000,2.549900,2.549400,2.546700,2.536700,2.505600,2.427400,2.265900,1.984700
2.550000,2.550000,2.550000,2.550000,2.550000,2.550000,2.550000,2.550000,2.550000,2.550000,2.550000,2.550000,2.550000,2.549900,2.549300,2.546700,2.536600,2.505300,2.427000,2.265400,1.984000
2.550000,2.550000,2.550000,2.550000,2.550000,2.550000,2.550000,2.550000,2.550000,2.550000,2.550000,2.550000,2.550000,2.549900,2.549300,2.546700,2.536500,2.505100,2.426600,2.264800,1.983400
2.550000,2.550000,2.550000,2.550000,2.550000,2.550000,2.550000,2.550000,2.550000,2.550000,2.550000,2.550000,2.550000,2.549900,2.549300,2.546600,2.536400,2.504800,2.426100,2.264200,1.982800
2.550000,2.550000,2.550000,2.550000,2.550000,2.550000,2.550000,2.550000,2.550000,2.550000,2.550000,2.550000,2.550000,2.549900,2.549300,2.546600,2.536300,2.504600,2.425700,2.263600,1.982200
2.550000,2.550000,2.550000,2.550000,2.550000,2.550000,2.550000,2.550000,2.550000,2.550000,2.550000,2.550000,2.550000,2.549900,2.549300,2.546600,2.536200,2.504400,2.425300,2.263000,1.981600
2.550000,2.550000,2.550000,2.550000,2.550000,2.550000,2.550000,2.550000,2.550000,2.550000,2.550000,2.550000,2.550000,2.549900,2.549300,2.546500,2.536100,2.504100,2.424900,2.262400,1.981000
2.550000,2.550000,2.550000,2.550000,2.550000,2.550000,2.550000,2.550000,2.550000,2.550000,2.550000,2.550000,2.550000,2.549900,2.549300,2.546500,2.535900,2.503900,2.424400,2.261900,1.980400
2.550000,2.550000,2.550000,2.550000,2.550000,2.550000,2.550000,2.550000,2.550000,2.550000,2.550000,2.550000,2.550000,2.549900,2.549300,2.546500,2.535800,2.503600,2.424000,2.261300,1.979800
2.550000,2.550000,2.550000,2.550000,2.550000,2.550000,2.550000,2.550000,2.550000,2.550000,2.550000,2.550000,2.550000,2.549900,2.549300,2.546400,2.535700,2.503400,2.423600,2.260700,1.979200
2.550000,2.550000,2.550000,2.550000,2.550000,2.550000,2.550000,2.550000,2.550000,2.550000,2.550000,2.550000,2.550000,2.549900,2.549300,2.546400,2.535600,2.503200,2.423200,2.260100,1.978600
2.550000,2.550000,2.550000,2.550000,2.550000,2.550000,2.550000,2.550000,2.550000,2.550000,2.550000,2.550000,2.550000,2.549900,2.549200,2.546300,2.535500,2.502900,2.422700,2.259500,1.978000
2.550000,2.550000,2.550000,2.550000,2.550000,2.550000,2.550000,2.550000,2.550000,2.550000,2.550000,2.550000,2.550000,2.549900,2.549200,2.546300,2.535400,2.502700,2.422300,2.259000,1.977400
2.550000,2.550000,2.550000,2.550000,2.550000,2.550000,2.550000,2.550000,2.550000,2.550000,2.550000,2.550000,2.550000,2.549900,2.549200,2.546300,2.535300,2.502400,2.421900,2.258400,1.976800
2.550000,2.550000,2.550000,2.550000,2.550000,2.550000,2.550000,2.550000,2.550000,2.550000,2.550000,2.550000,2.550000,2.549900,2.549200,2.546200,2.535200,2.502200,2.421500,2.257800,1.976200
2.550000,2.550000,2.550000,2.550000,2.550000,2.550000,2.550000,2.550000,2.550000,2.550000,2.550000,2.550000,2.550000,2.549900,2.549200,2.546200,2.535100,2.501900,2.421100,2.257200,1.975600
2.550000,2.550000,2.550000,2.550000,2.550000,2.550000,2.550000,2.550000,2.550000,2.550000,2.550000,2.550000,2.550000,2.549900,2.549200,2.546200,2.535000,2.501700,2.420600,2.256700,1.975000
2.550000,2.550000,2.550000,2.550000,2.550000,2.550000,2.550000,2.550000,2.550000,2.550000,2.550000,2.550000,2.550000,2.549900,2.549200,2.546100,2.534900,2.501500,2.420200,2.256100,1.974400
2.550000,2.550000,2.550000,2.550000,2.550000,2.550000,2.550000,2.550000,2.550000,2.550000,2.550000,2.550000,2.550000,2.549900,2.549200,2.546100,2.534800,2.501200,2.419800,2.255500,1.973800
2.550000,2.550000,2.550000,2.550000,2.550000,2.550000,2.550000,2.550000,2.550000,2.550000,2.550000,2.550000,2.550000,2.549900,2.549200,2.546000,2.534600,2.501000,2.419400,2.254900,1.973200
2.550000,2.550000,2.550000,2.550000,2.550000,2.550000,2.550000,2.550000,2.550000,2.550000,2.550000,2.550000,2.550000,2.549900,2.549100,2.546000,2.534500,2.500700,2.418900,2.254400,1.972600
2.550000,2.550000,2.550000,2.550000,2.550000,2.550000,2.550000,2.550000,2.550000,2.550000,2.550000,2.550000,2.550000,2.549900,2.549100,2.546000,2.534400,2.500500,2.418500,2.253800,1.972000
2.550000,2.550000,2.550000,2.550000,2.550000,2.550000,2.550000,2.550000,2.550000,2.550000,2.550000,2.550000,2.550000,2.549800,2.549100,2.545900,2.534300,2.500200,2.418100,2.253200,1.971400
2.550000,2.550000,2.550000,2.550000,2.550000,2.550000,2.550000,2.550000,2.550000,2.550000,2.550000,2.550000,2.550000,2.549800,2.549100,2.545900,2.534200,2.500000,2.417700,2.252700,1.970800
2.550000,2.550000,2.550000,2.550000,2.550000,2.550000,2.550000,2.550000,2.550000,2.550000,2.550000,2.550000,2.550000,2.549800,2.549100,2.545800,2.534100,2.499700,2.417200,2.252100,1.970200
2.550000,2.550000,2.550000,2.550000,2.550000,2.550000,2.550000,2.550000,2.550000,2.550000,2.550000,2.550000,2.550000,2.549800,2.549100,2.545800,2.534000,2.499500,2.416800,2.251500,1.969600
2.550000,2.550000,2.550000,2.550000,2.550000,2.550000,2.550000,2.550000,2.550000,2.550000,2.550000,2.550000,2.550000,2.549800,2.549100,2.545800,2.533900,2.499300,2.416400,2.250900,1.969000
2.550000,2.550000,2.550000,2.550000,2.550000,2.550000,2.550000,2.550000,2.550000,2.550000,2.550000,2.550000,2.550000,2.549800,2.549100,2.545700,2.533700,2.499000,2.416000,2.250400,1.968400
2.550000,2.550000,2.550000,2.550000,2.550000,2.550000,2.550000,2.550000,2.550000,2.550000,2.550000,2.550000,2.550000,2.549800,2.549100,2.545700,2.533600,2.498800,2.415600,2.249800,1.967800
2.550000,2.550000,2.550000,2.550000,2.550000,2.550000,2.550000,2.550000,2.550000,2.550000,2.550000,2.550000,2.550000,2.549800,2.549000,2.545600,2.533500,2.498500,2.415100,2.249200,1.967200
2.550000,2.550000,2.550000,2.550000,2.550000,2.550000,2.550000,2.550000,2.550000,2.550000,2.550000,2.550000,2.550000,2.549800,2.549000,2.545600,2.533400,2.498300,2.414700,2.248700,1.966700
2.550000,2.550000,2.550000,2.550000,2.550000,2.550000,2.550000,2.550000,2.550000,2.550000,2.550000,2.550000,2.550000,2.549800,2.549000,2.545500,2.533300,2.498000,2.414300,2.248100,1.966100
2.550000,2.550000,2.550000,2.550000,2.550000,2.550000,2.550000,2.550000,2.550000,2.550000,2.550000,2.550000,2.550000,2.549800,2.549000,2.545500,2.533200,2.497800,2.413900,2.247600,1.965500
2.550000,2.550000,2.550000,2.550000,2.550000,2.550000,2.550000,2.550000,2.550000,2.550000,2.550000,2.550000,2.550000,2.549800,2.549000,2.545500,2.533100,2.497500,2.413500,2.247000,1.964900
2.550000,2.550000,2.550000,2.550000,2.550000,2.550000,2.550000,2.550000,2.550000,2.550000,2.550000,2.550000,2.550000,2.549800,2.549000,2.545400,2.532900,2.497300,2.413000,2.246400,1.964300
2.550000,2.550000,2.550000,2.550000,2.550000,2.550000,2.550000,2.550000,2.550000,2.550000,2.550000,2.550000,2.550000,2.549800,2.549000,2.545400,2.532800,2.497000,2.412600,2.245900,1.963700
2.550000,2.550000,2.550000,2.550000,2.550000,2.550000,2.550000,2.550000,2.550000,2.550000,2.550000,2.550000,2.550000,2.549800,2.549000,2.545300,2.532700,2.496800,2.412200,2.245300,1.963100
2.550000,2.550000,2.550000,2.550000,2.550000,2.550000,2.550000,2.550000,2.550000,2.550000,2.550000,2.550000,2.550000,2.549800,2.548900,2.545300,2.532600,2.496500,2.411800,2.244700,1.962600
2.550000,2.550000,2.550000,2.550000,2.550000,2.550000,2.550000,2.550000,2.550000,2.550000,2.550000,2.550000,2.550000,2.549800,2.548900,2.545200,2.532500,2.496300,2.411400,2.244200,1.962000
2.550000,2.550000,2.550000,2.550000,2.550000,2.550000,2.550000,2.550000,2.550000,2.550000,2.550000,2.550000,2.550000,2.549800,2.548900,2.545200,2.532400,2.496000,2.410900,2.243600,1.961400
2.550000,2.550000,2.550000,2.550000,2.550000,2.550000,2.550000,2.550000,2.550000,2.550000,2.550000,2.550000,2.550000,2.549800,2.548900,2.545200,2.532200,2.495800,2.410500,2.243100,1.960800
2.550000,2.550000,2.550000,2.550000,2.550000,2.550000,2.550000,2.550000,2.550000,2.550000,2.550000,2.550000,2.550000,2.549800,2.548900,2.545100,2.532100,2.495500,2.410100,2.242500,1.960300
2.550000,2.550000,2.550000,2.550000,2.550000,2.550000,2.550000,2.550000,2.550000,2.550000,2.550000,2.550000,2.550000,2.549800,2.548900,2.545100,2.532000,2.495300,2.409700,2.242000,1.959700
2.550000,2.550000,2.550000,2.550000,2.550000,2.550000,2.550000,2.550000,2.550000,2.550000,2.550000,2.550000,2.550000,2.549800,2.548900,2.545000,2.531900,2.495000,2.409300,2.241400,1.959100
2.550000,2.550000,2.550000,2.550000,2.550000,2.550000,2.550000,2.550000,2.550000,2.550000,2.550000,2.550000,2.550000,2.549800,2.548900,2.545000,2.531800,2.494800,2.408800,2.240800,1.958500
2.550000,2.550000,2.550000,2.550000,2.550000,2.550000,2.550000,2.550000,2.550000,2.550000,2.550000,2.550000,2.550000,2.549800,2.548800,2.544900,2.531700,2.494500,2.408400,2.240300,1.958000
2.550000,2.550000,2.550000,2.550000,2.550000,2.550000,2.550000,2.550000,2.550000,2.550000,2.550000,2.550000,2.550000,2.549800,2.548800,2.544900,2.531500,2.494300,2.408000,2.239700,1.957400
2.550000,2.550000,2.550000,2.550000,2.550000,2.550000,2.550000,2.550000,2.550000,2.550000,2.550000,2.550000,2.550000,2.549800,2.548800,2.544800,2.531400,2.494000,2.407600,2.239200,1.956800
2.550000,2.550000,2.550000,2.550000,2.550000,2.550000,2.550000,2.550000,2.550000,2.550000,2.550000,2.550000,2.550000,2.549800,2.548800,2.544800,2.531300,2.493800,2.407200,2.238600,1.956200
2.550000,2.550000,2.550000,2.550000,2.550000,2.550000,2.550000,2.550000,2.550000,2.550000,2.550000,2.550000,2.550000,2.549800,2.548800,2.544700,2.531200,2.493500,2.406700,2.238100,1.955700
2.550000,2.550000,2.550000,2.550000,2.550000,2.550000,2.550000,2.550000,2.550000,2.550000,2.550000,2.550000,2.550000,2.549800,2.548800,2.544700,2.531100,2.493300,2.406300,2.237500,1.955100
2.550000,2.550000,2.550000,2.550000,2.550000,2.550000,2.550000,2.550000,2.550000,2.550000,2.550000,2.550000,2.550000,2.549800,2.548800,2.544700,2.530900,2.493000,2.405900,2.237000,1.954500
2.550000,2.550000,2.550000,2.550000,2.550000,2.550000,2.550000,2.550000,2.550000,2.550000,2.550000,2.550000,2.550000,2.549800,2.548700,2.544600,2.530800,2.492800,2.405500,2.236400,1.954000
2.550000,2.550000,2.550000,2.550000,2.550000,2.550000,2.550000,2.550000,2.550000,2.550000,2.550000,2.550000,2.550000,2.549800,2.548700,2.544600,2.530700,2.492500,2.405100,2.235900,1.953400
2.550000,2.550000,2.550000,2.550000,2.550000,2.550000,2.550000,2.550000,2.550000,2.550000,2.550000,2.550000,2.550000,2.549700,2.548700,2.544500,2.530600,2.492300,2.404700,2.235300,1.952800
2.550000,2.550000,2.550000,2.550000,2.550000,2.550000,2.550000,2.550000,2.550000,2.550000,2.550000,2.550000,2.550000,2.549700,2.548700,2.544500,2.530400,2.492000,2.404200,2.234800,1.952300
2.550000,2.550000,2.550000,2.550000,2.550000,2.550000,2.550000,2.550000,2.550000,2.550000,2.550000,2.550000,2.550000,2.549700,2.548700,2.544400,2.530300,2.491800,2.403800,2.234200,1.951700
2.550000,2.550000,2.550000,2.550000,2.550000,2.550000,2.550000,2.550000,2.550000,2.550000,2.550000,2.550000,2.550000,2.549700,2.548700,2.544400,2.530200,2.491500,2.403400,2.233700,1.951100
2.550000,2.550000,2.550000,2.550000,2.550000,2.550000,2.550000,2.550000,2.550000,2.550000,2.550000,2.550000,2.550000,2.549700,2.548700,2.544300,2.530100,2.491300,2.403000,2.233100,1.950600
2.550000,2.550000,2.550000,2.550000,2.550000,2.550000,2.550000,2.550000,2.550000,2.550000,2.550000,2.550000,2.550000,2.549700,2.548600,2.544300,2.530000,2.491000,2.402600,2.232600,1.950000
2.550000,2.550000,2.550000,2.550000,2.550000,2.550000,2.550000,2.550000,2.550000,2.550000,2.550000,2.550000,2.550000,2.549700,2.548600,2.544200,2.529800,2.490700,2.402200,2.232000,1.949400
2.550000,2.550000,2.550000,2.550000,2.550000,2.550000,2.550000,2.550000,2.550000,2.550000,2.550000,2.550000,2.550000,2.549700,2.548600,2.544200,2.529700,2.490500,2.401700,2.231500,1.948900
2.550000,2.550000,2.550000,2.550000,2.550000,2.550000,2.550000,2.550000,2.550000,2.550000,2.550000,2.550000,2.550000,2.549700,2.548600,2.544100,2.529600,2.490200,2.401300,2.231000,1.948300
2.550000,2.550000,2.550000,2.550000,2.550000,2.550000,2.550000,2.550000,2.550000,2.550000,2.550000,2.550000,2.550000,2.549700,2.548600,2.544100,2.529500,2.490000,2.400900,2.230400,1.947800
2.550000,2.550000,2.550000,2.550000,2.550000,2.550000,2.550000,2.550000,2.550000,2.550000,2.550000,2.550000,2.550000,2.549700,2.548600,2.544000,2.529300,2.489700,2.400500,2.229900,1.947200
2.550000,2.550000,2.550000,2.550000,2.550000,2.550000,2.550000,2.550000,2.550000,2.550000,2.550000,2.550000,2.550000,2.549700,2.548500,2.544000,2.529200,2.489500,2.400100,2.229300,1.946600
2.550000,2.550000,2.550000,2.550000,2.550000,2.550000,2.550000,2.550000,2.550000,2.550000,2.550000,2.550000,2.549900,2.549700,2.548500,2.543900,2.529100,2.489200,2.399700,2.228800,1.946100
2.550000,2.550000,2.550000,2.550000,2.550000,2.550000,2.550000,2.550000,2.550000,2.550000,2.550000,2.550000,2.549900,2.549700,2.548500,2.543900,2.529000,2.489000,2.399200,2.228200,1.945500
2.550000,2.550000,2.550000,2.550000,2.550000,2.550000,2.550000,2.550000,2.550000,2.550000,2.550000,2.550000,2.549900,2.549700,2.548500,2.543800,2.528800,2.488700,2.398800,2.227700,1.945000
2.550000,2.550000,2.550000,2.550000,2.550000,2.550000,2.550000,2.550000,2.550000,2.550000,2.550000,2.550000,2.549900,2.549700,2.548500,2.543800,2.528700,2.488500,2.398400,2.227200,1.944400
2.550000,2.550000,2.550000,2.550000,2.550000,2.550000,2.550000,2.550000,2.550000,2.550000,2.550000,2.550000,2.549900,2.549700,2.548500,2.543700,2.528600,2.488200,2.398000,2.226600,1.943900
2.550000,2.550000,2.550000,2.550000,2.550000,2.550000,2.550000,2.550000,2.550000,2.550000,2.550000,2.550000,2.549900,2.549700,2.548400,2.543700,2.528400,2.487900,2.397600,2.226100,1.943300
2.550000,2.550000,2.550000,2.550000,2.550000,2.550000,2.550000,2.550000,2.550000,2.550000,2.550000,2.550000,2.549900,2.549700,2.548400,2.543600,2.528300,2.487700,2.397200,2.225500,1.942800
2.550000,2.550000,2.550000,2.550000,2.550000,2.550000,2.550000,2.550000,2.550000,2.550000,2.550000,2.550000,2.549900,2.549700,2.548400,2.543600,2.528200,2.487400,2.396800,2.225000,1.942200
2.550000,2.550000,2.550000,2.550000,2.550000,2.550000,2.550000,2.550000,2.550000,2.550000,2.550000,2.550000,2.549900,2.549700,2.548400,2.543500,2.528100,2.487200,2.396300,2.224500,1.941700
2.550000,2.550000,2.550000,2.550000,2.550000,2.550000,2.550000,2.550000,2.550000,2.550000,2.550000,2.550000,2.549900,2.549700,2.548400,2.543500,2.527900,2.486900,2.395900,2.223900,1.941100
2.550000,2.550000,2.550000,2.550000,2.550000,2.550000,2.550000,2.550000,2.550000,2.550000,2.550000,2.550000,2.549900,2.549700,2.548400,2.543400,2.527800,2.486700,2.395500,2.223400,1.940600
2.550000,2.550000,2.550000,2.550000,2.550000,2.550000,2.550000,2.550000,2.550000,2.550000,2.550000,2.550000,2.549900,2.549700,2.548300,2.543400,2.527700,2.486400,2.395100,2.222900,1.940000
2.550000,2.550000,2.550000,2.550000,2.550000,2.550000,2.550000,2.550000,2.550000,2.550000,2.550000,2.550000,2.549900,2.549600,2.548300,2.543300,2.527500,2.486200,2.394700,2.222300,1.939500
2.550000,2.550000,2.550000,2.550000,2.550000,2.550000,2.550000,2.550000,2.550000,2.550000,2.550000,2.550000,2.549900,2.549600,2.548300,2.543300,2.527400,2.485900,2.394300,2.221800,1.938900
2.550000,2.550000,2.550000,2.550000,2.550000,2.550000,2.550000,2.550000,2.550000,2.550000,2.550000,2.550000,2.549900,2.549600,2.548300,2.543200,2.527300,2.485600,2.393900,2.221300,1.938400
2.550000,2.550000,2.550000,2.550000,2.550000,2.550000,2.550000,2.550000,2.550000,2.550000,2.550000,2.550000,2.549900,2.549600,2.548300,2.543200,2.527200,2.485400,2.393500,2.220700,1.937800
2.550000,2.550000,2.550000,2.550000,2.550000,2.550000,2.550000,2.550000,2.550000,2.550000,2.550000,2.550000,2.549900,2.549600,2.548300,2.543100,2.527000,2.485100,2.393000,2.220200,1.937300
2.550000,2.550000,2.550000,2.550000,2.550000,2.550000,2.550000,2.550000,2.550000,2.550000,2.550000,2.550000,2.549900,2.549600,2.548200,2.543000,2.526900,2.484900,2.392600,2.219700,1.936700
2.550000,2.550000,2.550000,2.550000,2.550000,2.550000,2.550000,2.550000,2.550000,2.550000,2.550000,2.550000,2.549900,2.549600,2.548200,2.543000,2.526800,2.484600,2.392200,2.219100,1.936200
2.550000,2.550000,2.550000,2.550000,2.550000,2.550000,2.550000,2.550000,2.550000,2.550000,2.550000,2.550000,2.549900,2.549600,2.548200,2.542900,2.526600,2.484300,2.391800,2.218600,1.935600
2.550000,2.550000,2.550000,2.550000,2.550000,2.550000,2.550000,2.550000,2.550000,2.550000,2.550000,2.550000,2.549900,2.549600,2.548200,2.542900,2.526500,2.484100,2.391400,2.218100,1.935100
2.550000,2.550000,2.550000,2.550000,2.550000,2.550000,2.550000,2.550000,2.550000,2.550000,2.550000,2.550000,2.549900,2.549600,2.548200,2.542800,2.526400,2.483800,2.391000,2.217600,1.934600
2.550000,2.550000,2.550000,2.550000,2.550000,2.550000,2.550000,2.550000,2.550000,2.550000,2.550000,2.550000,2.549900,2.549600,2.548100,2.542800,2.526200,2.483600,2.390600,2.217000,1.934000
2.550000,2.550000,2.550000,2.550000,2.550000,2.550000,2.550000,2.550000,2.550000,2.550000,2.550000,2.550000,2.549900,2.549600,2.548100,2.542700,2.526100,2.483300,2.390200,2.216500,1.933500
2.550000,2.550000,2.550000,2.550000,2.550000,2.550000,2.550000,2.550000,2.550000,2.550000,2.550000,2.550000,2.549900,2.549600,2.548100,2.542700,2.526000,2.483100,2.389800,2.216000,1.932900
2.550000,2.550000,2.550000,2.550000,2.550000,2.550000,2.550000,2.550000,2.550000,2.550000,2.550000,2.550000,2.549900,2.549600,2.548100,2.542600,2.525800,2.482800,2.389300,2.215400,1.932400
2.550000,2.550000,2.550000,2.550000,2.550000,2.550000,2.550000,2.550000,2.550000,2.550000,2.550000,2.550000,2.549900,2.549600,2.548100,2.542600,2.525700,2.482500,2.388900,2.214900,1.931900
2.550000,2.550000,2.550000,2.550000,2.550000,2.550000,2.550000,2.550000,2.550000,2.550000,2.550000,2.550000,2.549900,2.549600,2.548100,2.542500,2.525600,2.482300,2.388500,2.214400,1.931300
2.550000,2.550000,2.550000,2.550000,2.550000,2.550000,2.550000,2.550000,2.550000,2.550000,2.550000,2.550000,2.549900,2.549600,2.548000,2.542400,2.525400,2.482000,2.388100,2.213900,1.930800
2.550000,2.550000,2.550000,2.550000,2.550000,2.550000,2.550000,2.550000,2.550000,2.550000,2.550000,2.550000,2.549900,2.549600,2.548000,2.542400,2.525300,2.481800,2.387700,2.213300,1.930300
2.550000,2.550000,2.550000,2.550000,2.550000,2.550000,2.550000,2.550000,2.550000,2.550000,2.550000,2.550000,2.549900,2.549600,2.548000,2.542300,2.525200,2.481500,2.387300,2.212800,1.929700
2.550000,2.550000,2.550000,2.550000,2.550000,2.550000,2.550000,2.550000,2.550000,2.550000,2.550000,2.550000,2.549900,2.549600,2.548000,2.542300,2.525000,2.481200,2.386900,2.212300,1.929200
2.550000,2.550000,2.550000,2.550000,2.550000,2.550000,2.550000,2.550000,2.550000,2.550000,2.550000,2.550000,2.549900,2.549500,2.548000,2.542200,2.524900,2.481000,2.386500,2.211800,1.928700
2.550000,2.550000,2.550000,2.550000,2.550000,2.550000,2.550000,2.550000,2.550000,2.550000,2.550000,2.550000,2.549900,2.549500,2.547900,2.542200,2.524800,2.480700,2.386100,2.211200,1.928100
2.550000,2.550000,2.550000,2.550000,2.550000,2.550000,2.550000,2.550000,2.550000,2.550000,2.550000,2.550000,2.549900,2.549500,2.547900,2.542100,2.524600,2.480500,2.385700,2.210700,1.927600
2.550000,2.550000,2.550000,2.550000,2.550000,2.550000,2.550000,2.550000,2.550000,2.550000,2.550000,2.550000,2.549900,2.549500,2.547900,2.542000,2.524500,2.480200,2.385200,2.210200,1.927100
2.550000,2.550000,2.550000,2.550000,2.550000,2.550000,2.550000,2.550000,2.550000,2.550000,2.550000,2.550000,2.549900,2.549500,2.547900,2.542000,2.524400,2.479900,2.384800,2.209700,1.926500
2.550000,2.550000,2.550000,2.550000,2.550000,2.550000,2.550000,2.550000,2.550000,2.550000,2.550000,2.550000,2.549900,2.549500,2.547900,2.541900,2.524200,2.479700,2.384400,2.209200,1.926000
2.550000,2.550000,2.550000,2.550000,2.550000,2.550000,2.550000,2.550000,2.550000,2.550000,2.550000,2.550000,2.549900,2.549500,2.547800,2.541900,2.524100,2.479400,2.384000,2.208600,1.925500
2.550000,2.550000,2.550000,2.550000,2.550000,2.550000,2.550000,2.550000,2.550000,2.550000,2.550000,2.550000,2.549900,2.549500,2.547800,2.541800,2.523900,2.479100,2.383600,2.208100,1.924900
2.550000,2.550000,2.550000,2.550000,2.550000,2.550000,2.550000,2.550000,2.550000,2.550000,2.550000,2.550000,2.549900,2.549500,2.547800,2.541800,2.523800,2.478900,2.383200,2.207600,1.924400
2.550000,2.550000,2.550000,2.550000,2.550000,2.550000,2.550000,2.550000,2.550000,2.550000,2.550000,2.550000,2.549900,2.549500,2.547800,2.541700,2.523700,2.478600,2.382800,2.207100,1.923900
2.550000,2.550000,2.550000,2.550000,2.550000,2.550000,2.550000,2.550000,2.550000,2.550000,2.550000,2.550000,2.549900,2.549500,2.547800,2.541600,2.523500,2.478400,2.382400,2.206600,1.923400
2.550000,2.550000,2.550000,2.550000,2.550000,2.550000,2.550000,2.550000,2.550000,2.550000,2.550000,2.550000,2.549900,2.549500,2.547700,2.541600,2.523400,2.478100,2.382000,2.206100,1.922800
2.550000,2.550000,2.550000,2.550000,2.550000,2.550000,2.550000,2.550000,2.550000,2.550000,2.550000,2.550000,2.549900,2.549500,2.547700,2.541500,2.523300,2.477800,2.381600,2.205500,1.922300
2.550000,2.550000,2.550000,2.550000,2.550000,2.550000,2.550000,2.550000,2.550000,2.550000,2.550000,2.550000,2.549900,2.549500,2.547700,2.541500,2.523100,2.477600,2.381200,2.205000,1.921800
2.550000,2.550000,2.550000,2.550000,2.550000,2.550000,2.550000,2.550000,2.550000,2.550000,2.550000,2.550000,2.549900,2.549500,2.547700,2.541400,2.523000,2.477300,2.380800,2.204500,1.921300
2.550000,2.550000,2.550000,2.550000,2.550000,2.550000,2.550000,2.550000,2.550000,2.550000,2.550000,2.550000,2.549900,2.549500,2.547600,2.541300,2.522800,2.477100,2.380400,2.204000,1.920700
2.550000,2.550000,2.550000,2.550000,2.550000,2.550000,2.550000,2.550000,2.550000,2.550000,2.550000,2.550000,2.549900,2.549500,2.547600,2.541300,2.522700,2.476800,2.379900,2.203500,1.920200
2.550000,2.550000,2.550000,2.550000,2.550000,2.550000,2.550000,2.550000,2.550000,2.550000,2.550000,2.550000,2.549900,2.549400,2.547600,2.541200,2.522600,2.476500,2.379500,2.203000,1.919700
2.550000,2.550000,2.550000,2.550000,2.550000,2.550000,2.550000,2.550000,2.550000,2.550000,2.550000,2.550000,2.549900,2.549400,2.547600,2.541200,2.522400,2.476300,2.379100,2.202500,1.919200
2.550000,2.550000,2.550000,2.550000,2.550000,2.550000,2.550000,2.550000,2.550000,2.550000,2.550000,2.550000,2.549900,2.549400,2.547600,2.541100,2.522300,2.476000,2.378700,2.202000,1.918600
2.550000,2.550000,2.550000,2.550000,2.550000,2.550000,2.550000,2.550000,2.550000,2.550000,2.550000,2.550000,2.549900,2.549400,2.547500,2.541000,2.522100,2.475700,2.378300,2.201400,1.918100
2.550000,2.550000,2.550000,2.550000,2.550000,2.550000,2.550000,2.550000,2.550000,2.550000,2.550000,2.550000,2.549900,2.549400,2.547500,2.541000,2.522000,2.475500,2.377900,2.200900,1.917600
2.550000,2.550000,2.550000,2.550000,2.550000,2.550000,2.550000,2.550000,2.550000,2.550000,2.550000,2.550000,2.549900,2.549400,2.547500,2.540900,2.521900,2.475200,2.377500,2.200400,1.917100
2.550000,2.550000,2.550000,2.550000,2.550000,2.550000,2.550000,2.550000,2.550000,2.550000,2.550000,2.550000,2.549900,2.549400,2.547500,2.540800,2.521700,2.474900,2.377100,2.199900,1.916600
2.550000,2.550000,2.550000,2.550000,2.550000,2.550000,2.550000,2.550000,2.550000,2.550000,2.550000,2.550000,2.549900,2.549400,2.547400,2.540800,2.521600,2.474700,2.376700,2.199400,1.916100
2.550000,2.550000,2.550000,2.550000,2.550000,2.550000,2.550000,2.550000,2.550000,2.550000,2.550000,2.550000,2.549900,2.549400,2.547400,2.540700,2.521400,2.474400,2.376300,2.198900,1.915500
2.550000,2.550000,2.550000,2.550000,2.550000,2.550000,2.550000,2.550000,2.550000,2.550000,2.550000,2.550000,2.549900,2.549400,2.547400,2.540700,2.521300,2.474200,2.375900,2.198400,1.915000
2.550000,2.550000,2.550000,2.550000,2.550000,2.550000,2.550000,2.550000,2.550000,2.550000,2.550000,2.550000,2.549900,2.549400,2.547400,2.540600,2.521200,2.473900,2.375500,2.197900,1.914500
2.550000,2.550000,2.550000,2.550000,2.550000,2.550000,2.550000,2.550000,2.550000,2.550000,2.550000,2.550000,2.549900,2.549400,2.547400,2.540500,2.521000,2.473600,2.375100,2.197400,1.914000
2.550000,2.550000,2.550000,2.550000,2.550000,2.550000,2.550000,2.550000,2.550000,2.550000,2.550000,2.550000,2.549900,2.549400,2.547300,2.540500,2.520900,2.473400,2.374700,2.196900,1.913500
2.550000,2.550000,2.550000,2.550000,2.550000,2.550000,2.550000,2.550000,2.550000,2.550000,2.550000,2.550000,2.549900,2.549400,2.547300,2.540400,2.520700,2.473100,2.374300,2.196400,1.913000
2.550000,2.550000,2.550000,2.550000,2.550000,2.550000,2.550000,2.550000,2.550000,2.550000,2.550000,2.550000,2.549900,2.549300,2.547300,2.540300,2.520600,2.472800,2.373900,2.195900,1.912500
2.550000,2.550000,2.550000,2.550000,2.550000,2.550000,2.550000,2.550000,2.550000,2.550000,2.550000,2.550000,2.549900,2.549300,2.547300,2.540300,2.520400,2.472600,2.373500,2.195300,1.911900
2.550000,2.550000,2.550000,2.550000,2.550000,2.550000,2.550000,2.550000,2.550000,2.550000,2.550000,2.550000,2.549900,2.549300,2.547200,2.540200,2.520300,2.472300,2.373100,2.194800,1.911400
2.550000,2.550000,2.550000,2.550000,2.550000,2.550000,2.550000,2.550000,2.550000,2.550000,2.550000,2.550000,2.549900,2.549300,2.547200,2.540100,2.520200,2.472000,2.372700,2.194300,1.910900
2.550000,2.550000,2.550000,2.550000,2.550000,2.550000,2.550000,2.550000,2.550000,2.550000,2.550000,2.550000,2.549900,2.549300,2.547200,2.540100,2.520000,2.471800,2.372300,2.193800,1.910400
2.550000,2.550000,2.550000,2.550000,2.550000,2.550000,2.550000,2.550000,2.550000,2.550000,2.550000,2.550000,2.549900,2.549300,2.547200,2.540000,2.519900,2.471500,2.371900,2.193300,1.909900
2.550000,2.550000,2.550000,2.550000,2.550000,2.550000,2.550000,2.550000,2.550000,2.550000,2.550000,2.550000,2.549900,2.549300,2.547100,2.540000,2.519700,2.471200,2.371500,2.192800,1.909400
2.550000,2.550000,2.550000,2.550000,2.550000,2.550000,2.550000,2.550000,2.550000,2.550000,2.550000,2.550000,2.549900,2.549300,2.547100,2.539900,2.519600,2.471000,2.371100,2.192300,1.908900
2.550000,2.550000,2.550000,2.550000,2.550000,2.550000,2.550000,2.550000,2.550000,2.550000,2.550000,2.550000,2.549900,2.549300,2.547100,2.539800,2.519400,2.470700,2.370700,2.191800,1.908400
2.550000,2.550000,2.550000,2.550000,2.550000,2.550000,2.550000,2.550000,2.550000,2.550000,2.550000,2.550000,2.549900,2.549300,2.547100,2.539800,2.519300,2.470500,2.370300,2.191300,1.907900
2.550000,2.550000,2.550000,2.550000,2.550000,2.550000,2.550000,2.550000,2.550000,2.550000,2.550000,2.550000,2.549800,2.549300,2.547000,2.539700,2.519100,2.470200,2.369900,2.190800,1.907400
2.550000,2.550000,2.550000,2.550000,2.550000,2.550000,2.550000,2.550000,2.550000,2.550000,2.550000,2.550000,2.549800,2.549300,2.547000,2.539600,2.519000,2.469900,2.369500,2.190300,1.906900
2.550000,2.550000,2.550000,2.550000,2.550000,2.550000,2.550000,2.550000,2.550000,2.550000,2.550000,2.550000,2.549800,2.549300,2.547000,2.539600,2.518900,2.469700,2.369100,2.189800,1.906300
2.550000,2.550000,2.550000,2.550000,2.550000,2.550000,2.550000,2.550000,2.550000,2.550000,2.550000,2.550000,2.549800,2.549300,2.547000,2.539500,2.518700,2.469400,2.368600,2.189300,1.905800
2.550000,2.550000,2.550000,2.550000,2.550000,2.550000,2.550000,2.550000,2.550000,2.550000,2.550000,2.550000,2.549800,2.549200,2.546900,2.539400,2.518600,2.469100,2.368200,2.188800,1.905300
2.550000,2.550000,2.550000,2.550000,2.550000,2.550000,2.550000,2.550000,2.550000,2.550000,2.550000,2.550000,2.549800,2.549200,2.546900,2.539400,2.518400,2.468900,2.367800,2.188300,1.904800
2.550000,2.550000,2.550000,2.550000,2.550000,2.550000,2.550000,2.550000,2.550000,2.550000,2.550000,2.550000,2.549800,2.549200,2.546900,2.539300,2.518300,2.468600,2.367400,2.187800,1.904300
2.550000,2.550000,2.550000,2.550000,2.550000,2.550000,2.550000,2.550000,2.550000,2.550000,2.550000,2.550000,2.549800,2.549200,2.546900,2.539200,2.518100,2.468300,2.367000,2.187300,1.903800
2.550000,2.550000,2.550000,2.550000,2.550000,2.550000,2.550000,2.550000,2.550000,2.550000,2.550000,2.550000,2.549800,2.549200,2.546800,2.539200,2.518000,2.468100,2.366600,2.186800,1.903300
2.550000,2.550000,2.550000,2.550000,2.550000,2.550000,2.550000,2.550000,2.550000,2.550000,2.550000,2.550000,2.549800,2.549200,2.546800,2.539100,2.517800,2.467800,2.366200,2.186300,1.902800
2.550000,2.550000,2.550000,2.550000,2.550000,2.550000,2.550000,2.550000,2.550000,2.550000,2.550000,2.550000,2.549800,2.549200,2.546800,2.539000,2.517700,2.467500,2.365800,2.185900,1.902300
2.550000,2.550000,2.550000,2.550000,2.550000,2.550000,2.550000,2.550000,2.550000,2.550000,2.550000,2.550000,2.549800,2.549200,2.546800,2.539000,2.517500,2.467300,2.365500,2.185400,1.901800
2.550000,2.550000,2.550000,2.550000,2.550000,2.550000,2.550000,2.550000,2.550000,2.550000,2.550000,2.550000,2.549800,2.549200,2.546700,2.538900,2.517400,2.467000,2.365100,2.184900,1.901300
2.550000,2.550000,2.550000,2.550000,2.550000,2.550000,2.550000,2.550000,2.550000,2.550000,2.550000,2.550000,2.549800,2.549200,2.546700,2.538800,2.517200,2.466700,2.364700,2.184400,1.900800
2.550000,2.550000,2.550000,2.550000,2.550000,2.550000,2.550000,2.550000,2.550000,2.550000,2.550000,2.550000,2.549800,2.549200,2.546700,2.538700,2.517100,2.466500,2.364300,2.183900,1.900300
2.550000,2.550000,2.550000,2.550000,2.550000,2.550000,2.550000,2.550000,2.550000,2.550000,2.550000,2.550000,2.549800,2.549200,2.546700,2.538700,2.516900,2.466200,2.363900,2.183400,1.899800
2.550000,2.550000,2.550000,2.550000,2.550000,2.550000,2.550000,2.550000,2.550000,2.550000,2.550000,2.550000,2.549800,2.549100,2.546600,2.538600,2.516800,2.465900,2.363500,2.182900,1.899300
2.550000,2.550000,2.550000,2.550000,2.550000,2.550000,2.550000,2.550000,2.550000,2.550000,2.550000,2.550000,2.549800,2.549100,2.546600,2.538500,2.516600,2.465700,2.363100,2.182400,1.898800
2.550000,2.550000,2.550000,2.550000,2.550000,2.550000,2.550000,2.550000,2.550000,2.550000,2.550000,2.550000,2.549800,2.549100,2.546600,2.538500,2.516500,2.465400,2.362700,2.181900,1.898300
2.550000,2.550000,2.550000,2.550000,2.550000,2.550000,2.550000,2.550000,2.550000,2.550000,2.550000,2.550000,2.549800,2.549100,2.546500,2.538400,2.516300,2.465100,2.362300,2.181400,1.897900
2.550000,2.550000,2.550000,2.550000,2.550000,2.550000,2.550000,2.550000,2.550000,2.550000,2.550000,2.550000,2.549800,2.549100,2.546500,2.538300,2.516200,2.464900,2.361900,2.180900,1.897400
2.550000,2.550000,2.550000,2.550000,2.550000,2.550000,2.550000,2.550000,2.550000,2.550000,2.550000,2.550000,2.549800,2.549100,2.546500,2.538300,2.516000,2.464600,2.361500,2.180400,1.896900
2.550000,2.550000,2.550000,2.550000,2.550000,2.550000,2.550000,2.550000,2.550000,2.550000,2.550000,2.550000,2.549800,2.549100,2.546500,2.538200,2.515900,2.464300,2.361100,2.180000,1.896400
2.550000,2.550000,2.550000,2.550000,2.550000,2.550000,2.550000,2.550000,2.550000,2.550000,2.550000,2.550000,2.549800,2.549100,2.546400,2.538100,2.515700,2.464100,2.360700,2.179500,1.895900
2.550000,2.550000,2.550000,2.550000,2.550000,2.550000,2.550000,2.550000,2.550000,2.550000,2.550000,2.550000,2.549800,2.549100,2.546400,2.538000,2.515600,2.463800,2.360300,2.179000,1.895400
2.550000,2.550000,2.550000,2.550000,2.550000,2.550000,2.550000,2.550000,2.550000,2.550000,2.550000,2.550000,2.549800,2.549100,2.546400,2.538000,2.515400,2.463500,2.359900,2.178500,1.894900
2.550000,2.550000,2.550000,2.550000,2.550000,2.550000,2.550000,2.550000,2.550000,2.550000,2.550000,2.550000,2.549800,2.549100,2.546400,2.537900,2.515300,2.463200,2.359500,2.178000,1.894400
2.550000,2.550000,2.550000,2.550000,2.550000,2.550000,2.550000,2.550000,2.550000,2.550000,2.550000,2.550000,2.549800,2.549000,2.546300,2.537800,2.515100,2.463000,2.359100,2.177500,1.893900
2.550000,2.550000,2.550000,2.550000,2.550000,2.550000,2.550000,2.550000,2.550000,2.550000,2.550000,2.550000,2.549800,2.549000,2.546300,2.537800,2.515000,2.462700,2.358700,2.177000,1.893400
2.550000,2.550000,2.550000,2.550000,2.550000,2.550000,2.550000,2.550000,2.550000,2.550000,2.550000,2.550000,2.549800,2.549000,2.546300,2.537700,2.514800,2.462400,2.358300,2.176500,1.892900
2.550000,2.550000,2.550000,2.550000,2.550000,2.550000,2.550000,2.550000,2.550000,2.550000,2.550000,2.550000,2.549800,2.549000,2.546200,2.537600,2.514700,2.462200,2.357900,2.176100,1.892400
2.550000,2.550000,2.550000,2.550000,2.550000,2.550000,2.550000,2.550000,2.550000,2.550000,2.550000,2.550000,2.549800,2.549000,2.546200,2.537500,2.514500,2.461900,2.357500,2.175600,1.892000
2.550000,2.550000,2.550000,2.550000,2.550000,2.550000,2.550000,2.550000,2.550000,2.550000,2.550000,2.550000,2.549800,2.549000,2.546200,2.537500,2.514400,2.461600,2.357100,2.175100,1.891500
2.550000,2.550000,2.550000,2.550000,2.550000,2.550000,2.550000,2.550000,2.550000,2.550000,2.550000,2.550000,2.549800,2.549000,2.546200,2.537400,2.514200,2.461400,2.356700,2.174600,1.891000
2.550000,2.550000,2.550000,2.550000,2.550000,2.550000,2.550000,2.550000,2.550000,2.550000,2.550000,2.550000,2.549800,2.549000,2.546100,2.537300,2.514100,2.461100,2.356300,2.174100,1.890500
2.550000,2.550000,2.550000,2.550000,2.550000,2.550000,2.550000,2.550000,2.550000,2.550000,2.550000,2.550000,2.549800,2.549000,2.546100,2.537300,2.513900,2.460800,2.355900,2.173600,1.890000
2.550000,2.550000,2.550000,2.550000,2.550000,2.550000,2.550000,2.550000,2.550000,2.550000,2.550000,2.550000,2.549800,2.549000,2.546100,2.537200,2.513800,2.460600,2.355500,2.173200,1.889500
2.550000,2.550000,2.550000,2.550000,2.550000,2.550000,2.550000,2.550000,2.550000,2.550000,2.550000,2.550000,2.549800,2.548900,2.546000,2.537100,2.513600,2.460300,2.355100,2.172700,1.889000
2.550000,2.550000,2.550000,2.550000,2.550000,2.550000,2.550000,2.550000,2.550000,2.550000,2.550000,2.550000,2.549800,2.548900,2.546000,2.537000,2.513500,2.460000,2.354700,2.172200,1.888600
2.550000,2.550000,2.550000,2.550000,2.550000,2.550000,2.550000,2.550000,2.550000,2.550000,2.550000,2.550000,2.549800,2.548900,2.546000,2.537000,2.513300,2.459800,2.354400,2.171700,1.888100
2.550000,2.550000,2.550000,2.550000,2.550000,2.550000,2.550000,2.550000,2.550000,2.550000,2.550000,2.550000,2.549800,2.548900,2.545900,2.536900,2.513100,2.459500,2.354000,2.171200,1.887600
2.550000,2.550000,2.550000,2.550000,2.550000,2.550000,2.550000,2.550000,2.550000,2.550000,2.550000,2.549900,2.549700,2.548900,2.545900,2.536800,2.513000,2.459200,2.353600,2.170800,1.887100
2.550000,2.550000,2.550000,2.550000,2.550000,2.550000,2.550000,2.550000,2.550000,2.550000,2.550000,2.549900,2.549700,2.548900,2.545900,2.536700,2.512800,2.459000,2.353200,2.170300,1.886600
2.550000,2.550000,2.550000,2.550000,2.550000,2.550000,2.550000,2.550000,2.550000,2.550000,2.550000,2.549900,2.549700,2.548900,2.545900,2.536700,2.512700,2.458700,2.352800,2.169800,1.886200
2.550000,2.550000,2.550000,2.550000,2.550000,2.550000,2.550000,2.550000,2.550000,2.550000,2.550000,2.549900,2.549700,2.548900,2.545800,2.536600,2.512500,2.458400,2.352400,2.169300,1.885700
2.550000,2.550000,2.550000,2.550000,2.550000,2.550000,2.550000,2.550000,2.550000,2.550000,2.550000,2.549900,2.549700,2.548900,2.545800,2.536500,2.512400,2.458100,2.352000,2.168800,1.885200
2.550000,2.550000,2.550000,2.550000,2.550000,2.550000,2.550000,2.550000,2.550000,2.550000,2.550000,2.549900,2.549700,2.548900,2.545800,2.536400,2.512200,2.457900,2.351600,2.168400,1.884700
2.550000,2.550000,2.550000,2.550000,2.550000,2.550000,2.550000,2.550000,2.550000,2.550000,2.550000,2.549900,2.549700,2.548800,2.545700,2.536400,2.512100,2.457600,2.351200,2.167900,1.884200
2.550000,2.550000,2.550000,2.550000,2.550000,2.550000,2.550000,2.550000,2.550000,2.550000,2.550000,2.549900,2.549700,2.548800,2.545700,2.536300,2.511900,2.457300,2.350800,2.167400,1.883800
2.550000,2.550000,2.550000,2.550000,2.550000,2.550000,2.550000,2.550000,2.550000,2.550000,2.550000,2.549900,2.549700,2.548800,2.545700,2.536200,2.511800,2.457100,2.350400,2.166900,1.883300
2.550000,2.550000,2.550000,2.550000,2.550000,2.550000,2.550000,2.550000,2.550000,2.550000,2.550000,2.549900,2.549700,2.548800,2.545600,2.536100,2.511600,2.456800,2.350000,2.166500,1.882800
2.550000,2.550000,2.550000,2.550000,2.550000,2.550000,2.550000,2.550000,2.550000,2.550000,2.550000,2.549900,2.549700,2.548800,2.545600,2.536100,2.511400,2.456500,2.349600,2.166000,1.882300
2.550000,2.550000,2.550000,2.550000,2.550000,2.550000,2.550000,2.550000,2.550000,2.550000,2.550000,2.549900,2.549700,2.548800,2.545600,2.536000,2.511300,2.456300,2.349300,2.165500,1.881800
2.550000,2.550000,2.550000,2.550000,2.550000,2.550000,2.550000,2.550000,2.550000,2.550000,2.550000,2.549900,2.549700,2.548800,2.545500,2.535900,2.511100,2.456000,2.348900,2.165000,1.881400
2.550000,2.550000,2.550000,2.550000,2.550000,2.550000,2.550000,2.550000,2.550000,2.550000,2.550000,2.549900,2.549700,2.548800,2.545500,2.535800,2.511000,2.455700,2.348500,2.164600,1.880900
2.550000,2.550000,2.550000,2.550000,2.550000,2.550000,2.550000,2.550000,2.550000,2.550000,2.550000,2.549900,2.549700,2.548800,2.545500,2.535800,2.510800,2.455400,2.348100,2.164100,1.880400
2.550000,2.550000,2.550000,2.550000,2.550000,2.550000,2.550000,2.550000,2.550000,2.550000,2.550000,2.549900,2.549700,2.548700,2.545400,2.535700,2.510700,2.455200,2.347700,2.163600,1.879900
2.550000,2.550000,2.550000,2.550000,2.550000,2.550000,2.550000,2.550000,2.550000,2.550000,2.550000,2.549900,2.549700,2.548700,2.545400,2.535600,2.510500,2.454900,2.347300,2.163100,1.879500
2.550000,2.550000,2.550000,2.550000,2.550000,2.550000,2.550000,2.550000,2.550000,2.550000,2.550000,2.549900,2.549700,2.548700,2.545400,2.535500,2.510300,2.454600,2.346900,2.162700,1.879000
2.550000,2.550000,2.550000,2.550000,2.550000,2.550000,2.550000,2.550000,2.550000,2.550000,2.550000,2.549900,2.549700,2.548700,2.545400,2.535400,2.510200,2.454400,2.346500,2.162200,1.878500
2.550000,2.550000,2.550000,2.550000,2.550000,2.550000,2.550000,2.550000,2.550000,2.550000,2.550000,2.549900,2.549700,2.548700,2.545300,2.535400,2.510000,2.454100,2.346100,2.161700,1.878100
2.550000,2.550000,2.550000,2.550000,2.550000,2.550000,2.550000,2.550000,2.550000,2.550000,2.550000,2.549900,2.549700,2.548700,2.545300,2.535300,2.509900,2.453800,2.345800,2.161300,1.877600
2.550000,2.550000,2.550000,2.550000,2.550000,2.550000,2.550000,2.550000,2.550000,2.550000,2.550000,2.549900,2.549700,2.548700,2.545300,2.535200,2.509700,2.453600,2.345400,2.160800,1.877100
2.550000,2.550000,2.550000,2.550000,2.550000,2.550000,2.550000,2.550000,2.550000,2.550000,2.550000,2.549900,2.549700,2.548700,2.545200,2.535100,2.509600,2.453300,2.345000,2.160300,1.876600
2.550000,2.550000,2.550000,2.550000,2.550000,2.550000,2.550000,2.550000,2.550000,2.550000,2.550000,2.549900,2.549700,2.548700,2.545200,2.535000,2.509400,2.453000,2.344600,2.159900,1.876200
2.550000,2.550000,2.550000,2.550000,2.550000,2.550000,2.550000,2.550000,2.550000,2.550000,2.550000,2.549900,2.549700,2.548600,2.545200,2.535000,2.509200,2.452700,2.344200,2.159400,1.875700
2.550000,2.550000,2.550000,2.550000,2.550000,2.550000,2.550000,2.550000,2.550000,2.550000,2.550000,2.549900,2.549700,2.548600,2.545100,2.534900,2.509100,2.452500,2.343800,2.158900,1.875200
2.550000,2.550000,2.550000,2.550000,2.550000,2.550000,2.550000,2.550000,2.550000,2.550000,2.550000,2.549900,2.549700,2.548600,2.545100,2.534800,2.508900,2.452200,2.343400,2.158400,1.874800
2.550000,2.550000,2.550000,2.550000,2.550000,2.550000,2.550000,2.550000,2.550000,2.550000,2.550000,2.549900,2.549700,2.548600,2.545100,2.534700,2.508800,2.451900,2.343000,2.158000,1.874300
2.550000,2.550000,2.550000,2.550000,2.550000,2.550000,2.550000,2.550000,2.550000,2.550000,2.550000,2.549900,2.549700,2.548600,2.545000,2.534700,2.508600,2.451700,2.342600,2.157500,1.873800
2.550000,2.550000,2.550000,2.550000,2.550000,2.550000,2.550000,2.550000,2.550000,2.550000,2.550000,2.549900,2.549700,2.548600,2.545000,2.534600,2.508400,2.451400,2.342300,2.157000,1.873400
2.550000,2.550000,2.550000,2.550000,2.550000,2.550000,2.550000,2.550000,2.550000,2.550000,2.550000,2.549900,2.549600,2.548600,2.545000,2.534500,2.508300,2.451100,2.341900,2.156600,1.872900
2.550000,2.550000,2.550000,2.550000,2.550000,2.550000,2.550000,2.550000,2.550000,2.550000,2.550000,2.549900,2.549600,2.548600,2.544900,2.534400,2.508100,2.450900,2.341500,2.156100,1.872400
2.550000,2.550000,2.550000,2.550000,2.550000,2.550000,2.550000,2.550000,2.550000,2.550000,2.550000,2.549900,2.549600,2.548500,2.544900,2.534300,2.508000,2.450600,2.341100,2.155700,1.872000
2.550000,2.550000,2.550000,2.550000,2.550000,2.550000,2.550000,2.550000,2.550000,2.550000,2.550000,2.549900,2.549600,2.548500,2.544900,2.534300,2.507800,2.450300,2.340700,2.155200,1.871500
2.550000,2.550000,2.550000,2.550000,2.550000,2.550000,2.550000,2.550000,2.550000,2.550000,2.550000,2.549900,2.549600,2.548500,2.544800,2.534200,2.507600,2.450000,2.340300,2.154700,1.871000
2.550000,2.550000,2.550000,2.550000,2.550000,2.550000,2.550000,2.550000,2.550000,2.550000,2.550000,2.549900,2.549600,2.548500,2.544800,2.534100,2.507500,2.449800,2.339900,2.154300,1.870600
2.550000,2.550000,2.550000,2.550000,2.550000,2.550000,2.550000,2.550000,2.550000,2.550000,2.550000,2.549900,2.549600,2.548500,2.544700,2.534000,2.507300,2.449500,2.339600,2.153800,1.870100
2.550000,2.550000,2.550000,2.550000,2.550000,2.550000,2.550000,2.550000,2.550000,2.550000,2.550000,2.549900,2.549600,2.548500,2.544700,2.533900,2.507200,2.449200,2.339200,2.153300,1.869600
2.550000,2.550000,2.550000,2.550000,2.550000,2.550000,2.550000,2.550000,2.550000,2.550000,2.550000,2.549900,2.549600,2.548500,2.544700,2.533800,2.507000,2.449000,2.338800,2.152900,1.869200
2.550000,2.550000,2.550000,2.550000,2.550000,2.550000,2.550000,2.550000,2.550000,2.550000,2.550000,2.549900,2.549600,2.548500,2.544600,2.533800,2.506800,2.448700,2.338400,2.152400,1.868700
2.550000,2.550000,2.550000,2.550000,2.550000,2.550000,2.550000,2.550000,2.550000,2.550000,2.550000,2.549900,2.549600,2.548400,2.544600,2.533700,2.506700,2.448400,2.338000,2.151900,1.868300
2.550000,2.550000,2.550000,2.550000,2.550000,2.550000,2.550000,2.550000,2.550000,2.550000,2.550000,2.549900,2.549600,2.548400,2.544600,2.533600,2.506500,2.448100,2.337600,2.151500,1.867800
2.550000,2.550000,2.550000,2.550000,2.550000,2.550000,2.550000,2.550000,2.550000,2.550000,2.550000,2.549900,2.549600,2.548400,2.544500,2.533500,2.506300,2.447900,2.337200,2.151000,1.867300
2.550000,2.550000,2.550000,2.550000,2.550000,2.550000,2.550000,2.550000,2.550000,2.550000,2.550000,2.549900,2.549600,2.548400,2.544500,2.533400,2.506200,2.447600,2.336900,2.150600,1.866900
2.550000,2.550000,2.550000,2.550000,2.550000,2.550000,2.550000,2.550000,2.550000,2.550000,2.550000,2.549900,2.549600,2.548400,2.544500,2.533300,2.506000,2.447300,2.336500,2.150100,1.866400
2.550000,2.550000,2.550000,2.550000,2.550000,2.550000,2.550000,2.550000,2.550000,2.550000,2.550000,2.549900,2.549600,2.548400,2.544400,2.533300,2.505900,2.447100,2.336100,2.149600,1.866000
2.550000,2.550000,2.550000,2.550000,2.550000,2.550000,2.550000,2.550000,2.550000,2.550000,2.550000,2.549900,2.549600,2.548400,2.544400,2.533200,2.505700,2.446800,2.335700,2.149200,1.865500
2.550000,2.550000,2.550000,2.550000,2.550000,2.550000,2.550000,2.550000,2.550000,2.550000,2.550000,2.549900,2.549600,2.548400,2.544400,2.533100,2.505500,2.446500,2.335300,2.148700,1.865000
2.550000,2.550000,2.550000,2.550000,2.550000,2.550000,2.550000,2.550000,2.550000,2.550000,2.550000,2.549900,2.549600,2.548300,2.544300,2.533000,2.505400,2.446200,2.334900,2.148300,1.864600
2.550000,2.550000,2.550000,2.550000,2.550000,2.550000,2.550000,2.550000,2.550000,2.550000,2.550000,2.549900,2.549600,2.548300,2.544300,2.532900,2.505200,2.446000,2.334600,2.147800,1.864100
2.550000,2.550000,2.550000,2.550000,2.550000,2.550000,2.550000,2.550000,2.550000,2.550000,2.550000,2.549900,2.549600,2.548300,2.544200,2.532800,2.505000,2.445700,2.334200,2.147400,1.863700
2.550000,2.550000,2.550000,2.550000,2.550000,2.550000,2.550000,2.550000,2.550000,2.550000,2.550000,2.549900,2.549600,2.548300,2.544200,2.532800,2.504900,2.445400,2.333800,2.146900,1.863200
2.550000,2.550000,2.550000,2.550000,2.550000,2.550000,2.550000,2.550000,2.550000,2.550000,2.550000,2.549900,2.549600,2.548300,2.544200,2.532700,2.504700,2.445200,2.333400,2.146400,1.862800
2.550000,2.550000,2.550000,2.550000,2.550000,2.550000,2.550000,2.550000,2.550000,2.550000,2.550000,2.549900,2.549600,2.548300,2.544100,2.532600,2.504500,2.444900,2.333000,2.146000,1.862300
2.550000,2.550000,2.550000,2.550000,2.550000,2.550000,2.550000,2.550000,2.550000,2.550000,2.550000,2.549900,2.549500,2.548300,2.544100,2.532500,2.504400,2.444600,2.332600,2.145500,1.861900
2.550000,2.550000,2.550000,2.550000,2.550000,2.550000,2.550000,2.550000,2.550000,2.550000,2.550000,2.549900,2.549500,2.548200,2.544100,2.532400,2.504200,2.444300,2.332300,2.145100,1.861400
2.550000,2.550000,2.550000,2.550000,2.550000,2.550000,2.550000,2.550000,2.550000,2.550000,2.550000,2.549900,2.549500,2.548200,2.544000,2.532300,2.504100,2.444100,2.331900,2.144600,1.860900
2.550000,2.550000,2.550000,2.550000,2.550000,2.550000,2.550000,2.550000,2.550000,2.550000,2.550000,2.549900,2.549500,2.548200,2.544000,2.532300,2.503900,2.443800,2.331500,2.144200,1.860500
2.550000,2.550000,2.550000,2.550000,2.550000,2.550000,2.550000,2.550000,2.550000,2.550000,2.550000,2.549900,2.549500,2.548200,2.543900,2.532200,2.503700,2.443500,2.331100,2.143700,1.860000
2.550000,2.550000,2.550000,2.550000,2.550000,2.550000,2.550000,2.550000,2.550000,2.550000,2.550000,2.549900,2.549500,2.548200,2.543900,2.532100,2.503600,2.443300,2.330700,2.143300,1.859600
2.550000,2.550000,2.550000,2.550000,2.550000,2.550000,2.550000,2.550000,2.550000,2.550000,2.550000,2.549900,2.549500,2.548200,2.543900,2.532000,2.503400,2.443000,2.330400,2.142800,1.859100
2.550000,2.550000,2.550000,2.550000,2.550000,2.550000,2.550000,2.550000,2.550000,2.550000,2.550000,2.549900,2.549500,2.548200,2.543800,2.531900,2.503200,2.442700,2.330000,2.142400,1.858700
2.550000,2.550000,2.550000,2.550000,2.550000,2.550000,2.550000,2.550000,2.550000,2.550000,2.550000,2.549900,2.549500,2.548100,2.543800,2.531800,2.503100,2.442400,2.329600,2.141900,1.858200
2.550000,2.550000,2.550000,2.550000,2.550000,2.550000,2.550000,2.550000,2.550000,2.550000,2.550000,2.549900,2.549500,2.548100,2.543800,2.531700,2.502900,2.442200,2.329200,2.141400,1.857800
2.550000,2.550000,2.550000,2.550000,2.550000,2.550000,2.550000,2.550000,2.550000,2.550000,2.550000,2.549900,2.549500,2.548100,2.543700,2.531700,2.502700,2.441900,2.328800,2.141000,1.857300
2.550000,2.550000,2.550000,2.550000,2.550000,2.550000,2.550000,2.550000,2.550000,2.550000,2.550000,2.549900,2.549500,2.548100,2.543700,2.531600,2.502600,2.441600,2.328500,2.140500,1.856900
2.550000,2.550000,2.550000,2.550000,2.550000,2.550000,2.550000,2.550000,2.550000,2.550000,2.550000,2.549900,2.549500,2.548100,2.543600,2.531500,2.502400,2.441400,2.328100,2.140100,1.856400
2.550000,2.550000,2.550000,2.550000,2.550000,2.550000,2.550000,2.550000,2.550000,2.550000,2.550000,2.549900,2.549500,2.548100,2.543600,2.531400,2.502200,2.441100,2.327700,2.139600,1.856000
2.550000,2.550000,2.550000,2.550000,2.550000,2.550000,2.550000,2.550000,2.550000,2.550000,2.550000,2.549900,2.549500,2.548100,2.543600,2.531300,2.502100,2.440800,2.327300,2.139200,1.855500
2.550000,2.550000,2.550000,2.550000,2.550000,2.550000,2.550000,2.550000,2.550000,2.550000,2.550000,2.549900,2.549500,2.548000,2.543500,2.531200,2.501900,2.440500,2.326900,2.138700,1.855100
2.550000,2.550000,2.550000,2.550000,2.550000,2.550000,2.550000,2.550000,2.550000,2.550000,2.550000,2.549900,2.549500,2.548000,2.543500,2.531100,2.501700,2.440300,2.326600,2.138300,1.854600
2.550000,2.550000,2.550000,2.550000,2.550000,2.550000,2.550000,2.550000,2.550000,2.550000,2.550000,2.549900,2.549500,2.548000,2.543400,2.531000,2.501600,2.440000,2.326200,2.137800,1.854200
2.550000,2.550000,2.550000,2.550000,2.550000,2.550000,2.550000,2.550000,2.550000,2.550000,2.550000,2.549900,2.549500,2.548000,2.543400,2.531000,2.501400,2.439700,2.325800,2.137400,1.853800
2.550000,2.550000,2.550000,2.550000,2.550000,2.550000,2.550000,2.550000,2.550000,2.550000,2.550000,2.549900,2.549500,2.548000,2.543400,2.530900,2.501200,2.439500,2.325400,2.137000,1.853300
2.550000,2.550000,2.550000,2.550000,2.550000,2.550000,2.550000,2.550000,2.550000,2.550000,2.550000,2.549900,2.549500,2.548000,2.543300,2.530800,2.501100,2.439200,2.325000,2.136500,1.852900
2.550000,2.550000,2.550000,2.550000,2.550000,2.550000,2.550000,2.550000,2.550000,2.550000,2.550000,2.549900,2.549400,2.547900,2.543300,2.530700,2.500900,2.438900,2.324700,2.136100,1.852400
2.550000,2.550000,2.550000,2.550000,2.550000,2.550000,2.550000,2.550000,2.550000,2.550000,2.550000,2.549900,2.549400,2.547900,2.543200,2.530600,2.500700,2.438600,2.324300,2.135600,1.852000
2.550000,2.550000,2.550000,2.550000,2.550000,2.550000,2.550000,2.550000,2.550000,2.550000,2.550000,2.549900,2.549400,2.547900,2.543200,2.530500,2.500600,2.438400,2.323900,2.135200,1.851500
2.550000,2.550000,2.550000,2.550000,2.550000,2.550000,2.550000,2.550000,2.550000,2.550000,2.550000,2.549900,2.549400,2.547900,2.543200,2.530400,2.500400,2.438100,2.323500,2.134700,1.851100
2.550000,2.550000,2.550000,2.550000,2.550000,2.550000,2.550000,2.550000,2.550000,2.550000,2.550000,2.549900,2.549400,2.547900,2.543100,2.530300,2.500200,2.437800,2.323200,2.134300,1.850600
2.550000,2.550000,2.550000,2.550000,2.550000,2.550000,2.550000,2.550000,2.550000,2.550000,2.550000,2.549900,2.549400,2.547900,2.543100,2.530300,2.500100,2.437600,2.322800,2.133800,1.850200
2.550000,2.550000,2.550000,2.550000,2.550000,2.550000,2.550000,2.550000,2.550000,2.550000,2.550000,2.549900,2.549400,2.547900,2.543000,2.530200,2.499900,2.437300,2.322400,2.133400,1.849800
2.550000,2.550000,2.550000,2.550000,2.550000,2.550000,2.550000,2.550000,2.550000,2.550000,2.550000,2.549900,2.549400,2.547800,2.543000,2.530100,2.499700,2.437000,2.322000,2.132900,1.849300
2.550000,2.550000,2.550000,2.550000,2.550000,2.550000,2.550000,2.550000,2.550000,2.550000,2.550000,2.549900,2.549400,2.547800,2.543000,2.530000,2.499600,2.436700,2.321700,2.132500,1.848900
2.550000,2.550000,2.550000,2.550000,2.550000,2.550000,2.550000,2.550000,2.550000,2.550000,2.550000,2.549900,2.549400,2.547800,2.542900,2.529900,2.499400,2.436500,2.321300,2.132100,1.848400
2.550000,2.550000,2.550000,2.550000,2.550000,2.550000,2.550000,2.550000,2.550000,2.550000,2.550000,2.549900,2.549400,2.547800,2.542900,2.529800,2.499200,2.436200,2.320900,2.131600,1.848000
2.550000,2.550000,2.550000,2.550000,2.550000,2.550000,2.550000,2.550000,2.550000,2.550000,2.550000,2.549900,2.549400,2.547800,2.542800,2.529700,2.499000,2.435900,2.320500,2.131200,1.847600
2.550000,2.550000,2.550000,2.550000,2.550000,2.550000,2.550000,2.550000,2.550000,2.550000,2.550000,2.549900,2.549400,2.547800,2.542800,2.529600,2.498900,2.435600,2.320200,2.130700,1.847100
2.550000,2.550000,2.550000,2.550000,2.550000,2.550000,2.550000,2.550000,2.550000,2.550000,2.550000,2.549800,2.549400,2.547700,2.542800,2.529500,2.498700,2.435400,2.319800,2.130300,1.846700
2.550000,2.550000,2.550000,2.550000,2.550000,2.550000,2.550000,2.550000,2.550000,2.550000,2.550000,2.549800,2.549400,2.547700,2.542700,2.529400,2.498500,2.435100,2.319400,2.129800,1.846200
2.550000,2.550000,2.550000,2.550000,2.550000,2.550000,2.550000,2.550000,2.550000,2.550000,2.550000,2.549800,2.549400,2.547700,2.542700,2.529300,2.498400,2.434800,2.319000,2.129400,1.845800
2.550000,2.550000,2.550000,2.550000,2.550000,2.550000,2.550000,2.550000,2.550000,2.550000,2.550000,2.549800,2.549400,2.547700,2.542600,2.529300,2.498200,2.434600,2.318700,2.129000,1.845400
2.550000,2.550000,2.550000,2.550000,2.550000,2.550000,2.550000,2.550000,2.550000,2.550000,2.550000,2.549800,2.549400,2.547700,2.542600,2.529200,2.498000,2.434300,2.318300,2.128500,1.844900
2.550000,2.550000,2.550000,2.550000,2.550000,2.550000,2.550000,2.550000,2.550000,2.550000,2.550000,2.549800,2.549300,2.547700,2.542500,2.529100,2.497900,2.434000,2.317900,2.128100,1.844500
2.550000,2.550000,2.550000,2.550000,2.550000,2.550000,2.550000,2.550000,2.550000,2.550000,2.550000,2.549800,2.549300,2.547600,2.542500,2.529000,2.497700,2.433700,2.317500,2.127600,1.844100
2.550000,2.550000,2.550000,2.550000,2.550000,2.550000,2.550000,2.550000,2.550000,2.550000,2.550000,2.549800,2.549300,2.547600,2.542500,2.528900,2.497500,2.433500,2.317200,2.127200,1.843600
2.550000,2.550000,2.550000,2.550000,2.550000,2.550000,2.550000,2.550000,2.550000,2.550000,2.550000,2.549800,2.549300,2.547600,2.542400,2.528800,2.497300,2.433200,2.316800,2.126800,1.843200
2.550000,2.550000,2.550000,2.550000,2.550000,2.550000,2.550000,2.550000,2.550000,2.550000,2.550000,2.549800,2.549300,2.547600,2.542400,2.528700,2.497200,2.432900,2.316400,2.126300,1.842800
2.550000,2.550000,2.550000,2.550000,2.550000,2.550000,2.550000,2.550000,2.550000,2.550000,2.550000,2.549800,2.549300,2.547600,2.542300,2.528600,2.497000,2.432700,2.316000,2.125900,1.842300
2.550000,2.550000,2.550000,2.550000,2.550000,2.550000,2.550000,2.550000,2.550000,2.550000,2.550000,2.549800,2.549300,2.547600,2.542300,2.528500,2.496800,2.432400,2.315700,2.125500,1.841900
2.550000,2.550000,2.550000,2.550000,2.550000,2.550000,2.550000,2.550000,2.550000,2.550000,2.550000,2.549800,2.549300,2.547500,2.542200,2.528400,2.496700,2.432100,2.315300,2.125000,1.841500
2.550000,2.550000,2.550000,2.550000,2.550000,2.550000,2.550000,2.550000,2.550000,2.550000,2.550000,2.549800,2.549300,2.547500,2.542200,2.528300,2.496500,2.431800,2.314900,2.124600,1.841000
2.550000,2.550000,2.550000,2.550000,2.550000,2.550000,2.550000,2.550000,2.550000,2.550000,2.550000,2.549800,2.549300,2.547500,2.542200,2.528200,2.496300,2.431600,2.314500,2.124100,1.840600
2.550000,2.550000,2.550000,2.550000,2.550000,2.550000,2.550000,2.550000,2.550000,2.550000,2.550000,2.549800,2.549300,2.547500,2.542100,2.528200,2.496100,2.431300,2.314200,2.123700,1.840200
2.550000,2.550000,2.550000,2.550000,2.550000,2.550000,2.550000,2.550000,2.550000,2.550000,2.550000,2.549800,2.549300,2.547500,2.542100,2.528100,2.496000,2.431000,2.313800,2.123300,1.839700
2.550000,2.550000,2.550000,2.550000,2.550000,2.550000,2.550000,2.550000,2.550000,2.550000,2.550000,2.549800,2.549300,2.547400,2.542000,2.528000,2.495800,2.430700,2.313400,2.122800,1.839300
2.550000,2.550000,2.550000,2.550000,2.550000,2.550000,2.550000,2.550000,2.550000,2.550000,2.550000,2.549800,2.549300,2.547400,2.542000,2.527900,2.495600,2.430500,2.313100,2.122400,1.838900
2.550000,2.550000,2.550000,2.550000,2.550000,2.550000,2.550000,2.550000,2.550000,2.550000,2.550000,2.549800,2.549300,2.547400,2.541900,2.527800,2.495500,2.430200,2.312700,2.122000,1.838400
2.550000,2.550000,2.550000,2.550000,2.550000,2.550000,2.550000,2.550000,2.550000,2.550000,2.550000,2.549800,2.549300,2.547400,2.541900,2.527700,2.495300,2.429900,2.312300,2.121500,1.838000
2.550000,2.550000,2.550000,2.550000,2.550000,2.550000,2.550000,2.550000,2.550000,2.550000,2.550000,2.549800,2.549300,2.547400,2.541900,2.527600,2.495100,2.429700,2.311900,2.121100,1.837600
2.550000,2.550000,2.550000,2.550000,2.550000,2.550000,2.550000,2.550000,2.550000,2.550000,2.550000,2.549800,2.549200,2.547400,2.541800,2.527500,2.494900,2.429400,2.311600,2.120700,1.837100
2.550000,2.550000,2.550000,2.550000,2.550000,2.550000,2.550000,2.550000,2.550000,2.550000,2.550000,2.549800,2.549200,2.547300,2.541800,2.527400,2.494800,2.429100,2.311200,2.120200,1.836700
2.550000,2.550000,2.550000,2.550000,2.550000,2.550000,2.550000,2.550000,2.550000,2.550000,2.550000,2.549800,2.549200,2.547300,2.541700,2.527300,2.494600,2.428800,2.310800,2.119800,1.836300
2.550000,2.550000,2.550000,2.550000,2.550000,2.550000,2.550000,2.550000,2.550000,2.550000,2.550000,2.549800,2.549200,2.547300,2.541700,2.527200,2.494400,2.428600,2.310500,2.119400,1.835900
2.550000,2.550000,2.550000,2.550000,2.550000,2.550000,2.550000,2.550000,2.550000,2.550000,2.550000,2.549800,2.549200,2.547300,2.541600,2.527100,2.494300,2.428300,2.310100,2.118900,1.835400
2.550000,2.550000,2.550000,2.550000,2.550000,2.550000,2.550000,2.550000,2.550000,2.550000,2.550000,2.549800,2.549200,2.547300,2.541600,2.527000,2.494100,2.428000,2.309700,2.118500,1.835000
2.550000,2.550000,2.550000,2.550000,2.550000,2.550000,2.550000,2.550000,2.550000,2.550000,2.550000,2.549800,2.549200,2.547200,2.541500,2.526900,2.493900,2.427700,2.309400,2.118100,1.834600
2.550000,2.550000,2.550000,2.550000,2.550000,2.550000,2.550000,2.550000,2.550000,2.550000,2.550000,2.549800,2.549200,2.547200,2.541500,2.526800,2.493700,2.427500,2.309000,2.117600,1.834200
2.550000,2.550000,2.550000,2.550000,2.550000,2.550000,2.550000,2.550000,2.550000,2.550000,2.550000,2.549800,2.549200,2.547200,2.541400,2.526700,2.493600,2.427200,2.308600,2.117200,1.833700
2.550000,2.550000,2.550000,2.550000,2.550000,2.550000,2.550000,2.550000,2.550000,2.550000,2.550000,2.549800,2.549200,2.547200,2.541400,2.526600,2.493400,2.426900,2.308200,2.116800,1.833300
2.550000,2.550000,2.550000,2.550000,2.550000,2.550000,2.550000,2.550000,2.550000,2.550000,2.550000,2.549800,2.549200,2.547200,2.541400,2.526500,2.493200,2.426700,2.307900,2.116400,1.832900
2.550000,2.550000,2.550000,2.550000,2.550000,2.550000,2.550000,2.550000,2.550000,2.550000,2.550000,2.549800,2.549200,2.547200,2.541300,2.526400,2.493000,2.426400,2.307500,2.115900,1.832400
2.550000,2.550000,2.550000,2.550000,2.550000,2.550000,2.550000,2.550000,2.550000,2.550000,2.550000,2.549800,2.549200,2.547100,2.541300,2.526400,2.492900,2.426100,2.307100,2.115500,1.832000
2.550000,2.550000,2.550000,2.550000,2.550000,2.550000,2.550000,2.550000,2.550000,2.550000,2.550000,2.549800,2.549200,2.547100,2.541200,2.526300,2.492700,2.425800,2.306800,2.115100,1.831600
2.550000,2.550000,2.550000,2.550000,2.550000,2.550000,2.550000,2.550000,2.550000,2.550000,2.549900,2.549800,2.549200,2.547100,2.541200,2.526200,2.492500,2.425600,2.306400,2.114600,1.831200
2.550000,2.550000,2.550000,2.550000,2.550000,2.550000,2.550000,2.550000,2.550000,2.550000,2.549900,2.549800,2.549100,2.547100,2.541100,2.526100,2.492300,2.425300,2.306000,2.114200,1.830800
2.550000,2.550000,2.550000,2.550000,2.550000,2.550000,2.550000,2.550000,2.550000,2.550000,2.549900,2.549800,2.549100,2.547100,2.541100,2.526000,2.492200,2.425000,2.305700,2.113800,1.830300
2.550000,2.550000,2.550000,2.550000,2.550000,2.550000,2.550000,2.550000,2.550000,2.550000,2.549900,2.549800,2.549100,2.547000,2.541000,2.525900,2.492000,2.424800,2.305300,2.113400,1.829900
2.550000,2.550000,2.550000,2.550000,2.550000,2.550000,2.550000,2.550000,2.550000,2.550000,2.549900,2.549800,2.549100,2.547000,2.541000,2.525800,2.491800,2.424500,2.304900,2.112900,1.829500
2.550000,2.550000,2.550000,2.550000,2.550000,2.550000,2.550000,2.550000,2.550000,2.550000,2.549900,2.549800,2.549100,2.547000,2.540900,2.525700,2.491600,2.424200,2.304600,2.112500,1.829100
2.550000,2.550000,2.550000,2.550000,2.550000,2.550000,2.550000,2.550000,2.550000,2.550000,2.549900,2.549800,2.549100,2.547000,2.540900,2.525600,2.491500,2.423900,2.304200,2.112100,1.828600
2.550000,2.550000,2.550000,2.550000,2.550000,2.550000,2.550000,2.550000,2.550000,2.550000,2.549900,2.549800,2.549100,2.547000,2.540800,2.525500,2.491300,2.423700,2.303800,2.111700,1.828200
2.550000,2.550000,2.550000,2.550000,2.550000,2.550000,2.550000,2.550000,2.550000,2.550000,2.549900,2.549800,2.549100,2.546900,2.540800,2.525400,2.491100,2.423400,2.303500,2.111200,1.827800
2.550000,2.550000,2.550000,2.550000,2.550000,2.550000,2.550000,2.550000,2.550000,2.550000,2.549900,2.549800,2.549100,2.546900,2.540800,2.525300,2.490900,2.423100,2.303100,2.110800,1.827400
2.550000,2.550000,2.550000,2.550000,2.550000,2.550000,2.550000,2.550000,2.550000,2.550000,2.549900,2.549800,2.549100,2.546900,2.540700,2.525200,2.490800,2.422800,2.302700,2.110400,1.827000
2.550000,2.550000,2.550000,2.550000,2.550000,2.550000,2.550000,2.550000,2.550000,2.550000,2.549900,2.549800,2.549100,2.546900,2.540700,2.525100,2.490600,2.422600,2.302400,2.110000,1.826500
2.550000,2.550000,2.550000,2.550000,2.550000,2.550000,2.550000,2.550000,2.550000,2.550000,2.549900,2.549800,2.549100,2.546900,2.540600,2.525000,2.490400,2.422300,2.302000,2.109500,1.826100
2.550000,2.550000,2.550000,2.550000,2.550000,2.550000,2.550000,2.550000,2.550000,2.550000,2.549900,2.549800,2.549100,2.546800,2.540600,2.524900,2.490200,2.422000,2.301600,2.109100,1.825700
2.550000,2.550000,2.550000,2.550000,2.550000,2.550000,2.550000,2.550000,2.550000,2.550000,2.549900,2.549700,2.549100,2.546800,2.540500,2.524800,2.490100,2.421800,2.301300,2.108700,1.825300
2.550000,2.550000,2.550000,2.550000,2.550000,2.550000,2.550000,2.550000,2.550000,2.550000,2.549900,2.549700,2.549000,2.546800,2.540500,2.524700,2.489900,2.421500,2.300900,2.108300,1.824900
2.550000,2.550000,2.550000,2.550000,2.550000,2.550000,2.550000,2.550000,2.550000,2.550000,2.549900,2.549700,2.549000,2.546800,2.540400,2.524600,2.489700,2.421200,2.300500,2.107800,1.824500
2.550000,2.550000,2.550000,2.550000,2.550000,2.550000,2.550000,2.550000,2.550000,2.550000,2.549900,2.549700,2.549000,2.546800,2.540400,2.524500,2.489500,2.420900,2.300200,2.107400,1.824000
2.550000,2.550000,2.550000,2.550000,2.550000,2.550000,2.550000,2.550000,2.550000,2.550000,2.549900,2.549700,2.549000,2.546700,2.540300,2.524400,2.489400,2.420700,2.299800,2.107000,1.823600
2.550000,2.550000,2.550000,2.550000,2.550000,2.550000,2.550000,2.550000,2.550000,2.550000,2.549900,2.549700,2.549000,2.546700,2.540300,2.524300,2.489200,2.420400,2.299400,2.106600,1.823200
2.550000,2.550000,2.550000,2.550000,2.550000,2.550000,2.550000,2.550000,2.550000,2.550000,2.549900,2.549700,2.549000,2.546700,2.540200,2.524200,2.489000,2.420100,2.299100,2.106200,1.822800
2.550000,2.550000,2.550000,2.550000,2.550000,2.550000,2.550000,2.550000,2.550000,2.550000,2.549900,2.549700,2.549000,2.546700,2.540200,2.524100,2.488800,2.419900,2.298700,2.105700,1.822400
2.550000,2.550000,2.550000,2.550000,2.550000,2.550000,2.550000,2.550000,2.550000,2.550000,2.549900,2.549700,2.549000,2.546700,2.540100,2.524000,2.488700,2.419600,2.298400,2.105300,1.822000
2.550000,2.550000,2.550000,2.550000,2.550000,2.550000,2.550000,2.550000,2.550000,2.550000,2.549900,2.549700,2.549000,2.546600,2.540100,2.523900,2.488500,2.419300,2.298000,2.104900,1.821600
2.550000,2.550000,2.550000,2.550000,2.550000,2.550000,2.550000,2.550000,2.550000,2.550000,2.549900,2.549700,2.549000,2.546600,2.540000,2.523800,2.488300,2.419000,2.297600,2.104500,1.821100
2.550000,2.550000,2.550000,2.550000,2.550000,2.550000,2.550000,2.550000,2.550000,2.550000,2.549900,2.549700,2.549000,2.546600,2.540000,2.523700,2.488100,2.418800,2.297300,2.104100,1.820700
2.550000,2.550000,2.550000,2.550000,2.550000,2.550000,2.550000,2.550000,2.550000,2.550000,2.549900,2.549700,2.549000,2.546600,2.539900,2.523600,2.487900,2.418500,2.296900,2.103600,1.820300
2.550000,2.550000,2.550000,2.550000,2.550000,2.550000,2.550000,2.550000,2.550000,2.550000,2.549900,2.549700,2.548900,2.546500,2.539900,2.523500,2.487800,2.418200,2.296500,2.103200,1.819900
2.550000,2.550000,2.550000,2.550000,2.550000,2.550000,2.550000,2.550000,2.550000,2.550000,2.549900,2.549700,2.548900,2.546500,2.539800,2.523400,2.487600,2.417900,2.296200,2.102800,1.819500
2.550000,2.550000,2.550000,2.550000,2.550000,2.550000,2.550000,2.550000,2.550000,2.550000,2.549900,2.549700,2.548900,2.546500,2.539800,2.523300,2.487400,2.417700,2.295800,2.102400,1.819100
2.550000,2.550000,2.550000,2.550000,2.550000,2.550000,2.550000,2.550000,2.550000,2.550000,2.549900,2.549700,2.548900,2.546500,2.539700,2.523200,2.487200,2.417400,2.295500,2.102000,1.818700
2.550000,2.550000,2.550000,2.550000,2.550000,2.550000,2.550000,2.550000,2.550000,2.550000,2.549900,2.549700,2.548900,2.546500,2.539700,2.523100,2.487100,2.417100,2.295100,2.101600,1.818300
2.550000,2.550000,2.550000,2.550000,2.550000,2.550000,2.550000,2.550000,2.550000,2.550000,2.549900,2.549700,2.548900,2.546400,2.539600,2.523000,2.486900,2.416900,2.294700,2.101100,1.817800
2.550000,2.550000,2.550000,2.550000,2.550000,2.550000,2.550000,2.550000,2.550000,2.550000,2.549900,2.549700,2.548900,2.546400,2.539600,2.522900,2.486700,2.416600,2.294400,2.100700,1.817400
2.550000,2.550000,2.550000,2.550000,2.550000,2.550000,2.550000,2.550000,2.550000,2.550000,2.549900,2.549700,2.548900,2.546400,2.539500,2.522800,2.486500,2.416300,2.294000,2.100300,1.817000
2.550000,2.550000,2.550000,2.550000,2.550000,2.550000,2.550000,2.550000,2.550000,2.550000,2.549900,2.549700,2.548900,2.546400,2.539500,2.522700,2.486300,2.416000,2.293600,2.099900,1.816600
2.550000,2.550000,2.550000,2.550000,2.550000,2.550000,2.550000,2.550000,2.550000,2.550000,2.549900,2.549700,2.548900,2.546300,2.539400,2.522600,2.486200,2.415800,2.293300,2.099500,1.816200
2.550000,2.550000,2.550000,2.550000,2.550000,2.550000,2.550000,2.550000,2.550000,2.550000,2.549900,2.549700,2.548900,2.546300,2.539400,2.522500,2.486000,2.415500,2.292900,2.099100,1.815800
2.550000,2.550000,2.550000,2.550000,2.550000,2.550000,2.550000,2.550000,2.550000,2.550000,2.549900,2.549700,2.548900,2.546300,2.539300,2.522400,2.485800,2.415200,2.292600,2.098600,1.815400
2.550000,2.550000,2.550000,2.550000,2.550000,2.550000,2.550000,2.550000,2.550000,2.550000,2.549900,2.549700,2.548900,2.546300,2.539300,2.522300,2.485600,2.415000,2.292200,2.098200,1.815000
2.550000,2.550000,2.550000,2.550000,2.550000,2.550000,2.550000,2.550000,2.550000,2.550000,2.549900,2.549700,2.548800,2.546300,2.539200,2.522200,2.485500,2.414700,2.291800,2.097800,1.814600
2.550000,2.550000,2.550000,2.550000,2.550000,2.550000,2.550000,2.550000,2.550000,2.550000,2.549900,2.549700,2.548800,2.546200,2.539200,2.522100,2.485300,2.414400,2.291500,2.097400,1.814200
2.550000,2.550000,2.550000,2.550000,2.550000,2.550000,2.550000,2.550000,2.550000,2.550000,2.549900,2.549700,2.548800,2.546200,2.539100,2.522000,2.485100,2.414100,2.291100,2.097000,1.813800
2.550000,2.550000,2.550000,2.550000,2.550000,2.550000,2.550000,2.550000,2.550000,2.550000,2.549900,2.549700,2.548800,2.546200,2.539100,2.521900,2.484900,2.413900,2.290800,2.096600,1.813400
2.550000,2.550000,2.550000,2.550000,2.550000,2.550000,2.550000,2.550000,2.550000,2.550000,2.549900,2.549700,2.548800,2.546200,2.539000,2.521800,2.484700,2.413600,2.290400,2.096200,1.812900
2.550000,2.550000,2.550000,2.550000,2.550000,2.550000,2.550000,2.550000,2.550000,2.550000,2.549900,2.549700,2.548800,2.546100,2.539000,2.521700,2.484600,2.413300,2.290000,2.095800,1.812500
2.550000,2.550000,2.550000,2.550000,2.550000,2.550000,2.550000,2.550000,2.550000,2.550000,2.549900,2.549700,2.548800,2.546100,2.538900,2.521600,2.484400,2.413100,2.289700,2.095300,1.812100
2.550000,2.550000,2.550000,2.550000,2.550000,2.550000,2.550000,2.550000,2.550000,2.550000,2.549900,2.549700,2.548800,2.546100,2.538900,2.521500,2.484200,2.412800,2.289300,2.094900,1.811700
2.550000,2.550000,2.550000,2.550000,2.550000,2.550000,2.550000,2.550000,2.550000,2.550000,2.549900,2.549700,2.548800,2.546100,2.538800,2.521400,2.484000,2.412500,2.289000,2.094500,1.811300
2.550000,2.550000,2.550000,2.550000,2.550000,2.550000,2.550000,2.550000,2.550000,2.550000,2.549900,2.549700,2.548800,2.546100,2.538800,2.521200,2.483800,2.412200,2.288600,2.094100,1.810900
2.550000,2.550000,2.550000,2.550000,2.550000,2.550000,2.550000,2.550000,2.550000,2.550000,2.549900,2.549700,2.548800,2.546000,2.538700,2.521100,2.483700,2.412000,2.288300,2.093700,1.810500
2.550000,2.550000,2.550000,2.550000,2.550000,2.550000,2.550000,2.550000,2.550000,2.550000,2.549900,2.549600,2.548700,2.546000,2.538600,2.521000,2.483500,2.411700,2.287900,2.093300,1.810100
2.550000,2.550000,2.550000,2.550000,2.550000,2.550000,2.550000,2.550000,2.550000,2.550000,2.549900,2.549600,2.548700,2.546000,2.538600,2.520900,2.483300,2.411400,2.287500,2.092900,1.809700
2.550000,2.550000,2.550000,2.550000,2.550000,2.550000,2.550000,2.550000,2.550000,2.550000,2.549900,2.549600,2.548700,2.546000,2.538500,2.520800,2.483100,2.411200,2.287200,2.092500,1.809300
2.550000,2.550000,2.550000,2.550000,2.550000,2.550000,2.550000,2.550000,2.550000,2.550000,2.549900,2.549600,2.548700,2.545900,2.538500,2.520700,2.482900,2.410900,2.286800,2.092100,1.808900
2.550000,2.550000,2.550000,2.550000,2.550000,2.550000,2.550000,2.550000,2.550000,2.550000,2.549900,2.549600,2.548700,2.545900,2.538400,2.520600,2.482800,2.410600,2.286500,2.091700,1.808500
2.550000,2.550000,2.550000,2.550000,2.550000,2.550000,2.550000,2.550000,2.550000,2.550000,2.549900,2.549600,2.548700,2.545900,2.538400,2.520500,2.482600,2.410300,2.286100,2.091200,1.808100
2.550000,2.550000,2.550000,2.550000,2.550000,2.550000,2.550000,2.550000,2.550000,2.550000,2.549900,2.549600,2.548700,2.545900,2.538300,2.520400,2.482400,2.410100,2.285800,2.090800,1.807700
2.550000,2.550000,2.550000,2.550000,2.550000,2.550000,2.550000,2.550000,2.550000,2.550000,2.549900,2.549600,2.548700,2.545800,2.538300,2.520300,2.482200,2.409800,2.285400,2.090400,1.807300
2.550000,2.550000,2.550000,2.550000,2.550000,2.550000,2.550000,2.550000,2.550000,2.550000,2.549900,2.549600,2.548700,2.545800,2.538200,2.520200,2.482000,2.409500,2.285000,2.090000,1.806900
2.550000,2.550000,2.550000,2.550000,2.550000,2.550000,2.550000,2.550000,2.550000,2.550000,2.549900,2.549600,2.548700,2.545800,2.538200,2.520100,2.481900,2.409300,2.284700,2.089600,1.806500
2.550000,2.550000,2.550000,2.550000,2.550000,2.550000,2.550000,2.550000,2.550000,2.550000,2.549900,2.549600,2.548700,2.545800,2.538100,2.520000,2.481700,2.409000,2.284300,2.089200,1.806100
2.550000,2.550000,2.550000,2.550000,2.550000,2.550000,2.550000,2.550000,2.550000,2.550000,2.549900,2.549600,2.548600,2.545700,2.538100,2.519900,2.481500,2.408700,2.284000,2.088800,1.805700
2.550000,2.550000,2.550000,2.550000,2.550000,2.550000,2.550000,2.550000,2.550000,2.550000,2.549900,2.549600,2.548600,2.545700,2.538000,2.519800,2.481300,2.408400,2.283600,2.088400,1.805300
2.550000,2.550000,2.550000,2.550000,2.550000,2.550000,2.550000,2.550000,2.550000,2.550000,2.549900,2.549600,2.548600,2.545700,2.538000,2.519700,2.481100,2.408200,2.283300,2.088000,1.804900
2.550000,2.550000,2.550000,2.550000,2.550000,2.550000,2.550000,2.550000,2.550000,2.550000,2.549900,2.549600,2.548600,2.545700,2.537900,2.519600,2.481000,2.407900,2.282900,2.087600,1.804500
2.550000,2.550000,2.550000,2.550000,2.550000,2.550000,2.550000,2.550000,2.550000,2.550000,2.549900,2.549600,2.548600,2.545600,2.537800,2.519500,2.480800,2.407600,2.282500,2.087200,1.804100
2.550000,2.550000,2.550000,2.550000,2.550000,2.550000,2.550000,2.550000,2.550000,2.550000,2.549900,2.549600,2.548600,2.545600,2.537800,2.519400,2.480600,2.407400,2.282200,2.086800,1.803700
2.550000,2.550000,2.550000,2.550000,2.550000,2.550000,2.550000,2.550000,2.550000,2.550000,2.549900,2.549600,2.548600,2.545600,2.537700,2.519200,2.480400,2.407100,2.281800,2.086400,1.803300
2.550000,2.550000,2.550000,2.550000,2.550000,2.550000,2.550000,2.550000,2.550000,2.550000,2.549900,2.549600,2.548600,2.545600,2.537700,2.519100,2.480200,2.406800,2.281500,2.086000,1.802900
2.550000,2.550000,2.550000,2.550000,2.550000,2.550000,2.550000,2.550000,2.550000,2.550000,2.549900,2.549600,2.548600,2.545500,2.537600,2.519000,2.480000,2.406500,2.281100,2.085600,1.802500
2.550000,2.550000,2.550000,2.550000,2.550000,2.550000,2.550000,2.550000,2.550000,2.550000,2.549900,2.549600,2.548600,2.545500,2.537600,2.518900,2.479900,2.406300,2.280800,2.085200,1.802100
2.550000,2.550000,2.550000,2.550000,2.550000,2.550000,2.550000,2.550000,2.550000,2.550000,2.549900,2.549600,2.548500,2.545500,2.537500,2.518800,2.479700,2.406000,2.280400,2.084800,1.801700
2.550000,2.550000,2.550000,2.550000,2.550000,2.550000,2.550000,2.550000,2.550000,2.550000,2.549900,2.549600,2.548500,2.545500,2.537500,2.518700,2.479500,2.405700,2.280100,2.084400,1.801300
2.550000,2.550000,2.550000,2.550000,2.550000,2.550000,2.550000,2.550000,2.550000,2.550000,2.549900,2.549600,2.548500,2.545400,2.537400,2.518600,2.479300,2.405500,2.279700,2.083900,1.800900
2.550000,2.550000,2.550000,2.550000,2.550000,2.550000,2.550000,2.550000,2.550000,2.550000,2.549900,2.549600,2.548500,2.545400,2.537300,2.518500,2.479100,2.405200,2.279400,2.083500,1.800500
2.550000,2.550000,2.550000,2.550000,2.550000,2.550000,2.550000,2.550000,2.550000,2.550000,2.549900,2.549600,2.548500,2.545400,2.537300,2.518400,2.479000,2.404900,2.279000,2.083100,1.800100
2.550000,2.550000,2.550000,2.550000,2.550000,2.550000,2.550000,2.550000,2.550000,2.550000,2.549900,2.549600,2.548500,2.545400,2.537200,2.518300,2.478800,2.404600,2.278700,2.082700,1.799800
2.550000,2.550000,2.550000,2.550000,2.550000,2.550000,2.550000,2.550000,2.550000,2.550000,2.549900,2.549600,2.548500,2.545300,2.537200,2.518200,2.478600,2.404400,2.278300,2.082300,1.799400
2.550000,2.550000,2.550000,2.550000,2.550000,2.550000,2.550000,2.550000,2.550000,2.550000,2.549900,2.549600,2.548500,2.545300,2.537100,2.518100,2.478400,2.404100,2.277900,2.081900,1.799000
2.550000,2.550000,2.550000,2.550000,2.550000,2.550000,2.550000,2.550000,2.550000,2.550000,2.549900,2.549500,2.548500,2.545300,2.537100,2.518000,2.478200,2.403800,2.277600,2.081500,1.798600
2.550000,2.550000,2.550000,2.550000,2.550000,2.550000,2.550000,2.550000,2.550000,2.550000,2.549900,2.549500,2.548500,2.545300,2.537000,2.517900,2.478000,2.403600,2.277200,2.081100,1.798200
2.550000,2.550000,2.550000,2.550000,2.550000,2.550000,2.550000,2.550000,2.550000,2.550000,2.549900,2.549500,2.548400,2.545200,2.537000,2.517700,2.477900,2.403300,2.276900,2.080700,1.797800
2.550000,2.550000,2.550000,2.550000,2.550000,2.550000,2.550000,2.550000,2.550000,2.550000,2.549900,2.549500,2.548400,2.545200,2.536900,2.517600,2.477700,2.403000,2.276500,2.080300,1.797400
2.550000,2.550000,2.550000,2.550000,2.550000,2.550000,2.550000,2.550000,2.550000,2.550000,2.549900,2.549500,2.548400,2.545200,2.536800,2.517500,2.477500,2.402700,2.276200,2.079900,1.797000
2.550000,2.550000,2.550000,2.550000,2.550000,2.550000,2.550000,2.550000,2.550000,2.550000,2.549900,2.549500,2.548400,2.545200,2.536800,2.517400,2.477300,2.402500,2.275800,2.079500,1.796600
2.550000,2.550000,2.550000,2.550000,2.550000,2.550000,2.550000,2.550000,2.550000,2.550000,2.549900,2.549500,2.548400,2.545100,2.536700,2.517300,2.477100,2.402200,2.275500,2.079100,1.796200
2.550000,2.550000,2.550000,2.550000,2.550000,2.550000,2.550000,2.550000,2.550000,2.550000,2.549900,2.549500,2.548400,2.545100,2.536700,2.517200,2.476900,2.401900,2.275100,2.078700,1.795800
2.550000,2.550000,2.550000,2.550000,2.550000,2.550000,2.550000,2.550000,2.550000,2.550000,2.549900,2.549500,2.548400,2.545100,2.536600,2.517100,2.476800,2.401700,2.274800,2.078300,1.795400
2.550000,2.550000,2.550000,2.550000,2.550000,2.550000,2.550000,2.550000,2.550000,2.550000,2.549900,2.549500,2.548400,2.545100,2.536600,2.517000,2.476600,2.401400,2.274400,2.077900,1.795100
2.550000,2.550000,2.550000,2.550000,2.550000,2.550000,2.550000,2.550000,2.550000,2.550000,2.549900,2.549500,2.548400,2.545000,2.536500,2.516900,2.476400,2.401100,2.274100,2.077600,1.794700
2.550000,2.550000,2.550000,2.550000,2.550000,2.550000,2.550000,2.550000,2.550000,2.550000,2.549900,2.549500,2.548300,2.545000,2.536400,2.516800,2.476200,2.400800,2.273700,2.077200,1.794300
2.550000,2.550000,2.550000,2.550000,2.550000,2.550000,2.550000,2.550000,2.550000,2.550000,2.549900,2.549500,2.548300,2.545000,2.536400,2.516700,2.476000,2.400600,2.273400,2.076800,1.793900
2.550000,2.550000,2.550000,2.550000,2.550000,2.550000,2.550000,2.550000,2.550000,2.550000,2.549900,2.549500,2.548300,2.545000,2.536300,2.516500,2.475800,2.400300,2.273000,2.076400,1.793500
2.550000,2.550000,2.550000,2.550000,2.550000,2.550000,2.550000,2.550000,2.550000,2.550000,2.549900,2.549500,2.548300,2.544900,2.536300,2.516400,2.475700,2.400000,2.272700,2.076000,1.793100
2.550000,2.550000,2.550000,2.550000,2.550000,2.550000,2.550000,2.550000,2.550000,2.550000,2.549900,2.549500,2.548300,2.544900,2.536200,2.516300,2.475500,2.399800,2.272300,2.075600,1.792700
2.550000,2.550000,2.550000,2.550000,2.550000,2.550000,2.550000,2.550000,2.550000,2.550000,2.549900,2.549500,2.548300,2.544900,2.536200,2.516200,2.475300,2.399500,2.272000,2.075200,1.792300
2.550000,2.550000,2.550000,2.550000,2.550000,2.550000,2.550000,2.550000,2.550000,2.550000,2.549900,2.549500,2.548300,2.544800,2.536100,2.516100,2.475100,2.399200,2.271600,2.074800,1.791900
2.550000,2.550000,2.550000,2.550000,2.550000,2.550000,2.550000,2.550000,2.550000,2.550000,2.549900,2.549500,2.548300,2.544800,2.536000,2.516000,2.474900,2.399000,2.271300,2.074400,1.791600
2.550000,2.550000,2.550000,2.550000,2.550000,2.550000,2.550000,2.550000,2.550000,2.550000,2.549900,2.549500,2.548300,2.544800,2.536000,2.515900,2.474700,2.398700,2.270900,2.074000,1.791200
2.550000,2.550000,2.550000,2.550000,2.550000,2.550000,2.550000,2.550000,2.550000,2.550000,2.549900,2.549500,2.548200,2.544800,2.535900,2.515800,2.474600,2.398400,2.270600,2.073600,1.790800
2.550000,2.550000,2.550000,2.550000,2.550000,2.550000,2.550000,2.550000,2.550000,2.550000,2.549900,2.549500,2.548200,2.544700,2.535900,2.515700,2.474400,2.398100,2.270200,2.073200,1.790400
2.550000,2.550000,2.550000,2.550000,2.550000,2.550000,2.550000,2.550000,2.550000,2.550000,2.549900,2.549500,2.548200,2.544700,2.535800,2.515500,2.474200,2.397900,2.269900,2.072800,1.790000
2.550000,2.550000,2.550000,2.550000,2.550000,2.550000,2.550000,2.550000,2.550000,2.550000,2.549900,2.549500,2.548200,2.544700,2.535700,2.515400,2.474000,2.397600,2.269500,2.072400,1.789600
2.550000,2.550000,2.550000,2.550000,2.550000,2.550000,2.550000,2.550000,2.550000,2.550000,2.549900,2.549500,2.548200,2.544700,2.535700,2.515300,2.473800,2.397300,2.269200,2.072000,1.789200
2.550000,2.550000,2.550000,2.550000,2.550000,2.550000,2.550000,2.550000,2.550000,2.550000,2.549800,2.549500,2.548200,2.544600,2.535600,2.515200,2.473600,2.397100,2.268800,2.071600,1.788900
2.550000,2.550000,2.550000,2.550000,2.550000,2.550000,2.550000,2.550000,2.550000,2.550000,2.549800,2.549400,2.548200,2.544600,2.535600,2.515100,2.473400,2.396800,2.268500,2.071200,1.788500
2.550000,2.550000,2.550000,2.550000,2.550000,2.550000,2.550000,2.550000,2.550000,2.550000,2.549800,2.549400,2.548200,2.544600,2.535500,2.515000,2.473300,2.396500,2.268100,2.070800,1.788100
2.550000,2.550000,2.550000,2.550000,2.550000,2.550000,2.550000,2.550000,2.550000,2.550000,2.549800,2.549400,2.548200,2.544500,2.535400,2.514900,2.473100,2.396300,2.267800,2.070400,1.787700
2.550000,2.550000,2.550000,2.550000,2.550000,2.550000,2.550000,2.550000,2.550000,2.550000,2.549800,2.549400,2.548100,2.544500,2.535400,2.514800,2.472900,2.396000,2.267500,2.070100,1.787300
2.550000,2.550000,2.550000,2.550000,2.550000,2.550000,2.550000,2.550000,2.550000,2.550000,2.549800,2.549400,2.548100,2.544500,2.535300,2.514700,2.472700,2.395700,2.267100,2.069700,1.786900
2.550000,2.550000,2.550000,2.550000,2.550000,2.550000,2.550000,2.550000,2.550000,2.550000,2.549800,2.549400,2.548100,2.544500,2.535300,2.514500,2.472500,2.395400,2.266800,2.069300,1.786600
2.550000,2.550000,2.550000,2.550000,2.550000,2.550000,2.550000,2.550000,2.550000,2.550000,2.549800,2.549400,2.548100,2.544400,2.535200,2.514400,2.472300,2.395200,2.266400,2.068900,1.786200
2.550000,2.550000,2.550000,2.550000,2.550000,2.550000,2.550000,2.550000,2.550000,2.550000,2.549800,2.549400,2.548100,2.544400,2.535100,2.514300,2.472200,2.394900,2.266100,2.068500,1.785800
2.550000,2.550000,2.550000,2.550000,2.550000,2.550000,2.550000,2.550000,2.550000,2.550000,2.549800,2.549400,2.548100,2.544400,2.535100,2.514200,2.472000,2.394600,2.265700,2.068100,1.785400
2.550000,2.550000,2.550000,2.550000,2.550000,2.550000,2.550000,2.550000,2.550000,2.550000,2.549800,2.549400,2.548100,2.544300,2.535000,2.514100,2.471800,2.394400,2.265400,2.067700,1.785000
2.550000,2.550000,2.550000,2.550000,2.550000,2.550000,2.550000,2.550000,2.550000,2.550000,2.549800,2.549400,2.548100,2.544300,2.535000,2.514000,2.471600,2.394100,2.265000,2.067300,1.784700
2.550000,2.550000,2.550000,2.550000,2.550000,2.550000,2.550000,2.550000,2.550000,2.550000,2.549800,2.549400,2.548000,2.544300,2.534900,2.513900,2.471400,2.393800,2.264700,2.066900,1.784300
2.550000,2.550000,2.550000,2.550000,2.550000,2.550000,2.550000,2.550000,2.550000,2.550000,2.549800,2.549400,2.548000,2.544300,2.534800,2.513800,2.471200,2.393600,2.264300,2.066500,1.783900
2.550000,2.550000,2.550000,2.550000,2.550000,2.550000,2.550000,2.550000,2.550000,2.550000,2.549800,2.549400,2.548000,2.544200,2.534800,2.513600,2.471000,2.393300,2.264000,2.066200,1.783500
2.550000,2.550000,2.550000,2.550000,2.550000,2.550000,2.550000,2.550000,2.550000,2.550000,2.549800,2.549400,2.548000,2.544200,2.534700,2.513500,2.470900,2.393000,2.263600,2.065800,1.783100
2.550000,2.550000,2.550000,2.550000,2.550000,2.550000,2.550000,2.550000,2.550000,2.550000,2.549800,2.549400,2.548000,2.544200,2.534700,2.513400,2.470700,2.392700,2.263300,2.065400,1.782800
2.550000,2.550000,2.550000,2.550000,2.550000,2.550000,2.550000,2.550000,2.550000,2.550000,2.549800,2.549400,2.548000,2.544100,2.534600,2.513300,2.470500,2.392500,2.263000,2.065000,1.782400
2.550000,2.550000,2.550000,2.550000,2.550000,2.550000,2.550000,2.550000,2.550000,2.550000,2.549800,2.549400,2.548000,2.544100,2.534500,2.513200,2.470300,2.392200,2.262600,2.064600,1.782000
2.550000,2.550000,2.550000,2.550000,2.550000,2.550000,2.550000,2.550000,2.550000,2.550000,2.549800,2.549400,2.548000,2.544100,2.534500,2.513100,2.470100,2.391900,2.262300,2.064200,1.781600
2.550000,2.550000,2.550000,2.550000,2.550000,2.550000,2.550000,2.550000,2.550000,2.550000,2.549800,2.549400,2.547900,2.544100,2.534400,2.513000,2.469900,2.391700,2.261900,2.063800,1.781200
2.550000,2.550000,2.550000,2.550000,2.550000,2.550000,2.550000,2.550000,2.550000,2.550000,2.549800,2.549400,2.547900,2.544000,2.534400,2.512900,2.469700,2.391400,2.261600,2.063400,1.780900
2.550000,2.550000,2.550000,2.550000,2.550000,2.550000,2.550000,2.550000,2.550000,2.550000,2.549800,2.549400,2.547900,2.544000,2.534300,2.512700,2.469600,2.391100,2.261200,2.063100,1.780500
2.550000,2.550000,2.550000,2.550000,2.550000,2.550000,2.550000,2.550000,2.550000,2.550000,2.549800,2.549300,2.547900,2.544000,2.534200,2.512600,2.469400,2.390900,2.260900,2.062700,1.780100
2.550000,2.550000,2.550000,2.550000,2.550000,2.550000,2.550000,2.550000,2.550000,2.550000,2.549800,2.549300,2.547900,2.543900,2.534200,2.512500,2.469200,2.390600,2.260500,2.062300,1.779700
2.550000,2.550000,2.550000,2.550000,2.550000,2.550000,2.550000,2.550000,2.550000,2.550000,2.549800,2.549300,2.547900,2.543900,2.534100,2.512400,2.469000,2.390300,2.260200,2.061900,1.779400
2.550000,2.550000,2.550000,2.550000,2.550000,2.550000,2.550000,2.550000,2.550000,2.550000,2.549800,2.549300,2.547900,2.543900,2.534000,2.512300,2.468800,2.390100,2.259900,2.061500,1.779000
2.550000,2.550000,2.550000,2.550000,2.550000,2.550000,2.550000,2.550000,2.550000,2.550000,2.549800,2.549300,2.547900,2.543800,2.534000,2.512200,2.468600,2.389800,2.259500,2.061100,1.778600
2.550000,2.550000,2.550000,2.550000,2.550000,2.550000,2.550000,2.550000,2.550000,2.550000,2.549800,2.549300,2.547800,2.543800,2.533900,2.512100,2.468400,2.389500,2.259200,2.060700,1.778200
2.550000,2.550000,2.550000,2.550000,2.550000,2.550000,2.550000,2.550000,2.550000,2.550000,2.549800,2.549300,2.547800,2.543800,2.533900,2.511900,2.468200,2.389300,2.258800,2.060400,1.777900
2.550000,2.550000,2.550000,2.550000,2.550000,2.550000,2.550000,2.550000,2.550000,2.549900,2.549800,2.549300,2.547800,2.543800,2.533800,2.511800,2.468100,2.389000,2.258500,2.060000,1.777500
2.550000,2.550000,2.550000,2.550000,2.550000,2.550000,2.550000,2.550000,2.550000,2.549900,2.549800,2.549300,2.547800,2.543700,2.533700,2.511700,2.467900,2.388700,2.258100,2.059600,1.777100
2.550000,2.550000,2.550000,2.550000,2.550000,2.550000,2.550000,2.550000,2.550000,2.549900,2.549800,2.549300,2.547800,2.543700,2.533700,2.511600,2.467700,2.388400,2.257800,2.059200,1.776700
2.550000,2.550000,2.550000,2.550000,2.550000,2.550000,2.550000,2.550000,2.550000,2.549900,2.549800,2.549300,2.547800,2.543700,2.533600,2.511500,2.467500,2.388200,2.257500,2.058800,1.776400
2.550000,2.550000,2.550000,2.550000,2.550000,2.550000,2.550000,2.550000,2.550000,2.549900,2.549800,2.549300,2.547800,2.543600,2.533500,2.511400,2.467300,2.387900,2.257100,2.058400,1.776000
2.550000,2.550000,2.550000,2.550000,2.550000,2.550000,2.550000,2.550000,2.550000,2.549900,2.549800,2.549300,2.547800,2.543600,2.533500,2.511200,2.467100,2.387600,2.256800,2.058100,1.775600
2.550000,2.550000,2.550000,2.550000,2.550000,2.550000,2.550000,2.550000,2.550000,2.549900,2.549800,2.549300,2.547700,2.543600,2.533400,2.511100,2.466900,2.387400,2.256400,2.057700,1.775200
2.550000,2.550000,2.550000,2.550000,2.550000,2.550000,2.550000,2.550000,2.550000,2.549900,2.549800,2.549300,2.547700,2.543500,2.533400,2.511000,2.466700,2.387100,2.256100,2.057300,1.774900
2.550000,2.550000,2.550000,2.550000,2.550000,2.550000,2.550000,2.550000,2.550000,2.549900,2.549800,2.549300,2.547700,2.543500,2.533300,2.510900,2.466600,2.386800,2.255800,2.056900,1.774500
2.550000,2.550000,2.550000,2.550000,2.550000,2.550000,2.550000,2.550000,2.550000,2.549900,2.549800,2.549300,2.547700,2.543500,2.533200,2.510800,2.466400,2.386600,2.255400,2.056500,1.774100
2.550000,2.550000,2.550000,2.550000,2.550000,2.550000,2.550000,2.550000,2.550000,2.549900,2.549800,2.549300,2.547700,2.543400,2.533200,2.510700,2.466200,2.386300,2.255100,2.056200,1.773800
2.550000,2.550000,2.550000,2.550000,2.550000,2.550000,2.550000,2.550000,2.550000,2.549900,2.549800,2.549300,2.547700,2.543400,2.533100,2.510500,2.466000,2.386000,2.254700,2.055800,1.773400
2.550000,2.550000,2.550000,2.550000,2.550000,2.550000,2.550000,2.550000,2.550000,2.549900,2.549800,2.549300,2.547700,2.543400,2.533000,2.510400,2.465800,2.385800,2.254400,2.055400,1.773000
2.550000,2.550000,2.550000,2.550000,2.550000,2.550000,2.550000,2.550000,2.550000,2.549900,2.549800,2.549200,2.547600,2.543400,2.533000,2.510300,2.465600,2.385500,2.254100,2.055000,1.772600
2.550000,2.550000,2.550000,2.550000,2.550000,2.550000,2.550000,2.550000,2.550000,2.549900,2.549800,2.549200,2.547600,2.543300,2.532900,2.510200,2.465400,2.385200,2.253700,2.054600,1.772300
2.550000,2.550000,2.550000,2.550000,2.550000,2.550000,2.550000,2.550000,2.550000,2.549900,2.549800,2.549200,2.547600,2.543300,2.532800,2.510100,2.465200,2.385000,2.253400,2.054300,1.771900
2.550000,2.550000,2.550000,2.550000,2.550000,2.550000,2.550000,2.550000,2.550000,2.549900,2.549800,2.549200,2.547600,2.543300,2.532800,2.510000,2.465100,2.384700,2.253000,2.053900,1.771500
2.550000,2.550000,2.550000,2.550000,2.550000,2.550000,2.550000,2.550000,2.550000,2.549900,2.549800,2.549200,2.547600,2.543200,2.532700,2.509900,2.464900,2.384400,2.252700,2.053500,1.771200
2.550000,2.550000,2.550000,2.550000,2.550000,2.550000,2.550000,2.550000,2.550000,2.549900,2.549800,2.549200,2.547600,2.543200,2.532600,2.509700,2.464700,2.384100,2.252400,2.053100,1.770800
2.550000,2.550000,2.550000,2.550000,2.550000,2.550000,2.550000,2.550000,2.550000,2.549900,2.549800,2.549200,2.547600,2.543200,2.532600,2.509600,2.464500,2.383900,2.252000,2.052700,1.770400
2.550000,2.550000,2.550000,2.550000,2.550000,2.550000,2.550000,2.550000,2.550000,2.549900,2.549800,2.549200,2.547600,2.543100,2.532500,2.509500,2.464300,2.383600,2.251700,2.052400,1.770100
2.550000,2.550000,2.550000,2.550000,2.550000,2.550000,2.550000,2.550000,2.550000,2.549900,2.549800,2.549200,2.547500,2.543100,2.532500,2.509400,2.464100,2.383300,2.251300,2.052000,1.769700
2.550000,2.550000,2.550000,2.550000,2.550000,2.550000,2.550000,2.550000,2.550000,2.549900,2.549800,2.549200,2.547500,2.543100,2.532400,2.509300,2.463900,2.383100,2.251000,2.051600,1.769300
2.550000,2.550000,2.550000,2.550000,2.550000,2.550000,2.550000,2.550000,2.550000,2.549900,2.549800,2.549200,2.547500,2.543000,2.532300,2.509100,2.463700,2.382800,2.250700,2.051200,1.768900
2.550000,2.550000,2.550000,2.550000,2.550000,2.550000,2.550000,2.550000,2.550000,2.549900,2.549800,2.549200,2.547500,2.543000,2.532300,2.509000,2.463600,2.382500,2.250300,2.050900,1.768600
2.550000,2.550000,2.550000,2.550000,2.550000,2.550000,2.550000,2.550000,2.550000,2.549900,2.549800,2.549200,2.547500,2.543000,2.532200,2.508900,2.463400,2.382300,2.250000,2.050500,1.768200
2.550000,2.550000,2.550000,2.550000,2.550000,2.550000,2.550000,2.550000,2.550000,2.549900,2.549800,2.549200,2.547500,2.542900,2.532100,2.508800,2.463200,2.382000,2.249700,2.050100,1.767800
2.550000,2.550000,2.550000,2.550000,2.550000,2.550000,2.550000,2.550000,2.550000,2.549900,2.549800,2.549200,2.547500,2.542900,2.532100,2.508700,2.463000,2.381700,2.249300,2.049700,1.767500
2.550000,2.550000,2.550000,2.550000,2.550000,2.550000,2.550000,2.550000,2.550000,2.549900,2.549800,2.549200,2.547400,2.542900,2.532000,2.508600,2.462800,2.381500,2.249000,2.049300,1.767100
2.550000,2.550000,2.550000,2.550000,2.550000,2.550000,2.550000,2.550000,2.550000,2.549900,2.549800,2.549200,2.547400,2.542800,2.531900,2.508400,2.462600,2.381200,2.248600,2.049000,1.766700
2.550000,2.550000,2.550000,2.550000,2.550000,2.550000,2.550000,2.550000,2.550000,2.549900,2.549700,2.549200,2.547400,2.542800,2.531900,2.508300,2.462400,2.380900,2.248300,2.048600,1.766400
2.550000,2.550000,2.550000,2.550000,2.550000,2.550000,2.550000,2.550000,2.550000,2.549900,2.549700,2.549100,2.547400,2.542800,2.531800,2.508200,2.462200,2.380700,2.248000,2.048200,1.766000
2.550000,2.550000,2.550000,2.550000,2.550000,2.550000,2.550000,2.550000,2.550000,2.549900,2.549700,2.549100,2.547400,2.542700,2.531700,2.508100,2.462000,2.380400,2.247600,2.047800,1.765700
2.550000,2.550000,2.550000,2.550000,2.550000,2.550000,2.550000,2.550000,2.550000,2.549900,2.549700,2.549100,2.547400,2.542700,2.531700,2.508000,2.461900,2.380100,2.247300,2.047500,1.765300
2.550000,2.550000,2.550000,2.550000,2.550000,2.550000,2.550000,2.550000,2.550000,2.549900,2.549700,2.549100,2.547300,2.542700,2.531600,2.507800,2.461700,2.379900,2.247000,2.047100,1.764900
2.550000,2.550000,2.550000,2.550000,2.550000,2.550000,2.550000,2.550000,2.550000,2.549900,2.549700,2.549100,2.547300,2.542600,2.531500,2.507700,2.461500,2.379600,2.246600,2.046700,1.764600
2.550000,2.550000,2.550000,2.550000,2.550000,2.550000,2.550000,2.550000,2.550000,2.549900,2.549700,2.549100,2.547300,2.542600,2.531500,2.507600,2.461300,2.379300,2.246300,2.046300,1.764200
2.550000,2.550000,2.550000,2.550000,2.550000,2.550000,2.550000,2.550000,2.550000,2.549900,2.549700,2.549100,2.547300,2.542600,2.531400,2.507500,2.461100,2.379100,2.245900,2.046000,1.763800
2.550000,2.550000,2.550000,2.550000,2.550000,2.550000,2.550000,2.550000,2.550000,2.549900,2.549700,2.549100,2.547300,2.542500,2.531300,2.507400,2.460900,2.378800,2.245600,2.045600,1.763500
2.550000,2.550000,2.550000,2.550000,2.550000,2.550000,2.550000,2.550000,2.550000,2.549900,2.549700,2.549100,2.547300,2.542500,2.531300,2.507300,2.460700,2.378500,2.245300,2.045200,1.763100
2.550000,2.550000,2.550000,2.550000,2.550000,2.550000,2.550000,2.550000,2.550000,2.549900,2.549700,2.549100,2.547300,2.542500,2.531200,2.507100,2.460500,2.378300,2.244900,2.044900,1.762700
2.550000,2.550000,2.550000,2.550000,2.550000,2.550000,2.550000,2.550000,2.550000,2.549900,2.549700,2.549100,2.547200,2.542400,2.531100,2.507000,2.460300,2.378000,2.244600,2.044500,1.762400
2.550000,2.550000,2.550000,2.550000,2.550000,2.550000,2.550000,2.550000,2.550000,2.549900,2.549700,2.549100,2.547200,2.542400,2.531100,2.506900,2.460200,2.377700,2.244300,2.044100,1.762000
2.550000,2.550000,2.550000,2.550000,2.550000,2.550000,2.550000,2.550000,2.550000,2.549900,2.549700,2.549100,2.547200,2.542400,2.531000,2.506800,2.460000,2.377500,2.243900,2.043700,1.761700
2.550000,2.550000,2.550000,2.550000,2.550000,2.550000,2.550000,2.550000,2.550000,2.549900,2.549700,2.549100,2.547200,2.542300,2.530900,2.506700,2.459800,2.377200,2.243600,2.043400,1.761300
2.550000,2.550000,2.550000,2.550000,2.550000,2.550000,2.550000,2.550000,2.550000,2.549900,2.549700,2.549100,2.547200,2.542300,2.530900,2.506500,2.459600,2.376900,2.243300,2.043000,1.760900
2.550000,2.550000,2.550000,2.550000,2.550000,2.550000,2.550000,2.550000,2.550000,2.549900,2.549700,2.549100,2.547200,2.542300,2.530800,2.506400,2.459400,2.376700,2.242900,2.042600,1.760600
2.550000,2.550000,2.550000,2.550000,2.550000,2.550000,2.550000,2.550000,2.550000,2.549900,2.549700,2.549100,2.547200,2.542200,2.530700,2.506300,2.459200,2.376400,2.242600,2.042300,1.760200
2.550000,2.550000,2.550000,2.550000,2.550000,2.550000,2.550000,2.550000,2.550000,2.549900,2.549700,2.549000,2.547100,2.542200,2.530700,2.506200,2.459000,2.376100,2.242300,2.041900,1.759900
2.550000,2.550000,2.550000,2.550000,2.550000,2.550000,2.550000,2.550000,2.550000,2.549900,2.549700,2.549000,2.547100,2.542200,2.530600,2.506100,2.458800,2.375900,2.241900,2.041500,1.759500
2.550000,2.550000,2.550000,2.550000,2.550000,2.550000,2.550000,2.550000,2.550000,2.549900,2.549700,2.549000,2.547100,2.542100,2.530500,2.505900,2.458600,2.375600,2.241600,2.041100,1.759100
2.550000,2.550000,2.550000,2.550000,2.550000,2.550000,2.550000,2.550000,2.550000,2.549900,2.549700,2.549000,2.547100,2.542100,2.530500,2.505800,2.458500,2.375300,2.241300,2.040800,1.758800
2.550000,2.550000,2.550000,2.550000,2.550000,2.550000,2.550000,2.550000,2.550000,2.549900,2.549700,2.549000,2.547100,2.542100,2.530400,2.505700,2.458300,2.375100,2.240900,2.040400,1.758400
2.550000,2.550000,2.550000,2.550000,2.550000,2.550000,2.550000,2.550000,2.550000,2.549900,2.549700,2.549000,2.547100,2.542000,2.530300,2.505600,2.458100,2.374800,2.240600,2.040000,1.758100
2.550000,2.550000,2.550000,2.550000,2.550000,2.550000,2.550000,2.550000,2.550000,2.549900,2.549700,2.549000,2.547000,2.542000,2.530200,2.505500,2.457900,2.374500,2.240300,2.039700,1.757700
2.550000,2.550000,2.550000,2.550000,2.550000,2.550000,2.550000,2.550000,2.550000,2.549900,2.549700,2.549000,2.547000,2.542000,2.530200,2.505300,2.457700,2.374300,2.239900,2.039300,1.757300
2.550000,2.550000,2.550000,2.550000,2.550000,2.550000,2.550000,2.550000,2.550000,2.549900,2.549700,2.549000,2.547000,2.541900,2.530100,2.505200,2.457500,2.374000,2.239600,2.038900,1.757000
2.550000,2.550000,2.550000,2.550000,2.550000,2.550000,2.550000,2.550000,2.550000,2.549900,2.549700,2.549000,2.547000,2.541900,2.530000,2.505100,2.457300,2.373700,2.239300,2.038600,1.756600
2.550000,2.550000,2.550000,2.550000,2.550000,2.550000,2.550000,2.550000,2.550000,2.549900,2.549700,2.549000,2.547000,2.541900,2.530000,2.505000,2.457100,2.373500,2.238900,2.038200,1.756300
2.550000,2.550000,2.550000,2.550000,2.550000,2.550000,2.550000,2.550000,2.550000,2.549900,2.549700,2.549000,2.547000,2.541800,2.529900,2.504800,2.456900,2.373200,2.238600,2.037800,1.755900
2.550000,2.550000,2.550000,2.550000,2.550000,2.550000,2.550000,2.550000,2.550000,2.549900,2.549700,2.549000,2.546900,2.541800,2.529800,2.504700,2.456700,2.372900,2.238300,2.037500,1.755500
2.550000,2.550000,2.550000,2.550000,2.550000,2.550000,2.550000,2.550000,2.550000,2.549900,2.549700,2.549000,2.546900,2.541700,2.529800,2.504600,2.456600,2.372700,2.237900,2.037100,1.755200
2.550000,2.550000,2.550000,2.550000,2.550000,2.550000,2.550000,2.550000,2.550000,2.549900,2.549700,2.549000,2.546900,2.541700,2.529700,2.504500,2.456400,2.372400,2.237600,2.036700,1.754800
2.550000,2.550000,2.550000,2.550000,2.550000,2.550000,2.550000,2.550000,2.550000,2.549900,2.549700,2.548900,2.546900,2.541700,2.529600,2.504400,2.456200,2.372100,2.237300,2.036400,1.754500
2.550000,2.550000,2.550000,2.550000,2.550000,2.550000,2.550000,2.550000,2.550000,2.549900,2.549700,2.548900,2.546900,2.541600,2.529600,2.504200,2.456000,2.371900,2.236900,2.036000,1.754100
2.550000,2.550000,2.550000,2.550000,2.550000,2.550000,2.550000,2.550000,2.550000,2.549900,2.549700,2.548900,2.546900,2.541600,2.529500,2.504100,2.455800,2.371600,2.236600,2.035600,1.753800
2.550000,2.550000,2.550000,2.550000,2.550000,2.550000,2.550000,2.550000,2.550000,2.549900,2.549700,2.548900,2.546900,2.541600,2.529400,2.504000,2.455600,2.371300,2.236300,2.035300,1.753400
2.550000,2.550000,2.550000,2.550000,2.550000,2.550000,2.550000,2.550000,2.550000,2.549900,2.549700,2.548900,2.546800,2.541500,2.529300,2.503900,2.455400,2.371100,2.236000,2.034900,1.753100
2.550000,2.550000,2.550000,2.550000,2.550000,2.550000,2.550000,2.550000,2.550000,2.549900,2.549700,2.548900,2.546800,2.541500,2.529300,2.503800,2.455200,2.370800,2.235600,2.034500,1.752700
2.550000,2.550000,2.550000,2.550000,2.550000,2.550000,2.550000,2.550000,2.550000,2.549900,2.549700,2.548900,2.546800,2.541500,2.529200,2.503600,2.455000,2.370500,2.235300,2.034200,1.752300
2.550000,2.550000,2.550000,2.550000,2.550000,2.550000,2.550000,2.550000,2.550000,2.549900,2.549700,2.548900,2.546800,2.541400,2.529100,2.503500,2.454800,2.370300,2.235000,2.033800,1.752000
2.550000,2.550000,2.550000,2.550000,2.550000,2.550000,2.550000,2.550000,2.550000,2.549900,2.549700,2.548900,2.546800,2.541400,2.529100,2.503400,2.454600,2.370000,2.234600,2.033400,1.751600
2.550000,2.550000,2.550000,2.550000,2.550000,2.550000,2.550000,2.550000,2.550000,2.549900,2.549700,2.548900,2.546800,2.541400,2.529000,2.503300,2.454500,2.369700,2.234300,2.033100,1.751300
2.550000,2.550000,2.550000,2.550000,2.550000,2.550000,2.550000,2.550000,2.550000,2.549900,2.549600,2.548900,2.546700,2.541300,2.528900,2.503100,2.454300,2.369500,2.234000,2.032700,1.750900
2.550000,2.550000,2.550000,2.550000,2.550000,2.550000,2.550000,2.550000,2.550000,2.549900,2.549600,2.548900,2.546700,2.541300,2.528900,2.503000,2.454100,2.369200,2.233600,2.032300,1.750600
2.550000,2.550000,2.550000,2.550000,2.550000,2.550000,2.550000,2.550000,2.550000,2.549900,2.549600,2.548900,2.546700,2.541200,2.528800,2.502900,2.453900,2.368900,2.233300,2.032000,1.750200
2.550000,2.550000,2.550000,2.550000,2.550000,2.550000,2.550000,2.550000,2.550000,2.549900,2.549600,2.548900,2.546700,2.541200,2.528700,2.502800,2.453700,2.368700,2.233000,2.031600,1.749900
2.550000,2.550000,2.550000,2.550000,2.550000,2.550000,2.550000,2.550000,2.550000,2.549900,2.549600,2.548900,2.546700,2.541200,2.528600,2.502600,2.453500,2.368400,2.232700,2.031300,1.749500
2.550000,2.550000,2.550000,2.550000,2.550000,2.550000,2.550000,2.550000,2.550000,2.549900,2.549600,2.548800,2.546600,2.541100,2.528600,2.502500,2.453300,2.368200,2.232300,2.030900,1.749200
2.550000,2.550000,2.550000,2.550000,2.550000,2.550000,2.550000,2.550000,2.550000,2.549900,2.549600,2.548800,2.546600,2.541100,2.528500,2.502400,2.453100,2.367900,2.232000,2.030500,1.748800
2.550000,2.550000,2.550000,2.550000,2.550000,2.550000,2.550000,2.550000,2.550000,2.549900,2.549600,2.548800,2.546600,2.541100,2.528400,2.502300,2.452900,2.367600,2.231700,2.030200,1.748500
2.550000,2.550000,2.550000,2.550000,2.550000,2.550000,2.550000,2.550000,2.550000,2.549900,2.549600,2.548800,2.546600,2.541000,2.528400,2.502200,2.452700,2.367400,2.231300,2.029800,1.748100
2.550000,2.550000,2.550000,2.550000,2.550000,2.550000,2.550000,2.550000,2.550000,2.549900,2.549600,2.548800,2.546600,2.541000,2.528300,2.502000,2.452500,2.367100,2.231000,2.029400,1.747800
2.550000,2.550000,2.550000,2.550000,2.550000,2.550000,2.550000,2.550000,2.550000,2.549900,2.549600,2.548800,2.546600,2.541000,2.528200,2.501900,2.452400,2.366800,2.230700,2.029100,1.747400
2.550000,2.550000,2.550000,2.550000,2.550000,2.550000,2.550000,2.550000,2.550000,2.549900,2.549600,2.548800,2.546500,2.540900,2.528100,2.501800,2.452200,2.366600,2.230400,2.028700,1.747100
2.550000,2.550000,2.550000,2.550000,2.550000,2.550000,2.550000,2.550000,2.550000,2.549900,2.549600,2.548800,2.546500,2.540900,2.528100,2.501700,2.452000,2.366300,2.230000,2.028400,1.746700
2.550000,2.550000,2.550000,2.550000,2.550000,2.550000,2.550000,2.550000,2.550000,2.549900,2.549600,2.548800,2.546500,2.540800,2.528000,2.501500,2.451800,2.366000,2.229700,2.028000,1.746400
2.550000,2.550000,2.550000,2.550000,2.550000,2.550000,2.550000,2.550000,2.550000,2.549900,2.549600,2.548800,2.546500,2.540800,2.527900,2.501400,2.451600,2.365800,2.229400,2.027600,1.746000
2.550000,2.550000,2.550000,2.550000,2.550000,2.550000,2.550000,2.550000,2.550000,2.549900,2.549600,2.548800,2.546500,2.540800,2.527900,2.501300,2.451400,2.365500,2.229000,2.027300,1.745700
2.550000,2.550000,2.550000,2.550000,2.550000,2.550000,2.550000,2.550000,2.550000,2.549900,2.549600,2.548800,2.546500,2.540700,2.527800,2.501200,2.451200,2.365200,2.228700,2.026900,1.745300
2.550000,2.550000,2.550000,2.550000,2.550000,2.550000,2.550000,2.550000,2.550000,2.549900,2.549600,2.548800,2.546400,2.540700,2.527700,2.501000,2.451000,2.365000,2.228400,2.026600,1.745000
2.550000,2.550000,2.550000,2.550000,2.550000,2.550000,2.550000,2.550000,2.550000,2.549900,2.549600,2.548700,2.546400,2.540700,2.527600,2.500900,2.450800,2.364700,2.228100,2.026200,1.744600
2.550000,2.550000,2.550000,2.550000,2.550000,2.550000,2.550000,2.550000,2.550000,2.549900,2.549600,2.548700,2.546400,2.540600,2.527600,2.500800,2.450600,2.364400,2.227700,2.025800,1.744300
2.550000,2.550000,2.550000,2.550000,2.550000,2.550000,2.550000,2.550000,2.550000,2.549900,2.549600,2.548700,2.546400,2.540600,2.527500,2.500700,2.450400,2.364200,2.227400,2.025500,1.743900
2.550000,2.550000,2.550000,2.550000,2.550000,2.550000,2.550000,2.550000,2.550000,2.549900,2.549600,2.548700,2.546400,2.540500,2.527400,2.500500,2.450300,2.363900,2.227100,2.025100,1.743600
2.550000,2.550000,2.550000,2.550000,2.550000,2.550000,2.550000,2.550000,2.550000,2.549900,2.549600,2.548700,2.546400,2.540500,2.527300,2.500400,2.450100,2.363700,2.226800,2.024800,1.743200
2.550000,2.550000,2.550000,2.550000,2.550000,2.550000,2.550000,2.550000,2.550000,2.549900,2.549600,2.548700,2.546300,2.540500,2.527300,2.500300,2.449900,2.363400,2.226400,2.024400,1.742900
2.550000,2.550000,2.550000,2.550000,2.550000,2.550000,2.550000,2.550000,2.550000,2.549900,2.549600,2.548700,2.546300,2.540400,2.527200,2.500200,2.449700,2.363100,2.226100,2.024100,1.742500
2.550000,2.550000,2.550000,2.550000,2.550000,2.550000,2.550000,2.550000,2.550000,2.549900,2.549600,2.548700,2.546300,2.540400,2.527100,2.500000,2.449500,2.362900,2.225800,2.023700,1.742200
2.550000,2.550000,2.550000,2.550000,2.550000,2.550000,2.550000,2.550000,2.550000,2.549900,2.549600,2.548700,2.546300,2.540300,2.527100,2.499900,2.449300,2.362600,2.225500,2.023300,1.741800
2.550000,2.550000,2.550000,2.550000,2.550000,2.550000,2.550000,2.550000,2.550000,2.549900,2.549600,2.548700,2.546300,2.540300,2.527000,2.499800,2.449100,2.362300,2.225100,2.023000,1.741500
2.550000,2.550000,2.550000,2.550000,2.550000,2.550000,2.550000,2.550000,2.550000,2.549900,2.549600,2.548700,2.546200,2.540300,2.526900,2.499700,2.448900,2.362100,2.224800,2.022600,1.741100
2.550000,2.550000,2.550000,2.550000,2.550000,2.550000,2.550000,2.550000,2.550000,2.549900,2.549600,2.548700,2.546200,2.540200,2.526800,2.499500,2.448700,2.361800,2.224500,2.022300,1.740800
2.550000,2.550000,2.550000,2.550000,2.550000,2.550000,2.550000,2.550000,2.550000,2.549900,2.549600,2.548700,2.546200,2.540200,2.526800,2.499400,2.448500,2.361500,2.224200,2.021900,1.740400
2.550000,2.550000,2.550000,2.550000,2.550000,2.550000,2.550000,2.550000,2.550000,2.549900,2.549600,2.548600,2.546200,2.540200,2.526700,2.499300,2.448300,2.361300,2.223800,2.021600,1.740100
2.550000,2.550000,2.550000,2.550000,2.550000,2.550000,2.550000,2.550000,2.550000,2.549900,2.549600,2.548600,2.546200,2.540100,2.526600,2.499200,2.448100,2.361000,2.223500,2.021200,1.739800
2.550000,2.550000,2.550000,2.550000,2.550000,2.550000,2.550000,2.550000,2.550000,2.549900,2.549600,2.548600,2.546200,2.540100,2.526500,2.499000,2.447900,2.360700,2.223200,2.020800,1.739400
2.550000,2.550000,2.550000,2.550000,2.550000,2.550000,2.550000,2.550000,2.550000,2.549900,2.549600,2.548600,2.546100,2.540000,2.526500,2.498900,2.447800,2.360500,2.222900,2.020500,1.739100
2.550000,2.550000,2.550000,2.550000,2.550000,2.550000,2.550000,2.550000,2.550000,2.549900,2.549600,2.548600,2.546100,2.540000,2.526400,2.498800,2.447600,2.360200,2.222500,2.020100,1.738700
2.550000,2.550000,2.550000,2.550000,2.550000,2.550000,2.550000,2.550000,2.550000,2.549900,2.549500,2.548600,2.546100,2.540000,2.526300,2.498700,2.447400,2.360000,2.222200,2.019800,1.738400
2.550000,2.550000,2.550000,2.550000,2.550000,2.550000,2.550000,2.550000,2.550000,2.549900,2.549500,2.548600,2.546100,2.539900,2.526200,2.498500,2.447200,2.359700,2.221900,2.019400,1.738000
2.550000,2.550000,2.550000,2.550000,2.550000,2.550000,2.550000,2.550000,2.550000,2.549900,2.549500,2.548600,2.546100,2.539900,2.526200,2.498400,2.447000,2.359400,2.221600,2.019100,1.737700
2.550000,2.550000,2.550000,2.550000,2.550000,2.550000,2.550000,2.550000,2.550000,2.549900,2.549500,2.548600,2.546000,2.539800,2.526100,2.498300,2.446800,2.359200,2.221200,2.018700,1.737300
2.550000,2.550000,2.550000,2.550000,2.550000,2.550000,2.550000,2.550000,2.550000,2.549900,2.549500,2.548600,2.546000,2.539800,2.526000,2.498200,2.446600,2.358900,2.220900,2.018400,1.737000
2.550000,2.550000,2.550000,2.550000,2.550000,2.550000,2.550000,2.550000,2.550000,2.549900,2.549500,2.548600,2.546000,2.539800,2.525900,2.498000,2.446400,2.358600,2.220600,2.018000,1.736700
2.550000,2.550000,2.550000,2.550000,2.550000,2.550000,2.550000,2.550000,2.550000,2.549900,2.549500,2.548600,2.546000,2.539700,2.525900,2.497900,2.446200,2.358400,2.220300,2.017700,1.736300
2.550000,2.550000,2.550000,2.550000,2.550000,2.550000,2.550000,2.550000,2.550000,2.549900,2.549500,2.548600,2.546000,2.539700,2.525800,2.497800,2.446000,2.358100,2.220000,2.017300,1.736000
2.550000,2.550000,2.550000,2.550000,2.550000,2.550000,2.550000,2.550000,2.550000,2.549900,2.549500,2.548500,2.545900,2.539600,2.525700,2.497700,2.445800,2.357900,2.219600,2.016900,1.735600
2.550000,2.550000,2.550000,2.550000,2.550000,2.550000,2.550000,2.550000,2.550000,2.549900,2.549500,2.548500,2.545900,2.539600,2.525600,2.497500,2.445600,2.357600,2.219300,2.016600,1.735300
2.550000,2.550000,2.550000,2.550000,2.550000,2.550000,2.550000,2.550000,2.550000,2.549900,2.549500,2.548500,2.545900,2.539600,2.525600,2.497400,2.445400,2.357300,2.219000,2.016200,1.735000
2.550000,2.550000,2.550000,2.550000,2.550000,2.550000,2.550000,2.550000,2.550000,2.549900,2.549500,2.548500,2.545900,2.539500,2.525500,2.497300,2.445300,2.357100,2.218700,2.015900,1.734600
2.550000,2.550000,2.550000,2.550000,2.550000,2.550000,2.550000,2.550000,2.550000,2.549900,2.549500,2.548500,2.545900,2.539500,2.525400,2.497100,2.445100,2.356800,2.218300,2.015500,1.734300
2.550000,2.550000,2.550000,2.550000,2.550000,2.550000,2.550000,2.550000,2.550000,2.549900,2.549500,2.548500,2.545800,2.539400,2.525300,2.497000,2.444900,2.356500,2.218000,2.015200,1.733900
2.550000,2.550000,2.550000,2.550000,2.550000,2.550000,2.550000,2.550000,2.550000,2.549800,2.549500,2.548500,2.545800,2.539400,2.525300,2.496900,2.444700,2.356300,2.217700,2.014800,1.733600
2.550000,2.550000,2.550000,2.550000,2.550000,2.550000,2.550000,2.550000,2.550000,2.549800,2.549500,2.548500,2.545800,2.539400,2.525200,2.496800,2.444500,2.356000,2.217400,2.014500,1.733200
2.550000,2.550000,2.550000,2.550000,2.550000,2.550000,2.550000,2.550000,2.550000,2.549800,2.549500,2.548500,2.545800,2.539300,2.525100,2.496600,2.444300,2.355800,2.217100,2.014100,1.732900
2.550000,2.550000,2.550000,2.550000,2.550000,2.550000,2.550000,2.550000,2.550000,2.549800,2.549500,2.548500,2.545800,2.539300,2.525000,2.496500,2.444100,2.355500,2.216700,2.013800,1.732600
2.550000,2.550000,2.550000,2.550000,2.550000,2.550000,2.550000,2.550000,2.550000,2.549800,2.549500,2.548500,2.545700,2.539200,2.525000,2.496400,2.443900,2.355200,2.216400,2.013400,1.732200
2.550000,2.550000,2.550000,2.550000,2.550000,2.550000,2.550000,2.550000,2.550000,2.549800,2.549500,2.548500,2.545700,2.539200,2.524900,2.496300,2.443700,2.355000,2.216100,2.013100,1.731900
2.550000,2.550000,2.550000,2.550000,2.550000,2.550000,2.550000,2.550000,2.550000,2.549800,2.549500,2.548400,2.545700,2.539200,2.524800,2.496100,2.443500,2.354700,2.215800,2.012700,1.731600
2.550000,2.550000,2.550000,2.550000,2.550000,2.550000,2.550000,2.550000,2.550000,2.549800,2.549500,2.548400,2.545700,2.539100,2.524700,2.496000,2.443300,2.354400,2.215500,2.012400,1.731200
2.550000,2.550000,2.550000,2.550000,2.550000,2.550000,2.550000,2.550000,2.550000,2.549800,2.549500,2.548400,2.545700,2.539100,2.524700,2.495900,2.443100,2.354200,2.215100,2.012000,1.730900
2.550000,2.550000,2.550000,2.550000,2.550000,2.550000,2.550000,2.550000,2.550000,2.549800,2.549500,2.548400,2.545600,2.539000,2.524600,2.495700,2.442900,2.353900,2.214800,2.011700,1.730500
2.550000,2.550000,2.550000,2.550000,2.550000,2.550000,2.550000,2.550000,2.550000,2.549800,2.549500,2.548400,2.545600,2.539000,2.524500,2.495600,2.442800,2.353700,2.214500,2.011300,1.730200
2.550000,2.550000,2.550000,2.550000,2.550000,2.550000,2.550000,2.550000,2.550000,2.549800,2.549500,2.548400,2.545600,2.538900,2.524400,2.495500,2.442600,2.353400,2.214200,2.011000,1.729900
2.550000,2.550000,2.550000,2.550000,2.550000,2.550000,2.550000,2.550000,2.550000,2.549800,2.549500,2.548400,2.545600,2.538900,2.524400,2.495400,2.442400,2.353100,2.213900,2.010600,1.729500
2.550000,2.550000,2.550000,2.550000,2.550000,2.550000,2.550000,2.550000,2.550000,2.549800,2.549500,2.548400,2.545600,2.538900,2.524300,2.495200,2.442200,2.352900,2.213500,2.010300,1.729200
2.550000,2.550000,2.550000,2.550000,2.550000,2.550000,2.550000,2.550000,2.550000,2.549800,2.549500,2.548400,2.545500,2.538800,2.524200,2.495100,2.442000,2.352600,2.213200,2.009900,1.728800
2.550000,2.550000,2.550000,2.550000,2.550000,2.550000,2.550000,2.550000,2.550000,2.549800,2.549500,2.548400,2.545500,2.538800,2.524100,2.495000,2.441800,2.352300,2.212900,2.009600,1.728500
2.550000,2.550000,2.550000,2.550000,2.550000,2.550000,2.550000,2.550000,2.550000,2.549800,2.549400,2.548400,2.545500,2.538700,2.524000,2.494800,2.441600,2.352100,2.212600,2.009200,1.728200
2.550000,2.550000,2.550000,2.550000,2.550000,2.550000,2.550000,2.550000,2.550000,2.549800,2.549400,2.548300,2.545500,2.538700,2.524000,2.494700,2.441400,2.351800,2.212300,2.008900,1.727800
2.550000,2.550000,2.550000,2.550000,2.550000,2.550000,2.550000,2.550000,2.550000,2.549800,2.549400,2.548300,2.545500,2.538700,2.523900,2.494600,2.441200,2.351600,2.211900,2.008500,1.727500
2.550000,2.550000,2.550000,2.550000,2.550000,2.550000,2.550000,2.550000,2.550000,2.549800,2.549400,2.548300,2.545400,2.538600,2.523800,2.494500,2.441000,2.351300,2.211600,2.008200,1.727200
2.550000,2.550000,2.550000,2.550000,2.550000,2.550000,2.550000,2.550000,2.549900,2.549800,2.549400,2.548300,2.545400,2.538600,2.523700,2.494300,2.440800,2.351000,2.211300,2.007900,1.726800
2.550000,2.550000,2.550000,2.550000,2.550000,2.550000,2.550000,2.550000,2.549900,2.549800,2.549400,2.548300,2.545400,2.538500,2.523700,2.494200,2.440600,2.350800,2.211000,2.007500,1.726500
2.550000,2.550000,2.550000,2.550000,2.550000,2.550000,2.550000,2.550000,2.549900,2.549800,2.549400,2.548300,2.545400,2.538500,2.523600,2.494100,2.440400,2.350500,2.210700,2.007200,1.726200
2.550000,2.550000,2.550000,2.550000,2.550000,2.550000,2.550000,2.550000,2.549900,2.549800,2.549400,2.548300,2.545400,2.538400,2.523500,2.493900,2.440200,2.350300,2.210400,2.006800,1.725800
2.550000,2.550000,2.550000,2.550000,2.550000,2.550000,2.550000,2.550000,2.549900,2.549800,2.549400,2.548300,2.545300,2.538400,2.523400,2.493800,2.440000,2.350000,2.210000,2.006500,1.725500
2.550000,2.550000,2.550000,2.550000,2.550000,2.550000,2.550000,2.550000,2.549900,2.549800,2.549400,2.548300,2.545300,2.538400,2.523300,2.493700,2.439900,2.349700,2.209700,2.006100,1.725200
2.550000,2.550000,2.550000,2.550000,2.550000,2.550000,2.550000,2.550000,2.549900,2.549800,2.549400,2.548300,2.545300,2.538300,2.523300,2.493600,2.439700,2.349500,2.209400,2.005800,1.724800
2.550000,2.550000,2.550000,2.550000,2.550000,2.550000,2.550000,2.550000,2.549900,2.549800,2.549400,2.548300,2.545300,2.538300,2.523200,2.493400,2.439500,2.349200,2.209100,2.005400,1.724500
2.550000,2.550000,2.550000,2.550000,2.550000,2.550000,2.550000,2.550000,2.549900,2.549800,2.549400,2.548200,2.545300,2.538200,2.523100,2.493300,2.439300,2.348900,2.208800,2.005100,1.724200
2.550000,2.550000,2.550000,2.550000,2.550000,2.550000,2.550000,2.550000,2.549900,2.549800,2.549400,2.548200,2.545200,2.538200,2.523000,2.493200,2.439100,2.348700,2.208500,2.004700,1.723800
2.550000,2.550000,2.550000,2.550000,2.550000,2.550000,2.550000,2.550000,2.549900,2.549800,2.549400,2.548200,2.545200,2.538100,2.523000,2.493000,2.438900,2.348400,2.208100,2.004400,1.723500
2.550000,2.550000,2.550000,2.550000,2.550000,2.550000,2.550000,2.550000,2.549900,2.549800,2.549400,2.548200,2.545200,2.538100,2.522900,2.492900,2.438700,2.348200,2.207800,2.004100,1.723200
2.550000,2.550000,2.550000,2.550000,2.550000,2.550000,2.550000,2.550000,2.549900,2.549800,2.549400,2.548200,2.545200,2.538100,2.522800,2.492800,2.438500,2.347900,2.207500,2.003700,1.722800
2.550000,2.550000,2.550000,2.550000,2.550000,2.550000,2.550000,2.550000,2.549900,2.549800,2.549400,2.548200,2.545200,2.538000,2.522700,2.492600,2.438300,2.347600,2.207200,2.003400,1.722500
2.550000,2.550000,2.550000,2.550000,2.550000,2.550000,2.550000,2.550000,2.549900,2.549800,2.549400,2.548200,2.545100,2.538000,2.522600,2.492500,2.438100,2.347400,2.206900,2.003000,1.722200
2.550000,2.550000,2.550000,2.550000,2.550000,2.550000,2.550000,2.550000,2.549900,2.549800,2.549400,2.548200,2.545100,2.537900,2.522600,2.492400,2.437900,2.347100,2.206600,2.002700,1.721800
2.550000,2.550000,2.550000,2.550000,2.550000,2.550000,2.550000,2.550000,2.549900,2.549800,2.549400,2.548200,2.545100,2.537900,2.522500,2.492300,2.437700,2.346900,2.206200,2.002300,1.721500
2.550000,2.550000,2.550000,2.550000,2.550000,2.550000,2.550000,2.550000,2.549900,2.549800,2.549400,2.548200,2.545100,2.537800,2.522400,2.492100,2.437500,2.346600,2.205900,2.002000,1.721200
2.550000,2.550000,2.550000,2.550000,2.550000,2.550000,2.550000,2.550000,2.549900,2.549800,2.549400,2.548100,2.545000,2.537800,2.522300,2.492000,2.437300,2.346300,2.205600,2.001700,1.720800
2.550000,2.550000,2.550000,2.550000,2.550000,2.550000,2.550000,2.550000,2.549900,2.549800,2.549400,2.548100,2.545000,2.537800,2.522200,2.491900,2.437100,2.346100,2.205300,2.001300,1.720500
2.550000,2.550000,2.550000,2.550000,2.550000,2.550000,2.550000,2.550000,2.549900,2.549800,2.549400,2.548100,2.545000,2.537700,2.522200,2.491700,2.436900,2.345800,2.205000,2.001000,1.720200
2.550000,2.550000,2.550000,2.550000,2.550000,2.550000,2.550000,2.550000,2.549900,2.549800,2.549400,2.548100,2.545000,2.537700,2.522100,2.491600,2.436800,2.345600,2.204700,2.000600,1.719800
2.550000,2.550000,2.550000,2.550000,2.550000,2.550000,2.550000,2.550000,2.549900,2.549800,2.549300,2.548100,2.545000,2.537600,2.522000,2.491500,2.436600,2.345300,2.204400,2.000300,1.719500
2.550000,2.550000,2.550000,2.550000,2.550000,2.550000,2.550000,2.550000,2.549900,2.549800,2.549300,2.548100,2.544900,2.537600,2.521900,2.491300,2.436400,2.345000,2.204000,1.999900,1.719200
2.550000,2.550000,2.550000,2.550000,2.550000,2.550000,2.550000,2.550000,2.549900,2.549800,2.549300,2.548100,2.544900,2.537500,2.521800,2.491200,2.436200,2.344800,2.203700,1.999600,1.718900
2.550000,2.550000,2.550000,2.550000,2.550000,2.550000,2.550000,2.550000,2.549900,2.549800,2.549300,2.548100,2.544900,2.537500,2.521800,2.491100,2.436000,2.344500,2.203400,1.999300,1.718500
2.550000,2.550000,2.550000,2.550000,2.550000,2.550000,2.550000,2.550000,2.549900,2.549800,2.549300,2.548100,2.544900,2.537500,2.521700,2.491000,2.435800,2.344300,2.203100,1.998900,1.718200
2.550000,2.550000,2.550000,2.550000,2.550000,2.550000,2.550000,2.550000,2.549900,2.549800,2.549300,2.548100,2.544800,2.537400,2.521600,2.490800,2.435600,2.344000,2.202800,1.998600,1.717900
2.550000,2.550000,2.550000,2.550000,2.550000,2.550000,2.550000,2.550000,2.549900,2.549800,2.549300,2.548000,2.544800,2.537400,2.521500,2.490700,2.435400,2.343700,2.202500,1.998200,1.717500
2.550000,2.550000,2.550000,2.550000,2.550000,2.550000,2.550000,2.550000,2.549900,2.549800,2.549300,2.548000,2.544800,2.537300,2.521500,2.490600,2.435200,2.343500,2.202200,1.997900,1.717200
2.550000,2.550000,2.550000,2.550000,2.550000,2.550000,2.550000,2.550000,2.549900,2.549800,2.549300,2.548000,2.544800,2.537300,2.521400,2.490400,2.435000,2.343200,2.201800,1.997600,1.716900
2.550000,2.550000,2.550000,2.550000,2.550000,2.550000,2.550000,2.550000,2.549900,2.549800,2.549300,2.548000,2.544800,2.537200,2.521300,2.490300,2.434800,2.343000,2.201500,1.997200,1.716500
2.550000,2.550000,2.550000,2.550000,2.550000,2.550000,2.550000,2.550000,2.549900,2.549800,2.549300,2.548000,2.544700,2.537200,2.521200,2.490200,2.434600,2.342700,2.201200,1.996900,1.716200
2.550000,2.550000,2.550000,2.550000,2.550000,2.550000,2.550000,2.550000,2.549900,2.549800,2.549300,2.548000,2.544700,2.537100,2.521100,2.490000,2.434400,2.342400,2.200900,1.996500,1.715900
2.550000,2.550000,2.550000,2.550000,2.550000,2.550000,2.550000,2.550000,2.549900,2.549800,2.549300,2.548000,2.544700,2.537100,2.521000,2.489900,2.434200,2.342200,2.200600,1.996200,1.715600
2.550000,2.550000,2.550000,2.550000,2.550000,2.550000,2.550000,2.550000,2.549900,2.549800,2.549300,2.548000,2.544700,2.537100,2.521000,2.489800,2.434000,2.341900,2.200300,1.995900,1.715200
2.550000,2.550000,2.550000,2.550000,2.550000,2.550000,2.550000,2.550000,2.549900,2.549800,2.549300,2.548000,2.544600,2.537000,2.520900,2.489600,2.433800,2.341700,2.200000,1.995500,1.714900
2.550000,2.550000,2.550000,2.550000,2.550000,2.550000,2.550000,2.550000,2.549900,2.549800,2.549300,2.548000,2.544600,2.537000,2.520800,2.489500,2.433600,2.341400,2.199700,1.995200,1.714600
2.550000,2.550000,2.550000,2.550000,2.550000,2.550000,2.550000,2.550000,2.549900,2.549800,2.549300,2.547900,2.544600,2.536900,2.520700,2.489400,2.433500,2.341200,2.199300,1.994800,1.714300
2.550000,2.550000,2.550000,2.550000,2.550000,2.550000,2.550000,2.550000,2.549900,2.549800,2.549300,2.547900,2.544600,2.536900,2.520600,2.489200,2.433300,2.340900,2.199000,1.994500,1.713900
2.550000,2.550000,2.550000,2.550000,2.550000,2.550000,2.550000,2.550000,2.549900,2.549800,2.549300,2.547900,2.544600,2.536800,2.520600,2.489100,2.433100,2.340600,2.198700,1.994200,1.713600
2.550000,2.550000,2.550000,2.550000,2.550000,2.550000,2.550000,2.550000,2.549900,2.549800,2.549300,2.547900,2.544500,2.536800,2.520500,2.489000,2.432900,2.340400,2.198400,1.993800,1.713300
2.550000,2.550000,2.550000,2.550000,2.550000,2.550000,2.550000,2.550000,2.549900,2.549800,2.549300,2.547900,2.544500,2.536700,2.520400,2.488800,2.432700,2.340100,2.198100,1.993500,1.713000
2.550000,2.550000,2.550000,2.550000,2.550000,2.550000,2.550000,2.550000,2.549900,2.549800,2.549300,2.547900,2.544500,2.536700,2.520300,2.488700,2.432500,2.339900,2.197800,1.993200,1.712600
2.550000,2.550000,2.550000,2.550000,2.550000,2.550000,2.550000,2.550000,2.549900,2.549800,2.549300,2.547900,2.544500,2.536600,2.520200,2.488600,2.432300,2.339600,2.197500,1.992800,1.712300
2.550000,2.550000,2.550000,2.550000,2.550000,2.550000,2.550000,2.550000,2.549900,2.549800,2.549300,2.547900,2.544400,2.536600,2.520200,2.488500,2.432100,2.339300,2.197200,1.992500,1.712000
2.550000,2.550000,2.550000,2.550000,2.550000,2.550000,2.550000,2.550000,2.549900,2.549800,2.549200,2.547900,2.544400,2.536600,2.520100,2.488300,2.431900,2.339100,2.196800,1.992100,1.711700
2.550000,2.550000,2.550000,2.550000,2.550000,2.550000,2.550000,2.550000,2.549900,2.549800,2.549200,2.547900,2.544400,2.536500,2.520000,2.488200,2.431700,2.338800,2.196500,1.991800,1.711300
2.550000,2.550000,2.550000,2.550000,2.550000,2.550000,2.550000,2.550000,2.549900,2.549800,2.549200,2.547800,2.544400,2.536500,2.519900,2.488100,2.431500,2.338600,2.196200,1.991500,1.711000
2.550000,2.550000,2.550000,2.550000,2.550000,2.550000,2.550000,2.550000,2.549900,2.549700,2.549200,2.547800,2.544300,2.536400,2.519800,2.487900,2.431300,2.338300,2.195900,1.991100,1.710700
2.550000,2.550000,2.550000,2.550000,2.550000,2.550000,2.550000,2.550000,2.549900,2.549700,2.549200,2.547800,2.544300,2.536400,2.519700,2.487800,2.431100,2.338000,2.195600,1.990800,1.710400
2.550000,2.550000,2.550000,2.550000,2.550000,2.550000,2.550000,2.550000,2.549900,2.549700,2.549200,2.547800,2.544300,2.536300,2.519700,2.487700,2.430900,2.337800,2.195300,1.990500,1.710000
2.550000,2.550000,2.550000,2.550000,2.550000,2.550000,2.550000,2.550000,2.549900,2.549700,2.549200,2.547800,2.544300,2.536300,2.519600,2.487500,2.430700,2.337500,2.195000,1.990100,1.709700
2.550000,2.550000,2.550000,2.550000,2.550000,2.550000,2.550000,2.550000,2.549900,2.549700,2.549200,2.547800,2.544300,2.536200,2.519500,2.487400,2.430500,2.337300,2.194700,1.989800,1.709400
2.550000,2.550000,2.550000,2.550000,2.550000,2.550000,2.550000,2.550000,2.549900,2.549700,2.549200,2.547800,2.544200,2.536200,2.519400,2.487300,2.430300,2.337000,2.194400,1.989500,1.709100
2.550000,2.550000,2.550000,2.550000,2.550000,2.550000,2.550000,2.550000,2.549900,2.549700,2.549200,2.547800,2.544200,2.536100,2.519300,2.487100,2.430200,2.336800,2.194100,1.989100,1.708700
2.550000,2.550000,2.550000,2.550000,2.550000,2.550000,2.550000,2.550000,2.549900,2.549700,2.549200,2.547800,2.544200,2.536100,2.519300,2.487000,2.430000,2.336500,2.193700,1.988800,1.708400
2.550000,2.550000,2.550000,2.550000,2.550000,2.550000,2.550000,2.550000,2.549900,2.549700,2.549200,2.547700,2.544200,2.536000,2.519200,2.486900,2.429800,2.336200,2.193400,1.988500,1.708100
2.550000,2.550000,2.550000,2.550000,2.550000,2.550000,2.550000,2.550000,2.549900,2.549700,2.549200,2.547700,2.544100,2.536000,2.519100,2.486700,2.429600,2.336000,2.193100,1.988100,1.707800
2.550000,2.550000,2.550000,2.550000,2.550000,2.550000,2.550000,2.550000,2.549900,2.549700,2.549200,2.547700,2.544100,2.536000,2.519000,2.486600,2.429400,2.335700,2.192800,1.987800,1.707500
2.550000,2.550000,2.550000,2.550000,2.550000,2.550000,2.550000,2.550000,2.549900,2.549700,2.549200,2.547700,2.544100,2.535900,2.518900,2.486500,2.429200,2.335500,2.192500,1.987500,1.707100
2.550000,2.550000,2.550000,2.550000,2.550000,2.550000,2.550000,2.550000,2.549900,2.549700,2.549200,2.547700,2.544100,2.535900,2.518800,2.486300,2.429000,2.335200,2.192200,1.987100,1.706800
2.550000,2.550000,2.550000,2.550000,2.550000,2.550000,2.550000,2.550000,2.549900,2.549700,2.549200,2.547700,2.544000,2.535800,2.518800,2.486200,2.428800,2.335000,2.191900,1.986800,1.706500
2.550000,2.550000,2.550000,2.550000,2.550000,2.550000,2.550000,2.550000,2.549900,2.549700,2.549200,2.547700,2.544000,2.535800,2.518700,2.486100,2.428600,2.334700,2.191600,1.986500,1.706200
2.550000,2.550000,2.550000,2.550000,2.550000,2.550000,2.550000,2.550000,2.549900,2.549700,2.549200,2.547700,2.544000,2.535700,2.518600,2.485900,2.428400,2.334400,2.191300,1.986100,1.705900
2.550000,2.550000,2.550000,2.550000,2.550000,2.550000,2.550000,2.550000,2.549900,2.549700,2.549200,2.547700,2.544000,2.535700,2.518500,2.485800,2.428200,2.334200,2.191000,1.985800,1.705500
2.550000,2.550000,2.550000,2.550000,2.550000,2.550000,2.550000,2.550000,2.549900,2.549700,2.549200,2.547600,2.543900,2.535600,2.518400,2.485700,2.428000,2.333900,2.190700,1.985500,1.705200
2.550000,2.550000,2.550000,2.550000,2.550000,2.550000,2.550000,2.550000,2.549900,2.549700,2.549100,2.547600,2.543900,2.535600,2.518300,2.485500,2.427800,2.333700,2.190400,1.985100,1.704900
2.550000,2.550000,2.550000,2.550000,2.550000,2.550000,2.550000,2.550000,2.549900,2.549700,2.549100,2.547600,2.543900,2.535500,2.518300,2.485400,2.427600,2.333400,2.190000,1.984800,1.704600
2.550000,2.550000,2.550000,2.550000,2.550000,2.550000,2.550000,2.550000,2.549900,2.549700,2.549100,2.547600,2.543900,2.535500,2.518200,2.485300,2.427400,2.333200,2.189700,1.984500,1.704300
2.550000,2.550000,2.550000,2.550000,2.550000,2.550000,2.550000,2.550000,2.549900,2.549700,2.549100,2.547600,2.543800,2.535400,2.518100,2.485100,2.427200,2.332900,2.189400,1.984100,1.703900
2.550000,2.550000,2.550000,2.550000,2.550000,2.550000,2.550000,2.550000,2.549900,2.549700,2.549100,2.547600,2.543800,2.535400,2.518000,2.485000,2.427000,2.332600,2.189100,1.983800,1.703600
2.550000,2.550000,2.550000,2.550000,2.550000,2.550000,2.550000,2.550000,2.549900,2.549700,2.549100,2.547600,2.543800,2.535300,2.517900,2.484900,2.426800,2.332400,2.188800,1.983500,1.703300
2.550000,2.550000,2.550000,2.550000,2.550000,2.550000,2.550000,2.550000,2.549900,2.549700,2.549100,2.547600,2.543800,2.535300,2.517800,2.484700,2.426600,2.332100,2.188500,1.983100,1.703000
2.550000,2.550000,2.550000,2.550000,2.550000,2.550000,2.550000,2.550000,2.549900,2.549700,2.549100,2.547600,2.543700,2.535200,2.517800,2.484600,2.426500,2.331900,2.188200,1.982800,1.702700
2.550000,2.550000,2.550000,2.550000,2.550000,2.550000,2.550000,2.550000,2.549900,2.549700,2.549100,2.547500,2.543700,2.535200,2.517700,2.484500,2.426300,2.331600,2.187900,1.982500,1.702300
2.550000,2.550000,2.550000,2.550000,2.550000,2.550000,2.550000,2.550000,2.549900,2.549700,2.549100,2.547500,2.543700,2.535200,2.517600,2.484300,2.426100,2.331400,2.187600,1.982200,1.702000
2.550000,2.550000,2.550000,2.550000,2.550000,2.550000,2.550000,2.550000,2.549900,2.549700,2.549100,2.547500,2.543700,2.535100,2.517500,2.484200,2.425900,2.331100,2.187300,1.981800,1.701700
2.550000,2.550000,2.550000,2.550000,2.550000,2.550000,2.550000,2.550000,2.549900,2.549700,2.549100,2.547500,2.543600,2.535100,2.517400,2.484100,2.425700,2.330800,2.187000,1.981500,1.701400
2.550000,2.550000,2.550000,2.550000,2.550000,2.550000,2.550000,2.550000,2.549900,2.549700,2.549100,2.547500,2.543600,2.535000,2.517300,2.483900,2.425500,2.330600,2.186700,1.981200,1.701100
2.550000,2.550000,2.550000,2.550000,2.550000,2.550000,2.550000,2.550000,2.549900,2.549700,2.549100,2.547500,2.543600,2.535000,2.517200,2.483800,2.425300,2.330300,2.186400,1.980800,1.700800
2.550000,2.550000,2.550000,2.550000,2.550000,2.550000,2.550000,2.550000,2.549900,2.549700,2.549100,2.547500,2.543600,2.534900,2.517200,2.483600,2.425100,2.330100,2.186100,1.980500,1.700400
2.550000,2.550000,2.550000,2.550000,2.550000,2.550000,2.550000,2.550000,2.549900,2.549700,2.549100,2.547500,2.543500,2.534900,2.517100,2.483500,2.424900,2.329800,2.185800,1.980200,1.700100
2.550000,2.550000,2.550000,2.550000,2.550000,2.550000,2.550000,2.550000,2.549900,2.549700,2.549100,2.547400,2.543500,2.534800,2.517000,2.483400,2.424700,2.329600,2.185500,1.979800,1.699800
2.550000,2.550000,2.550000,2.550000,2.550000,2.550000,2.550000,2.550000,2.549900,2.549700,2.549100,2.547400,2.543500,2.534800,2.516900,2.483200,2.424500,2.329300,2.185100,1.979500,1.699500
2.550000,2.550000,2.550000,2.550000,2.550000,2.550000,2.550000,2.550000,2.549900,2.549700,2.549100,2.547400,2.543500,2.534700,2.516800,2.483100,2.424300,2.329000,2.184800,1.979200,1.699200
2.550000,2.550000,2.550000,2.550000,2.550000,2.550000,2.550000,2.550000,2.549900,2.549700,2.549100,2.547400,2.543400,2.534700,2.516700,2.483000,2.424100,2.328800,2.184500,1.978900,1.698900
2.550000,2.550000,2.550000,2.550000,2.550000,2.550000,2.550000,2.550000,2.549900,2.549700,2.549000,2.547400,2.543400,2.534600,2.516700,2.482800,2.423900,2.328500,2.184200,1.978500,1.698500
2.550000,2.550000,2.550000,2.550000,2.550000,2.550000,2.550000,2.550000,2.549900,2.549700,2.549000,2.547400,2.543400,2.534600,2.516600,2.482700,2.423700,2.328300,2.183900,1.978200,1.698200
2.550000,2.550000,2.550000,2.550000,2.550000,2.550000,2.550000,2.550000,2.549900,2.549700,2.549000,2.547400,2.543400,2.534500,2.516500,2.482600,2.423500,2.328000,2.183600,1.977900,1.697900
2.550000,2.550000,2.550000,2.550000,2.550000,2.550000,2.550000,2.550000,2.549900,2.549700,2.549000,2.547400,2.543300,2.534500,2.516400,2.482400,2.423300,2.327800,2.183300,1.977600,1.697600
2.550000,2.550000,2.550000,2.550000,2.550000,2.550000,2.550000,2.550000,2.549900,2.549700,2.549000,2.547300,2.543300,2.534400,2.516300,2.482300,2.423100,2.327500,2.183000,1.977200,1.697300
2.550000,2.550000,2.550000,2.550000,2.550000,2.550000,2.550000,2.550000,2.549900,2.549700,2.549000,2.547300,2.543300,2.534400,2.516200,2.482200,2.422900,2.327300,2.182700,1.976900,1.697000
2.550000,2.550000,2.550000,2.550000,2.550000,2.550000,2.550000,2.550000,2.549900,2.549700,2.549000,2.547300,2.543300,2.534300,2.516100,2.482000,2.422700,2.327000,2.182400,1.976600,1.696700
2.550000,2.550000,2.550000,2.550000,2.550000,2.550000,2.550000,2.550000,2.549900,2.549700,2.549000,2.547300,2.543200,2.534300,2.516100,2.481900,2.422600,2.326700,2.182100,1.976200,1.696300
2.550000,2.550000,2.550000,2.550000,2.550000,2.550000,2.550000,2.550000,2.549900,2.549700,2.549000,2.547300,2.543200,2.534200,2.516000,2.481800,2.422400,2.326500,2.181800,1.975900,1.696000
2.550000,2.550000,2.550000,2.550000,2.550000,2.550000,2.550000,2.550000,2.549900,2.549700,2.549000,2.547300,2.543200,2.534200,2.515900,2.481600,2.422200,2.326200,2.181500,1.975600,1.695700
2.550000,2.550000,2.550000,2.550000,2.550000,2.550000,2.550000,2.550000,2.549900,2.549700,2.549000,2.547300,2.543200,2.534100,2.515800,2.481500,2.422000,2.326000,2.181200,1.975300,1.695400
2.550000,2.550000,2.550000,2.550000,2.550000,2.550000,2.550000,2.550000,2.549900,2.549700,2.549000,2.547300,2.543100,2.534100,2.515700,2.481300,2.421800,2.325700,2.180900,1.974900,1.695100
2.550000,2.550000,2.550000,2.550000,2.550000,2.550000,2.550000,2.550000,2.549900,2.549700,2.549000,2.547200,2.543100,2.534000,2.515600,2.481200,2.421600,2.325500,2.180600,1.974600,1.694800
2.550000,2.550000,2.550000,2.550000,2.550000,2.550000,2.550000,2.550000,2.549900,2.549600,2.549000,2.547200,2.543100,2.534000,2.515500,2.481100,2.421400,2.325200,2.180300,1.974300,1.694500
2.550000,2.550000,2.550000,2.550000,2.550000,2.550000,2.550000,2.550000,2.549900,2.549600,2.549000,2.547200,2.543100,2.533900,2.515500,2.480900,2.421200,2.325000,2.180000,1.974000,1.694200
2.550000,2.550000,2.550000,2.550000,2.550000,2.550000,2.550000,2.550000,2.549900,2.549600,2.549000,2.547200,2.543000,2.533900,2.515400,2.480800,2.421000,2.324700,2.179700,1.973600,1.693800
2.550000,2.550000,2.550000,2.550000,2.550000,2.550000,2.550000,2.550000,2.549900,2.549600,2.549000,2.547200,2.543000,2.533800,2.515300,2.480700,2.420800,2.324400,2.179400,1.973300,1.693500
2.550000,2.550000,2.550000,2.550000,2.550000,2.550000,2.550000,2.550000,2.549900,2.549600,2.549000,2.547200,2.543000,2.533800,2.515200,2.480500,2.420600,2.324200,2.179100,1.973000,1.693200
2.550000,2.550000,2.550000,2.550000,2.550000,2.550000,2.550000,2.550000,2.549900,2.549600,2.548900,2.547200,2.543000,2.533700,2.515100,2.480400,2.420400,2.323900,2.178800,1.972700,1.692900
2.550000,2.550000,2.550000,2.550000,2.550000,2.550000,2.550000,2.550000,2.549900,2.549600,2.548900,2.547200,2.542900,2.533700,2.515000,2.480300,2.420200,2.323700,2.178500,1.972300,1.692600
2.550000,2.550000,2.550000,2.550000,2.550000,2.550000,2.550000,2.550000,2.549900,2.549600,2.548900,2.547100,2.542900,2.533600,2.514900,2.480100,2.420000,2.323400,2.178200,1.972000,1.692300
2.550000,2.550000,2.550000,2.550000,2.550000,2.550000,2.550000,2.550000,2.549900,2.549600,2.548900,2.547100,2.542900,2.533600,2.514900,2.480000,2.419800,2.323200,2.177900,1.971700,1.692000
2.550000,2.550000,2.550000,2.550000,2.550000,2.550000,2.550000,2.550000,2.549900,2.549600,2.548900,2.547100,2.542800,2.533500,2.514800,2.479900,2.419600,2.322900,2.177600,1.971400,1.691700
2.550000,2.550000,2.550000,2.550000,2.550000,2.550000,2.550000,2.550000,2.549900,2.549600,2.548900,2.547100,2.542800,2.533500,2.514700,2.479700,2.419400,2.322700,2.177300,1.971100,1.691300
2.550000,2.550000,2.550000,2.550000,2.550000,2.550000,2.550000,2.550000,2.549900,2.549600,2.548900,2.547100,2.542800,2.533400,2.514600,2.479600,2.419200,2.322400,2.177000,1.970700,1.691000
2.550000,2.550000,2.550000,2.550000,2.550000,2.550000,2.550000,2.550000,2.549900,2.549600,2.548900,2.547100,2.542800,2.533400,2.514500,2.479400,2.419000,2.322200,2.176700,1.970400,1.690700
2.550000,2.550000,2.550000,2.550000,2.550000,2.550000,2.550000,2.550000,2.549900,2.549600,2.548900,2.547100,2.542700,2.533300,2.514400,2.479300,2.418800,2.321900,2.176400,1.970100,1.690400
2.550000,2.550000,2.550000,2.550000,2.550000,2.550000,2.550000,2.550000,2.549900,2.549600,2.548900,2.547100,2.542700,2.533300,2.514300,2.479200,2.418700,2.321600,2.176100,1.969800,1.690100
2.550000,2.550000,2.550000,2.550000,2.550000,2.550000,2.550000,2.550000,2.549900,2.549600,2.548900,2.547000,2.542700,2.533200,2.514200,2.479000,2.418500,2.321400,2.175800,1.969400,1.689800
2.550000,2.550000,2.550000,2.550000,2.550000,2.550000,2.550000,2.550000,2.549900,2.549600,2.548900,2.547000,2.542700,2.533200,2.514200,2.478900,2.418300,2.321100,2.175500,1.969100,1.689500
2.550000,2.550000,2.550000,2.550000,2.550000,2.550000,2.550000,2.550000,2.549900,2.549600,2.548900,2.547000,2.542600,2.533100,2.514100,2.478800,2.418100,2.320900,2.175200,1.968800,1.689200
2.550000,2.550000,2.550000,2.550000,2.550000,2.550000,2.550000,2.550000,2.549900,2.549600,2.548900,2.547000,2.542600,2.533100,2.514000,2.478600,2.417900,2.320600,2.174900,1.968500,1.688900
2.550000,2.550000,2.550000,2.550000,2.550000,2.550000,2.550000,2.550000,2.549900,2.549600,2.548900,2.547000,2.542600,2.533000,2.513900,2.478500,2.417700,2.320400,2.174600,1.968200,1.688600
2.550000,2.550000,2.550000,2.550000,2.550000,2.550000,2.550000,2.550000,2.549900,2.549600,2.548900,2.547000,2.542500,2.533000,2.513800,2.478300,2.417500,2.320100,2.174300,1.967800,1.688300
2.550000,2.550000,2.550000,2.550000,2.550000,2.550000,2.550000,2.550000,2.549900,2.549600,2.548900,2.547000,2.542500,2.532900,2.513700,2.478200,2.417300,2.319900,2.174000,1.967500,1.687900
2.550000,2.550000,2.550000,2.550000,2.550000,2.550000,2.550000,2.550000,2.549900,2.549600,2.548800,2.546900,2.542500,2.532900,2.513600,2.478100,2.417100,2.319600,2.173700,1.967200,1.687600
2.550000,2.550000,2.550000,2.550000,2.550000,2.550000,2.550000,2.550000,2.549900,2.549600,2.548800,2.546900,2.542500,2.532800,2.513500,2.477900,2.416900,2.319400,2.173400,1.966900,1.687300
2.550000,2.550000,2.550000,2.550000,2.550000,2.550000,2.550000,2.550000,2.549900,2.549600,2.548800,2.546900,2.542400,2.532800,2.513500,2.477800,2.416700,2.319100,2.173100,1.966600,1.687000
2.550000,2.550000,2.550000,2.550000,2.550000,2.550000,2.550000,2.550000,2.549900,2.549600,2.548800,2.546900,2.542400,2.532700,2.513400,2.477700,2.416500,2.318900,2.172800,1.966200,1.686700
2.550000,2.550000,2.550000,2.550000,2.550000,2.550000,2.550000,2.550000,2.549900,2.549600,2.548800,2.546900,2.542400,2.532700,2.513300,2.477500,2.416300,2.318600,2.172500,1.965900,1.686400
2.550000,2.550000,2.550000,2.550000,2.550000,2.550000,2.550000,2.550000,2.549900,2.549600,2.548800,2.546900,2.542400,2.532600,2.513200,2.477400,2.416100,2.318400,2.172200,1.965600,1.686100
2.550000,2.550000,2.550000,2.550000,2.550000,2.550000,2.550000,2.550000,2.549900,2.549600,2.548800,2.546900,2.542300,2.532600,2.513100,2.477200,2.415900,2.318100,2.171900,1.965300,1.685800
2.550000,2.550000,2.550000,2.550000,2.550000,2.550000,2.550000,2.550000,2.549900,2.549600,2.548800,2.546900,2.542300,2.532500,2.513000,2.477100,2.415700,2.317800,2.171600,1.965000,1.685500
2.550000,2.550000,2.550000,2.550000,2.550000,2.550000,2.550000,2.550000,2.549900,2.549600,2.548800,2.546800,2.542300,2.532500,2.512900,2.477000,2.415500,2.317600,2.171300,1.964600,1.685200
2.550000,2.550000,2.550000,2.550000,2.550000,2.550000,2.550000,2.550000,2.549900,2.549600,2.548800,2.546800,2.542200,2.532400,2.512800,2.476800,2.415300,2.317300,2.171000,1.964300,1.684900
2.550000,2.550000,2.550000,2.550000,2.550000,2.550000,2.550000,2.550000,2.549900,2.549600,2.548800,2.546800,2.542200,2.532300,2.512700,2.476700,2.415100,2.317100,2.170700,1.964000,1.684600
2.550000,2.550000,2.550000,2.550000,2.550000,2.550000,2.550000,2.550000,2.549900,2.549600,2.548800,2.546800,2.542200,2.532300,2.512700,2.476600,2.414900,2.316800,2.170400,1.963700,1.684300
2.550000,2.550000,2.550000,2.550000,2.550000,2.550000,2.550000,2.550000,2.549900,2.549600,2.548800,2.546800,2.542200,2.532200,2.512600,2.476400,2.414700,2.316600,2.170100,1.963400,1.684000
2.550000,2.550000,2.550000,2.550000,2.550000,2.550000,2.550000,2.550000,2.549900,2.549600,2.548800,2.546800,2.542100,2.532200,2.512500,2.476300,2.414500,2.316300,2.169800,1.963000,1.683600
2.550000,2.550000,2.550000,2.550000,2.550000,2.550000,2.550000,2.550000,2.549900,2.549600,2.548800,2.546800,2.542100,2.532100,2.512400,2.476100,2.414400,2.316100,2.169500,1.962700,1.683300
2.550000,2.550000,2.550000,2.550000,2.550000,2.550000,2.550000,2.550000,2.549900,2.549600,2.548800,2.546700,2.542100,2.532100,2.512300,2.476000,2.414200,2.315800,2.169200,1.962400,1.683000
2.550000,2.550000,2.550000,2.550000,2.550000,2.550000,2.550000,2.550000,2.549900,2.549600,2.548800,2.546700,2.542000,2.532000,2.512200,2.475900,2.414000,2.315600,2.168900,1.962100,1.682700
2.550000,2.550000,2.550000,2.550000,2.550000,2.550000,2.550000,2.550000,2.549900,2.549600,2.548700,2.546700,2.542000,2.532000,2.512100,2.475700,2.413800,2.315300,2.168600,1.961800,1.682400
2.550000,2.550000,2.550000,2.550000,2.550000,2.550000,2.550000,2.550000,2.549900,2.549600,2.548700,2.546700,2.542000,2.531900,2.512000,2.475600,2.413600,2.315100,2.168300,1.961500,1.682100
2.550000,2.550000,2.550000,2.550000,2.550000,2.550000,2.550000,2.550000,2.549900,2.549500,2.548700,2.546700,2.542000,2.531900,2.511900,2.475500,2.413400,2.314800,2.168000,1.961100,1.681800
2.550000,2.550000,2.550000,2.550000,2.550000,2.550000,2.550000,2.550000,2.549900,2.549500,2.548700,2.546700,2.541900,2.531800,2.511900,2.475300,2.413200,2.314600,2.167700,1.960800,1.681500
2.550000,2.550000,2.550000,2.550000,2.550000,2.550000,2.550000,2.550000,2.549800,2.549500,2.548700,2.546700,2.541900,2.531800,2.511800,2.475200,2.413000,2.314300,2.167400,1.960500,1.681200
2.550000,2.550000,2.550000,2.550000,2.550000,2.550000,2.550000,2.550000,2.549800,2.549500,2.548700,2.546600,2.541900,2.531700,2.511700,2.475000,2.412800,2.314100,2.167100,1.960200,1.680900
2.550000,2.550000,2.550000,2.550000,2.550000,2.550000,2.550000,2.550000,2.549800,2.549500,2.548700,2.546600,2.541800,2.531700,2.511600,2.474900,2.412600,2.313800,2.166800,1.959900,1.680600
2.550000,2.550000,2.550000,2.550000,2.550000,2.550000,2.550000,2.550000,2.549800,2.549500,2.548700,2.546600,2.541800,2.531600,2.511500,2.474800,2.412400,2.313600,2.166500,1.959600,1.680300
2.550000,2.550000,2.550000,2.550000,2.550000,2.550000,2.550000,2.550000,2.549800,2.549500,2.548700,2.546600,2.541800,2.531600,2.511400,2.474600,2.412200,2.313300,2.166200,1.959200,1.680000
2.550000,2.550000,2.550000,2.550000,2.550000,2.550000,2.550000,2.550000,2.549800,2.549500,2.548700,2.546600,2.541800,2.531500,2.511300,2.474500,2.412000,2.313000,2.165900,1.958900,1.679700
2.550000,2.550000,2.550000,2.550000,2.550000,2.550000,2.550000,2.550000,2.549800,2.549500,2.548700,2.546600,2.541700,2.531500,2.511200,2.474400,2.411800,2.312800,2.165600,1.958600,1.679400
2.550000,2.550000,2.550000,2.550000,2.550000,2.550000,2.550000,2.550000,2.549800,2.549500,2.548700,2.546600,2.541700,2.531400,2.511100,2.474200,2.411600,2.312500,2.165300,1.958300,1.679100
2.550000,2.550000,2.550000,2.550000,2.550000,2.550000,2.550000,2.550000,2.549800,2.549500,2.548700,2.546500,2.541700,2.531300,2.511000,2.474100,2.411400,2.312300,2.165000,1.958000,1.678800
2.550000,2.550000,2.550000,2.550000,2.550000,2.550000,2.550000,2.550000,2.549800,2.549500,2.548700,2.546500,2.541600,2.531300,2.511000,2.473900,2.411200,2.312000,2.164700,1.957700,1.678500
2.550000,2.550000,2.550000,2.550000,2.550000,2.550000,2.550000,2.549900,2.549800,2.549500,2.548700,2.546500,2.541600,2.531200,2.510900,2.473800,2.411000,2.311800,2.164400,1.957300,1.678200
2.550000,2.550000,2.550000,2.550000,2.550000,2.550000,2.550000,2.549900,2.549800,2.549500,2.548600,2.546500,2.541600,2.531200,2.510800,2.473700,2.410800,2.311500,2.164100,1.957000,1.677900
2.550000,2.550000,2.550000,2.550000,2.550000,2.550000,2.550000,2.549900,2.549800,2.549500,2.548600,2.546500,2.541600,2.531100,2.510700,2.473500,2.410600,2.311300,2.163800,1.956700,1.677600
2.550000,2.550000,2.550000,2.550000,2.550000,2.550000,2.550000,2.549900,2.549800,2.549500,2.548600,2.546500,2.541500,2.531100,2.510600,2.473400,2.410400,2.311000,2.163600,1.956400,1.677300
2.550000,2.550000,2.550000,2.550000,2.550000,2.550000,2.550000,2.549900,2.549800,2.549500,2.548600,2.546500,2.541500,2.531000,2.510500,2.473200,2.410200,2.310800,2.163300,1.956100,1.677000
2.550000,2.550000,2.550000,2.550000,2.550000,2.550000,2.550000,2.549900,2.549800,2.549500,2.548600,2.546400,2.541500,2.531000,2.510400,2.473100,2.410100,2.310500,2.163000,1.955800,1.676700
2.550000,2.550000,2.550000,2.550000,2.550000,2.550000,2.550000,2.549900,2.549800,2.549500,2.548600,2.546400,2.541400,2.530900,2.510300,2.473000,2.409900,2.310300,2.162700,1.955500,1.676400
2.550000,2.550000,2.550000,2.550000,2.550000,2.550000,2.550000,2.549900,2.549800,2.549500,2.548600,2.546400,2.541400,2.530900,2.510200,2.472800,2.409700,2.310000,2.162400,1.955100,1.676100
2.550000,2.550000,2.550000,2.550000,2.550000,2.550000,2.550000,2.549900,2.549800,2.549500,2.548600,2.546400,2.541400,2.530800,2.510100,2.472700,2.409500,2.309800,2.162100,1.954800,1.675800
2.550000,2.550000,2.550000,2.550000,2.550000,2.550000,2.550000,2.549900,2.549800,2.549500,2.548600,2.546400,2.541400,2.530800,2.510100,2.472500,2.409300,2.309500,2.161800,1.954500,1.675500
2.550000,2.550000,2.550000,2.550000,2.550000,2.550000,2.550000,2.549900,2.549800,2.549500,2.548600,2.546400,2.541300,2.530700,2.510000,2.472400,2.409100,2.309300,2.161500,1.954200,1.675200
2.550000,2.550000,2.550000,2.550000,2.550000,2.550000,2.550000,2.549900,2.549800,2.549500,2.548600,2.546400,2.541300,2.530600,2.509900,2.472300,2.408900,2.309000,2.161200,1.953900,1.674900
2.550000,2.550000,2.550000,2.550000,2.550000,2.550000,2.550000,2.549900,2.549800,2.549500,2.548600,2.546300,2.541300,2.530600,2.509800,2.472100,2.408700,2.308800,2.160900,1.953600,1.674600
2.550000,2.550000,2.550000,2.550000,2.550000,2.550000,2.550000,2.549900,2.549800,2.549500,2.548600,2.546300,2.541200,2.530500,2.509700,2.472000,2.408500,2.308500,2.160600,1.953300,1.674300
2.550000,2.550000,2.550000,2.550000,2.550000,2.550000,2.550000,2.549900,2.549800,2.549500,2.548600,2.546300,2.541200,2.530500,2.509600,2.471800,2.408300,2.308300,2.160300,1.953000,1.674000
2.550000,2.550000,2.550000,2.550000,2.550000,2.550000,2.550000,2.549900,2.549800,2.549500,2.548600,2.546300,2.541200,2.530400,2.509500,2.471700,2.408100,2.308000,2.160000,1.952600,1.673700
2.550000,2.550000,2.550000,2.550000,2.550000,2.550000,2.550000,2.549900,2.549800,2.549500,2.548500,2.546300,2.541100,2.530400,2.509400,2.471600,2.407900,2.307800,2.159700,1.952300,1.673400
2.550000,2.550000,2.550000,2.550000,2.550000,2.550000,2.550000,2.549900,2.549800,2.549500,2.548500,2.546300,2.541100,2.530300,2.509300,2.471400,2.407700,2.307500,2.159400,1.952000,1.673100
2.550000,2.550000,2.550000,2.550000,2.550000,2.550000,2.550000,2.549900,2.549800,2.549500,2.548500,2.546200,2.541100,2.530300,2.509200,2.471300,2.407500,2.307300,2.159100,1.951700,1.672800
2.550000,2.550000,2.550000,2.550000,2.550000,2.550000,2.550000,2.549900,2.549800,2.549500,2.548500,2.546200,2.541100,2.530200,2.509100,2.471100,2.407300,2.307000,2.158900,1.951400,1.672500
2.550000,2.550000,2.550000,2.550000,2.550000,2.550000,2.550000,2.549900,2.549800,2.549500,2.548500,2.546200,2.541000,2.530100,2.509000,2.471000,2.407100,2.306800,2.158600,1.951100,1.672200
2.550000,2.550000,2.550000,2.550000,2.550000,2.550000,2.550000,2.549900,2.549800,2.549500,2.548500,2.546200,2.541000,2.530100,2.509000,2.470900,2.406900,2.306500,2.158300,1.950800,1.671900
2.550000,2.550000,2.550000,2.550000,2.550000,2.550000,2.550000,2.549900,2.549800,2.549500,2.548500,2.546200,2.541000,2.530000,2.508900,2.470700,2.406700,2.306300,2.158000,1.950500,1.671600
2.550000,2.550000,2.550000,2.550000,2.550000,2.550000,2.550000,2.549900,2.549800,2.549400,2.548500,2.546200,2.540900,2.530000,2.508800,2.470600,2.406500,2.306000,2.157700,1.950200,1.671300
2.550000,2.550000,2.550000,2.550000,2.550000,2.550000,2.550000,2.549900,2.549800,2.549400,2.548500,2.546200,2.540900,2.529900,2.508700,2.470400,2.406300,2.305800,2.157400,1.949800,1.671000
2.550000,2.550000,2.550000,2.550000,2.550000,2.550000,2.550000,2.549900,2.549800,2.549400,2.548500,2.546100,2.540900,2.529900,2.508600,2.470300,2.406100,2.305500,2.157100,1.949500,1.670700
2.550000,2.550000,2.550000,2.550000,2.550000,2.550000,2.550000,2.549900,2.549800,2.549400,2.548500,2.546100,2.540800,2.529800,2.508500,2.470200,2.405900,2.305300,2.156800,1.949200,1.670400
2.550000,2.550000,2.550000,2.550000,2.550000,2.550000,2.550000,2.549900,2.549800,2.549400,2.548500,2.546100,2.540800,2.529800,2.508400,2.470000,2.405800,2.305000,2.156500,1.948900,1.670100
2.550000,2.550000,2.550000,2.550000,2.550000,2.550000,2.550000,2.549900,2.549800,2.549400,2.548500,2.546100,2.540800,2.529700,2.508300,2.469900,2.405600,2.304800,2.156200,1.948600,1.669800
2.550000,2.550000,2.550000,2.550000,2.550000,2.550000,2.550000,2.549900,2.549800,2.549400,2.548500,2.546100,2.540700,2.529700,2.508200,2.469700,2.405400,2.304500,2.155900,1.948300,1.669500
2.550000,2.550000,2.550000,2.550000,2.550000,2.550000,2.550000,2.549900,2.549800,2.549400,2.548400,2.546100,2.540700,2.529600,2.508100,2.469600,2.405200,2.304300,2.155600,1.948000,1.669200
2.550000,2.550000,2.550000,2.550000,2.550000,2.550000,2.550000,2.549900,2.549800,2.549400,2.548400,2.546000,2.540700,2.529500,2.508000,2.469500,2.405000,2.304000,2.155400,1.947700,1.668900
2.550000,2.550000,2.550000,2.550000,2.550000,2.550000,2.550000,2.549900,2.549800,2.549400,2.548400,2.546000,2.540700,2.529500,2.507900,2.469300,2.404800,2.303800,2.155100,1.947400,1.668600
2.550000,2.550000,2.550000,2.550000,2.550000,2.550000,2.550000,2.549900,2.549800,2.549400,2.548400,2.546000,2.540600,2.529400,2.507900,2.469200,2.404600,2.303500,2.154800,1.947100,1.668300
2.550000,2.550000,2.550000,2.550000,2.550000,2.550000,2.550000,2.549900,2.549800,2.549400,2.548400,2.546000,2.540600,2.529400,2.507800,2.469000,2.404400,2.303300,2.154500,1.946800,1.668000
2.550000,2.550000,2.550000,2.550000,2.550000,2.550000,2.550000,2.549900,2.549800,2.549400,2.548400,2.546000,2.540600,2.529300,2.507700,2.468900,2.404200,2.303000,2.154200,1.946400,1.667700
2.550000,2.550000,2.550000,2.550000,2.550000,2.550000,2.550000,2.549900,2.549800,2.549400,2.548400,2.546000,2.540500,2.529300,2.507600,2.468800,2.404000,2.302800,2.153900,1.946100,1.667400
2.550000,2.550000,2.550000,2.550000,2.550000,2.550000,2.550000,2.549900,2.549800,2.549400,2.548400,2.546000,2.540500,2.529200,2.507500,2.468600,2.403800,2.302500,2.153600,1.945800,1.667100
2.550000,2.550000,2.550000,2.550000,2.550000,2.550000,2.550000,2.549900,2.549800,2.549400,2.548400,2.545900,2.540500,2.529100,2.507400,2.468500,2.403600,2.302300,2.153300,1.945500,1.666800
2.550000,2.550000,2.550000,2.550000,2.550000,2.550000,2.550000,2.549900,2.549800,2.549400,2.548400,2.545900,2.540400,2.529100,2.507300,2.468300,2.403400,2.302000,2.153000,1.945200,1.666500
2.550000,2.550000,2.550000,2.550000,2.550000,2.550000,2.550000,2.549900,2.549800,2.549400,2.548400,2.545900,2.540400,2.529000,2.507200,2.468200,2.403200,2.301800,2.152700,1.944900,1.666300
2.550000,2.550000,2.550000,2.550000,2.550000,2.550000,2.550000,2.549900,2.549800,2.549400,2.548400,2.545900,2.540400,2.529000,2.507100,2.468100,2.403000,2.301500,2.152500,1.944600,1.666000
2.550000,2.550000,2.550000,2.550000,2.550000,2.550000,2.550000,2.549900,2.549800,2.549400,2.548400,2.545900,2.540300,2.528900,2.507000,2.467900,2.402800,2.301300,2.152200,1.944300,1.665700
2.550000,2.550000,2.550000,2.550000,2.550000,2.550000,2.550000,2.549900,2.549800,2.549400,2.548300,2.545900,2.540300,2.528900,2.506900,2.467800,2.402600,2.301000,2.151900,1.944000,1.665400
2.550000,2.550000,2.550000,2.550000,2.550000,2.550000,2.550000,2.549900,2.549800,2.549400,2.548300,2.545800,2.540300,2.528800,2.506800,2.467600,2.402400,2.300800,2.151600,1.943700,1.665100
2.550000,2.550000,2.550000,2.550000,2.550000,2.550000,2.550000,2.549900,2.549800,2.549400,2.548300,2.545800,2.540200,2.528800,2.506700,2.467500,2.402200,2.300500,2.151300,1.943400,1.664800
2.550000,2.550000,2.550000,2.550000,2.550000,2.550000,2.550000,2.549900,2.549800,2.549400,2.548300,2.545800,2.540200,2.528700,2.506600,2.467400,2.402000,2.300300,2.151000,1.943100,1.664500
2.550000,2.550000,2.550000,2.550000,2.550000,2.550000,2.550000,2.549900,2.549800,2.549400,2.548300,2.545800,2.540200,2.528600,2.506600,2.467200,2.401800,2.300000,2.150700,1.942800,1.664200
2.550000,2.550000,2.550000,2.550000,2.550000,2.550000,2.550000,2.549900,2.549800,2.549400,2.548300,2.545800,2.540200,2.528600,2.506500,2.467100,2.401600,2.299800,2.150400,1.942500,1.663900
2.550000,2.550000,2.550000,2.550000,2.550000,2.550000,2.550000,2.549900,2.549800,2.549400,2.548300,2.545800,2.540100,2.528500,2.506400,2.466900,2.401500,2.299500,2.150100,1.942200,1.663600
2.550000,2.550000,2.550000,2.550000,2.550000,2.550000,2.550000,2.549900,2.549800,2.549400,2.548300,2.545700,2.540100,2.528500,2.506300,2.466800,2.401300,2.299300,2.149900,1.941800,1.663300
2.550000,2.550000,2.550000,2.550000,2.550000,2.550000,2.550000,2.549900,2.549800,2.549400,2.548300,2.545700,2.540100,2.528400,2.506200,2.466700,2.401100,2.299100,2.149600,1.941500,1.663000
2.550000,2.550000,2.550000,2.550000,2.550000,2.550000,2.550000,2.549900,2.549800,2.549400,2.548300,2.545700,2.540000,2.528400,2.506100,2.466500,2.400900,2.298800,2.149300,1.941200,1.662700
2.550000,2.550000,2.550000,2.550000,2.550000,2.550000,2.550000,2.549900,2.549800,2.549400,2.548300,2.545700,2.540000,2.528300,2.506000,2.466400,2.400700,2.298600,2.149000,1.940900,1.662400
2.550000,2.550000,2.550000,2.550000,2.550000,2.550000,2.550000,2.549900,2.549800,2.549300,2.548300,2.545700,2.540000,2.528200,2.505900,2.466200,2.400500,2.298300,2.148700,1.940600,1.662200
2.550000,2.550000,2.550000,2.550000,2.550000,2.550000,2.550000,2.549900,2.549800,2.549300,2.548300,2.545700,2.539900,2.528200,2.505800,2.466100,2.400300,2.298100,2.148400,1.940300,1.661900
2.550000,2.550000,2.550000,2.550000,2.550000,2.550000,2.550000,2.549900,2.549800,2.549300,2.548200,2.545600,2.539900,2.528100,2.505700,2.465900,2.400100,2.297800,2.148100,1.940000,1.661600
2.550000,2.550000,2.550000,2.550000,2.550000,2.550000,2.550000,2.549900,2.549800,2.549300,2.548200,2.545600,2.539900,2.528100,2.505600,2.465800,2.399900,2.297600,2.147800,1.939700,1.661300
2.550000,2.550000,2.550000,2.550000,2.550000,2.550000,2.550000,2.549900,2.549800,2.549300,2.548200,2.545600,2.539800,2.528000,2.505500,2.465700,2.399700,2.297300,2.147500,1.939400,1.661000
2.550000,2.550000,2.550000,2.550000,2.550000,2.550000,2.550000,2.549900,2.549800,2.549300,2.548200,2.545600,2.539800,2.528000,2.505400,2.465500,2.399500,2.297100,2.147300,1.939100,1.660700
2.550000,2.550000,2.550000,2.550000,2.550000,2.550000,2.550000,2.549900,2.549800,2.549300,2.548200,2.545600,2.539800,2.527900,2.505300,2.465400,2.399300,2.296800,2.147000,1.938800,1.660400
2.550000,2.550000,2.550000,2.550000,2.550000,2.550000,2.550000,2.549900,2.549800,2.549300,2.548200,2.545600,2.539700,2.527800,2.505200,2.465200,2.399100,2.296600,2.146700,1.938500,1.660100
2.550000,2.550000,2.550000,2.550000,2.550000,2.550000,2.550000,2.549900,2.549800,2.549300,2.548200,2.545500,2.539700,2.527800,2.505100,2.465100,2.398900,2.296300,2.146400,1.938200,1.659800
2.550000,2.550000,2.550000,2.550000,2.550000,2.550000,2.550000,2.549900,2.549800,2.549300,2.548200,2.545500,2.539700,2.527700,2.505000,2.465000,2.398700,2.296100,2.146100,1.937900,1.659500
2.550000,2.550000,2.550000,2.550000,2.550000,2.550000,2.550000,2.549900,2.549800,2.549300,2.548200,2.545500,2.539600,2.527700,2.505000,2.464800,2.398500,2.295800,2.145800,1.937600,1.659200
2.550000,2.550000,2.550000,2.550000,2.550000,2.550000,2.550000,2.549900,2.549800,2.549300,2.548200,2.545500,2.539600,2.527600,2.504900,2.464700,2.398300,2.295600,2.145500,1.937300,1.659000
2.550000,2.550000,2.550000,2.550000,2.550000,2.550000,2.550000,2.549900,2.549800,2.549300,2.548200,2.545500,2.539600,2.527500,2.504800,2.464500,2.398100,2.295300,2.145300,1.937000,1.658700
2.550000,2.550000,2.550000,2.550000,2.550000,2.550000,2.550000,2.549900,2.549800,2.549300,2.548200,2.545500,2.539500,2.527500,2.504700,2.464400,2.397900,2.295100,2.145000,1.936700,1.658400
2.550000,2.550000,2.550000,2.550000,2.550000,2.550000,2.550000,2.549900,2.549800,2.549300,2.548100,2.545400,2.539500,2.527400,2.504600,2.464200,2.397700,2.294800,2.144700,1.936400,1.658100
2.550000,2.550000,2.550000,2.550000,2.550000,2.550000,2.550000,2.549900,2.549700,2.549300,2.548100,2.545400,2.539500,2.527400,2.504500,2.464100,2.397500,2.294600,2.144400,1.936100,1.657800
2.550000,2.550000,2.550000,2.550000,2.550000,2.550000,2.550000,2.549900,2.549700,2.549300,2.548100,2.545400,2.539400,2.527300,2.504400,2.464000,2.397300,2.294400,2.144100,1.935800,1.657500
2.550000,2.550000,2.550000,2.550000,2.550000,2.550000,2.550000,2.549900,2.549700,2.549300,2.548100,2.545400,2.539400,2.527300,2.504300,2.463800,2.397200,2.294100,2.143800,1.935500,1.657200
2.550000,2.550000,2.550000,2.550000,2.550000,2.550000,2.550000,2.549900,2.549700,2.549300,2.548100,2.545400,2.539400,2.527200,2.504200,2.463700,2.397000,2.293900,2.143500,1.935200,1.656900
2.550000,2.550000,2.550000,2.550000,2.550000,2.550000,2.550000,2.549900,2.549700,2.549300,2.548100,2.545400,2.539300,2.527100,2.504100,2.463500,2.396800,2.293600,2.143300,1.934900,1.656600
2.550000,2.550000,2.550000,2.550000,2.550000,2.550000,2.550000,2.549900,2.549700,2.549300,2.548100,2.545300,2.539300,2.527100,2.504000,2.463400,2.396600,2.293400,2.143000,1.934600,1.656400
2.550000,2.550000,2.550000,2.550000,2.550000,2.550000,2.550000,2.549900,2.549700,2.549300,2.548100,2.545300,2.539300,2.527000,2.503900,2.463200,2.396400,2.293100,2.142700,1.934300,1.656100
2.550000,2.550000,2.550000,2.550000,2.550000,2.550000,2.550000,2.549900,2.549700,2.549300,2.548100,2.545300,2.539200,2.527000,2.503800,2.463100,2.396200,2.292900,2.142400,1.934000,1.655800
2.550000,2.550000,2.550000,2.550000,2.550000,2.550000,2.550000,2.549900,2.549700,2.549300,2.548100,2.545300,2.539200,2.526900,2.503700,2.463000,2.396000,2.292600,2.142100,1.933700,1.655500
2.550000,2.550000,2.550000,2.550000,2.550000,2.550000,2.550000,2.549900,2.549700,2.549300,2.548100,2.545300,2.539200,2.526800,2.503600,2.462800,2.395800,2.292400,2.141800,1.933400,1.655200
2.550000,2.550000,2.550000,2.550000,2.550000,2.550000,2.550000,2.549900,2.549700,2.549300,2.548100,2.545200,2.539100,2.526800,2.503500,2.462700,2.395600,2.292100,2.141500,1.933100,1.654900
2.550000,2.550000,2.550000,2.550000,2.550000,2.550000,2.550000,2.549900,2.549700,2.549300,2.548000,2.545200,2.539100,2.526700,2.503400,2.462500,2.395400,2.291900,2.141300,1.932800,1.654600
2.550000,2.550000,2.550000,2.550000,2.550000,2.550000,2.550000,2.549900,2.549700,2.549200,2.548000,2.545200,2.539100,2.526700,2.503300,2.462400,2.395200,2.291600,2.141000,1.932500,1.654300
2.550000,2.550000,2.550000,2.550000,2.550000,2.550000,2.550000,2.549900,2.549700,2.549200,2.548000,2.545200,2.539000,2.526600,2.503200,2.462300,2.395000,2.291400,2.140700,1.932200,1.654100
2.550000,2.550000,2.550000,2.550000,2.550000,2.550000,2.550000,2.549900,2.549700,2.549200,2.548000,2.545200,2.539000,2.526500,2.503100,2.462100,2.394800,2.291100,2.140400,1.931900,1.653800
2.550000,2.550000,2.550000,2.550000,2.550000,2.550000,2.550000,2.549900,2.549700,2.549200,2.548000,2.545200,2.539000,2.526500,2.503000,2.462000,2.394600,2.290900,2.140100,1.931600,1.653500
2.550000,2.550000,2.550000,2.550000,2.550000,2.550000,2.550000,2.549900,2.549700,2.549200,2.548000,2.545100,2.538900,2.526400,2.502900,2.461800,2.394400,2.290700,2.139800,1.931300,1.653200
2.550000,2.550000,2.550000,2.550000,2.550000,2.550000,2.550000,2.549900,2.549700,2.549200,2.548000,2.545100,2.538900,2.526400,2.502900,2.461700,2.394200,2.290400,2.139600,1.931000,1.652900
2.550000,2.550000,2.550000,2.550000,2.550000,2.550000,2.550000,2.549900,2.549700,2.549200,2.548000,2.545100,2.538900,2.526300,2.502800,2.461500,2.394000,2.290200,2.139300,1.930700,1.652600
2.550000,2.550000,2.550000,2.550000,2.550000,2.550000,2.550000,2.549900,2.549700,2.549200,2.548000,2.545100,2.538800,2.526200,2.502700,2.461400,2.393800,2.289900,2.139000,1.930400,1.652300
2.550000,2.550000,2.550000,2.550000,2.550000,2.550000,2.550000,2.549900,2.549700,2.549200,2.548000,2.545100,2.538800,2.526200,2.502600,2.461300,2.393600,2.289700,2.138700,1.930100,1.652000
2.550000,2.550000,2.550000,2.550000,2.550000,2.550000,2.550000,2.549900,2.549700,2.549200,2.548000,2.545000,2.538800,2.526100,2.502500,2.461100,2.393400,2.289400,2.138400,1.929800,1.651800
2.550000,2.550000,2.550000,2.550000,2.550000,2.550000,2.550000,2.549900,2.549700,2.549200,2.548000,2.545000,2.538700,2.526100,2.502400,2.461000,2.393200,2.289200,2.138100,1.929500,1.651500
2.550000,2.550000,2.550000,2.550000,2.550000,2.550000,2.550000,2.549900,2.549700,2.549200,2.547900,2.545000,2.538700,2.526000,2.502300,2.460800,2.393100,2.288900,2.137900,1.929200,1.651200
2.550000,2.550000,2.550000,2.550000,2.550000,2.550000,2.550000,2.549900,2.549700,2.549200,2.547900,2.545000,2.538700,2.525900,2.502200,2.460700,2.392900,2.288700,2.137600,1.928900,1.650900
2.550000,2.550000,2.550000,2.550000,2.550000,2.550000,2.550000,2.549900,2.549700,2.549200,2.547900,2.545000,2.538600,2.525900,2.502100,2.460500,2.392700,2.288400,2.137300,1.928600,1.650600
2.550000,2.550000,2.550000,2.550000,2.550000,2.550000,2.550000,2.549900,2.549700,2.549200,2.547900,2.545000,2.538600,2.525800,2.502000,2.460400,2.392500,2.288200,2.137000,1.928300,1.650300
2.550000,2.550000,2.550000,2.550000,2.550000,2.550000,2.550000,2.549900,2.549700,2.549200,2.547900,2.544900,2.538600,2.525800,2.501900,2.460300,2.392300,2.288000,2.136700,1.928000,1.650100
2.550000,2.550000,2.550000,2.550000,2.550000,2.550000,2.550000,2.549900,2.549700,2.549200,2.547900,2.544900,2.538500,2.525700,2.501800,2.460100,2.392100,2.287700,2.136400,1.927700,1.649800
2.550000,2.550000,2.550000,2.550000,2.550000,2.550000,2.550000,2.549900,2.549700,2.549200,2.547900,2.544900,2.538500,2.525600,2.501700,2.460000,2.391900,2.287500,2.136200,1.927400,1.649500
2.550000,2.550000,2.550000,2.550000,2.550000,2.550000,2.550000,2.549900,2.549700,2.549200,2.547900,2.544900,2.538500,2.525600,2.501600,2.459800,2.391700,2.287200,2.135900,1.927100,1.649200
2.550000,2.550000,2.550000,2.550000,2.550000,2.550000,2.550000,2.549900,2.549700,2.549200,2.547900,2.544900,2.538400,2.525500,2.501500,2.459700,2.391500,2.287000,2.135600,1.926800,1.648900
2.550000,2.550000,2.550000,2.550000,2.550000,2.550000,2.550000,2.549900,2.549700,2.549200,2.547900,2.544800,2.538400,2.525500,2.501400,2.459500,2.391300,2.286700,2.135300,1.926500,1.648600
2.550000,2.550000,2.550000,2.550000,2.550000,2.550000,2.550000,2.549900,2.549700,2.549200,2.547900,2.544800,2.538300,2.525400,2.501300,2.459400,2.391100,2.286500,2.135000,1.926200,1.648300
2.550000,2.550000,2.550000,2.550000,2.550000,2.550000,2.550000,2.549900,2.549700,2.549200,2.547800,2.544800,2.538300,2.525300,2.501200,2.459200,2.390900,2.286200,2.134800,1.925900,1.648100
2.550000,2.550000,2.550000,2.550000,2.550000,2.550000,2.550000,2.549900,2.549700,2.549200,2.547800,2.544800,2.538300,2.525300,2.501100,2.459100,2.390700,2.286000,2.134500,1.925600,1.647800
2.550000,2.550000,2.550000,2.550000,2.550000,2.550000,2.550000,2.549900,2.549700,2.549200,2.547800,2.544800,2.538200,2.525200,2.501000,2.459000,2.390500,2.285800,2.134200,1.925300,1.647500
2.550000,2.550000,2.550000,2.550000,2.550000,2.550000,2.550000,2.549900,2.549700,2.549100,2.547800,2.544800,2.538200,2.525200,2.500900,2.458800,2.390300,2.285500,2.133900,1.925000,1.647200
2.550000,2.550000,2.550000,2.550000,2.550000,2.550000,2.550000,2.549900,2.549700,2.549100,2.547800,2.544700,2.538200,2.525100,2.500800,2.458700,2.390100,2.285300,2.133600,1.924700,1.646900
2.550000,2.550000,2.550000,2.550000,2.550000,2.550000,2.550000,2.549900,2.549700,2.549100,2.547800,2.544700,2.538100,2.525000,2.500700,2.458500,2.389900,2.285000,2.133300,1.924400,1.646700
2.550000,2.550000,2.550000,2.550000,2.550000,2.550000,2.550000,2.549900,2.549700,2.549100,2.547800,2.544700,2.538100,2.525000,2.500600,2.458400,2.389700,2.284800,2.133100,1.924100,1.646400
2.550000,2.550000,2.550000,2.550000,2.550000,2.550000,2.550000,2.549900,2.549700,2.549100,2.547800,2.544700,2.538100,2.524900,2.500500,2.458200,2.389500,2.284500,2.132800,1.923800,1.646100
2.550000,2.550000,2.550000,2.550000,2.550000,2.550000,2.550000,2.549900,2.549700,2.549100,2.547800,2.544700,2.538000,2.524900,2.500400,2.458100,2.389300,2.284300,2.132500,1.923500,1.645800
2.550000,2.550000,2.550000,2.550000,2.550000,2.550000,2.550000,2.549900,2.549700,2.549100,2.547800,2.544600,2.538000,2.524800,2.500300,2.458000,2.389100,2.284000,2.132200,1.923200,1.645500
2.550000,2.550000,2.550000,2.550000,2.550000,2.550000,2.550000,2.549900,2.549700,2.549100,2.547800,2.544600,2.538000,2.524700,2.500200,2.457800,2.389000,2.283800,2.131900,1.922900,1.645200
2.550000,2.550000,2.550000,2.550000,2.550000,2.550000,2.550000,2.549900,2.549700,2.549100,2.547700,2.544600,2.537900,2.524700,2.500100,2.457700,2.388800,2.283600,2.131700,1.922600,1.645000
2.550000,2.550000,2.550000,2.550000,2.550000,2.550000,2.550000,2.549900,2.549700,2.549100,2.547700,2.544600,2.537900,2.524600,2.500000,2.457500,2.388600,2.283300,2.131400,1.922400,1.644700
2.550000,2.550000,2.550000,2.550000,2.550000,2.550000,2.550000,2.549900,2.549700,2.549100,2.547700,2.544600,2.537900,2.524600,2.499900,2.457400,2.388400,2.283100,2.131100,1.922100,1.644400
2.550000,2.550000,2.550000,2.550000,2.550000,2.550000,2.550000,2.549900,2.549700,2.549100,2.547700,2.544500,2.537800,2.524500,2.499800,2.457200,2.388200,2.282800,2.130800,1.921800,1.644100
2.550000,2.550000,2.550000,2.550000,2.550000,2.550000,2.550000,2.549900,2.549700,2.549100,2.547700,2.544500,2.537800,2.524400,2.499700,2.457100,2.388000,2.282600,2.130500,1.921500,1.643800
2.550000,2.550000,2.550000,2.550000,2.550000,2.550000,2.550000,2.549900,2.549700,2.549100,2.547700,2.544500,2.537700,2.524400,2.499700,2.456900,2.387800,2.282300,2.130300,1.921200,1.643600
2.550000,2.550000,2.550000,2.550000,2.550000,2.550000,2.550000,2.549900,2.549700,2.549100,2.547700,2.544500,2.537700,2.524300,2.499600,2.456800,2.387600,2.282100,2.130000,1.920900,1.643300
2.550000,2.550000,2.550000,2.550000,2.550000,2.550000,2.550000,2.549900,2.549700,2.549100,2.547700,2.544500,2.537700,2.524200,2.499500,2.456700,2.387400,2.281900,2.129700,1.920600,1.643000
2.550000,2.550000,2.550000,2.550000,2.550000,2.550000,2.550000,2.549900,2.549700,2.549100,2.547700,2.544500,2.537600,2.524200,2.499400,2.456500,2.387200,2.281600,2.129400,1.920300,1.642700
2.550000,2.550000,2.550000,2.550000,2.550000,2.550000,2.550000,2.549900,2.549700,2.549100,2.547700,2.544400,2.537600,2.524100,2.499300,2.456400,2.387000,2.281400,2.129100,1.920000,1.642400
2.550000,2.550000,2.550000,2.550000,2.550000,2.550000,2.550000,2.549900,2.549700,2.549100,2.547600,2.544400,2.537600,2.524100,2.499200,2.456200,2.386800,2.281100,2.128900,1.919700,1.642100
2.550000,2.550000,2.550000,2.550000,2.550000,2.550000,2.550000,2.549900,2.549700,2.549100,2.547600,2.544400,2.537500,2.524000,2.499100,2.456100,2.386600,2.280900,2.128600,1.919400,1.641900
2.550000,2.550000,2.550000,2.550000,2.550000,2.550000,2.550000,2.549900,2.549700,2.549100,2.547600,2.544400,2.537500,2.523900,2.499000,2.455900,2.386400,2.280600,2.128300,1.919100,1.641600
2.550000,2.550000,2.550000,2.550000,2.550000,2.550000,2.550000,2.549900,2.549700,2.549100,2.547600,2.544400,2.537500,2.523900,2.498900,2.455800,2.386200,2.280400,2.128000,1.918800,1.641300
2.550000,2.550000,2.550000,2.550000,2.550000,2.550000,2.550000,2.549900,2.549600,2.549100,2.547600,2.544300,2.537400,2.523800,2.498800,2.455700,2.386000,2.280200,2.127800,1.918500,1.641000
2.550000,2.550000,2.550000,2.550000,2.550000,2.550000,2.550000,2.549900,2.549600,2.549000,2.547600,2.544300,2.537400,2.523700,2.498700,2.455500,2.385800,2.279900,2.127500,1.918200,1.640800
2.550000,2.550000,2.550000,2.550000,2.550000,2.550000,2.550000,2.549900,2.549600,2.549000,2.547600,2.544300,2.537400,2.523700,2.498600,2.455400,2.385600,2.279700,2.127200,1.918000,1.640500
2.550000,2.550000,2.550000,2.550000,2.550000,2.550000,2.550000,2.549900,2.549600,2.549000,2.547600,2.544300,2.537300,2.523600,2.498500,2.455200,2.385400,2.279400,2.126900,1.917700,1.640200
2.550000,2.550000,2.550000,2.550000,2.550000,2.550000,2.550000,2.549900,2.549600,2.549000,2.547600,2.544300,2.537300,2.523600,2.498400,2.455100,2.385300,2.279200,2.126600,1.917400,1.639900
2.550000,2.550000,2.550000,2.550000,2.550000,2.550000,2.550000,2.549900,2.549600,2.549000,2.547600,2.544200,2.537200,2.523500,2.498300,2.454900,2.385100,2.278900,2.126400,1.917100,1.639600
2.550000,2.550000,2.550000,2.550000,2.550000,2.550000,2.550000,2.549900,2.549600,2.549000,2.547500,2.544200,2.537200,2.523400,2.498200,2.454800,2.384900,2.278700,2.126100,1.916800,1.639400
2.550000,2.550000,2.550000,2.550000,2.550000,2.550000,2.550000,2.549900,2.549600,2.549000,2.547500,2.544200,2.537200,2.523400,2.498100,2.454600,2.384700,2.278500,2.125800,1.916500,1.639100
2.550000,2.550000,2.550000,2.550000,2.550000,2.550000,2.550000,2.549900,2.549600,2.549000,2.547500,2.544200,2.537100,2.523300,2.498000,2.454500,2.384500,2.278200,2.125500,1.916200,1.638800
2.550000,2.550000,2.550000,2.550000,2.550000,2.550000,2.550000,2.549900,2.549600,2.549000,2.547500,2.544200,2.537100,2.523200,2.497900,2.454400,2.384300,2.278000,2.125300,1.915900,1.638500
2.550000,2.550000,2.550000,2.550000,2.550000,2.550000,2.550000,2.549900,2.549600,2.549000,2.547500,2.544100,2.537100,2.523200,2.497800,2.454200,2.384100,2.277700,2.125000,1.915600,1.638200
2.550000,2.550000,2.550000,2.550000,2.550000,2.550000,2.550000,2.549900,2.549600,2.549000,2.547500,2.544100,2.537000,2.523100,2.497700,2.454100,2.383900,2.277500,2.124700,1.915300,1.638000
2.550000,2.550000,2.550000,2.550000,2.550000,2.550000,2.550000,2.549900,2.549600,2.549000,2.547500,2.544100,2.537000,2.523100,2.497600,2.453900,2.383700,2.277200,2.124400,1.915000,1.637700
2.550000,2.550000,2.550000,2.550000,2.550000,2.550000,2.550000,2.549900,2.549600,2.549000,2.547500,2.544100,2.536900,2.523000,2.497500,2.453800,2.383500,2.277000,2.124100,1.914800,1.637400
2.550000,2.550000,2.550000,2.550000,2.550000,2.550000,2.550000,2.549900,2.549600,2.549000,2.547500,2.544100,2.536900,2.522900,2.497400,2.453600,2.383300,2.276800,2.123900,1.914500,1.637100
2.550000,2.550000,2.550000,2.550000,2.550000,2.550000,2.550000,2.549900,2.549600,2.549000,2.547500,2.544000,2.536900,2.522900,2.497300,2.453500,2.383100,2.276500,2.123600,1.914200,1.636900
2.550000,2.550000,2.550000,2.550000,2.550000,2.550000,2.550000,2.549900,2.549600,2.549000,2.547400,2.544000,2.536800,2.522800,2.497200,2.453300,2.382900,2.276300,2.123300,1.913900,1.636600
2.550000,2.550000,2.550000,2.550000,2.550000,2.550000,2.550000,2.549900,2.549600,2.549000,2.547400,2.544000,2.536800,2.522700,2.497100,2.453200,2.382700,2.276000,2.123000,1.913600,1.636300
2.550000,2.550000,2.550000,2.550000,2.550000,2.550000,2.550000,2.549900,2.549600,2.549000,2.547400,2.544000,2.536800,2.522700,2.497000,2.453100,2.382500,2.275800,2.122800,1.913300,1.636000
2.550000,2.550000,2.550000,2.550000,2.550000,2.550000,2.550000,2.549900,2.549600,2.549000,2.547400,2.544000,2.536700,2.522600,2.496900,2.452900,2.382300,2.275600,2.122500,1.913000,1.635800
2.550000,2.550000,2.550000,2.550000,2.550000,2.550000,2.550000,2.549900,2.549600,2.549000,2.547400,2.543900,2.536700,2.522600,2.496800,2.452800,2.382100,2.275300,2.122200,1.912700,1.635500
2.550000,2.550000,2.550000,2.550000,2.550000,2.550000,2.550000,2.549900,2.549600,2.549000,2.547400,2.543900,2.536700,2.522500,2.496700,2.452600,2.381900,2.275100,2.121900,1.912400,1.635200
2.550000,2.550000,2.550000,2.550000,2.550000,2.550000,2.550000,2.549900,2.549600,2.549000,2.547400,2.543900,2.536600,2.522400,2.496600,2.452500,2.381700,2.274800,2.121700,1.912100,1.634900
2.550000,2.550000,2.550000,2.550000,2.550000,2.550000,2.550000,2.549900,2.549600,2.548900,2.547400,2.543900,2.536600,2.522400,2.496500,2.452300,2.381600,2.274600,2.121400,1.911900,1.634700
2.550000,2.550000,2.550000,2.550000,2.550000,2.550000,2.550000,2.549900,2.549600,2.548900,2.547400,2.543900,2.536500,2.522300,2.496400,2.452200,2.381400,2.274300,2.121100,1.911600,1.634400
2.550000,2.550000,2.550000,2.550000,2.550000,2.550000,2.550000,2.549900,2.549600,2.548900,2.547400,2.543800,2.536500,2.522200,2.496300,2.452000,2.381200,2.274100,2.120800,1.911300,1.634100
2.550000,2.550000,2.550000,2.550000,2.550000,2.550000,2.550000,2.549900,2.549600,2.548900,2.547300,2.543800,2.536500,2.522200,2.496200,2.451900,2.381000,2.273900,2.120600,1.911000,1.633800
2.550000,2.550000,2.550000,2.550000,2.550000,2.550000,2.550000,2.549900,2.549600,2.548900,2.547300,2.543800,2.536400,2.522100,2.496100,2.451700,2.380800,2.273600,2.120300,1.910700,1.633600
2.550000,2.550000,2.550000,2.550000,2.550000,2.550000,2.550000,2.549900,2.549600,2.548900,2.547300,2.543800,2.536400,2.522000,2.496000,2.451600,2.380600,2.273400,2.120000,1.910400,1.633300
2.550000,2.550000,2.550000,2.550000,2.550000,2.550000,2.550000,2.549900,2.549600,2.548900,2.547300,2.543800,2.536400,2.522000,2.495900,2.451500,2.380400,2.273100,2.119700,1.910100,1.633000
2.550000,2.550000,2.550000,2.550000,2.550000,2.550000,2.550000,2.549900,2.549600,2.548900,2.547300,2.543700,2.536300,2.521900,2.495800,2.451300,2.380200,2.272900,2.119500,1.909800,1.632700
2.550000,2.550000,2.550000,2.550000,2.550000,2.550000,2.550000,2.549900,2.549600,2.548900,2.547300,2.543700,2.536300,2.521900,2.495700,2.451200,2.380000,2.272700,2.119200,1.909600,1.632500
2.550000,2.550000,2.550000,2.550000,2.550000,2.550000,2.549900,2.549900,2.549600,2.548900,2.547300,2.543700,2.536200,2.521800,2.495600,2.451000,2.379800,2.272400,2.118900,1.909300,1.632200
2.550000,2.550000,2.550000,2.550000,2.550000,2.550000,2.549900,2.549900,2.549600,2.548900,2.547300,2.543700,2.536200,2.521700,2.495500,2.450900,2.379600,2.272200,2.118600,1.909000,1.631900
2.550000,2.550000,2.550000,2.550000,2.550000,2.550000,2.549900,2.549800,2.549600,2.548900,2.547300,2.543600,2.536200,2.521700,2.495400,2.450700,2.379400,2.271900,2.118400,1.908700,1.631600
2.550000,2.550000,2.550000,2.550000,2.550000,2.550000,2.549900,2.549800,2.549600,2.548900,2.547300,2.543600,2.536100,2.521600,2.495300,2.450600,2.379200,2.271700,2.118100,1.908400,1.631400
2.550000,2.550000,2.550000,2.550000,2.550000,2.550000,2.549900,2.549800,2.549600,2.548900,2.547200,2.543600,2.536100,2.521500,2.495200,2.450400,2.379000,2.271500,2.117800,1.908100,1.631100
2.550000,2.550000,2.550000,2.550000,2.550000,2.550000,2.549900,2.549800,2.549600,2.548900,2.547200,2.543600,2.536000,2.521500,2.495100,2.450300,2.378800,2.271200,2.117500,1.907800,1.630800
2.550000,2.550000,2.550000,2.550000,2.550000,2.550000,2.549900,2.549800,2.549600,2.548900,2.547200,2.543600,2.536000,2.521400,2.495000,2.450100,2.378600,2.271000,2.117300,1.907500,1.630500
2.550000,2.550000,2.550000,2.550000,2.550000,2.550000,2.549900,2.549800,2.549600,2.548900,2.547200,2.543500,2.536000,2.521300,2.494900,2.450000,2.378400,2.270700,2.117000,1.907300,1.630300
2.550000,2.550000,2.550000,2.550000,2.550000,2.550000,2.549900,2.549800,2.549600,2.548900,2.547200,2.543500,2.535900,2.521300,2.494800,2.449900,2.378200,2.270500,2.116700,1.907000,1.630000
2.550000,2.550000,2.550000,2.550000,2.550000,2.550000,2.549900,2.549800,2.549600,2.548900,2.547200,2.543500,2.535900,2.521200,2.494700,2.449700,2.378000,2.270300,2.116500,1.906700,1.629700
2.550000,2.550000,2.550000,2.550000,2.550000,2.550000,2.549900,2.549800,2.549600,2.548900,2.547200,2.543500,2.535900,2.521100,2.494600,2.449600,2.377900,2.270000,2.116200,1.906400,1.629400
2.550000,2.550000,2.550000,2.550000,2.550000,2.550000,2.549900,2.549800,2.549600,2.548800,2.547200,2.543500,2.535800,2.521100,2.494500,2.449400,2.377700,2.269800,2.115900,1.906100,1.629200
2.550000,2.550000,2.550000,2.550000,2.550000,2.550000,2.549900,2.549800,2.549600,2.548800,2.547200,2.543400,2.535800,2.521000,2.494400,2.449300,2.377500,2.269500,2.115600,1.905800,1.628900
2.550000,2.550000,2.550000,2.550000,2.550000,2.550000,2.549900,2.549800,2.549600,2.548800,2.547100,2.543400,2.535700,2.520900,2.494300,2.449100,2.377300,2.269300,2.115400,1.905500,1.628600
2.550000,2.550000,2.550000,2.550000,2.550000,2.550000,2.549900,2.549800,2.549600,2.548800,2.547100,2.543400,2.535700,2.520900,2.494200,2.449000,2.377100,2.269100,2.115100,1.905300,1.628400
2.550000,2.550000,2.550000,2.550000,2.550000,2.550000,2.549900,2.549800,2.549500,2.548800,2.547100,2.543400,2.535700,2.520800,2.494100,2.448800,2.376900,2.268800,2.114800,1.905000,1.628100
2.550000,2.550000,2.550000,2.550000,2.550000,2.550000,2.549900,2.549800,2.549500,2.548800,2.547100,2.543400,2.535600,2.520800,2.494000,2.448700,2.376700,2.268600,2.114500,1.904700,1.627800
2.550000,2.550000,2.550000,2.550000,2.550000,2.550000,2.549900,2.549800,2.549500,2.548800,2.547100,2.543300,2.535600,2.520700,2.493900,2.448500,2.376500,2.268300,2.114300,1.904400,1.627500
2.550000,2.550000,2.550000,2.550000,2.550000,2.550000,2.549900,2.549800,2.549500,2.548800,2.547100,2.543300,2.535500,2.520600,2.493800,2.448400,2.376300,2.268100,2.114000,1.904100,1.627300
2.550000,2.550000,2.550000,2.550000,2.550000,2.550000,2.549900,2.549800,2.549500,2.548800,2.547100,2.543300,2.535500,2.520600,2.493700,2.448300,2.376100,2.267900,2.113700,1.903800,1.627000
2.550000,2.550000,2.550000,2.550000,2.550000,2.550000,2.549900,2.549800,2.549500,2.548800,2.547100,2.543300,2.535500,2.520500,2.493600,2.448100,2.375900,2.267600,2.113500,1.903600,1.626700
2.550000,2.550000,2.550000,2.550000,2.550000,2.550000,2.549900,2.549800,2.549500,2.548800,2.547100,2.543200,2.535400,2.520400,2.493500,2.448000,2.375700,2.267400,2.113200,1.903300,1.626500
2.550000,2.550000,2.550000,2.550000,2.550000,2.550000,2.549900,2.549800,2.549500,2.548800,2.547000,2.543200,2.535400,2.520400,2.493400,2.447800,2.375500,2.267100,2.112900,1.903000,1.626200
2.550000,2.550000,2.550000,2.550000,2.550000,2.550000,2.549900,2.549800,2.549500,2.548800,2.547000,2.543200,2.535300,2.520300,2.493300,2.447700,2.375300,2.266900,2.112600,1.902700,1.625900
2.550000,2.550000,2.550000,2.550000,2.550000,2.550000,2.549900,2.549800,2.549500,2.548800,2.547000,2.543200,2.535300,2.520200,2.493200,2.447500,2.375100,2.266700,2.112400,1.902400,1.625600
2.550000,2.550000,2.550000,2.550000,2.550000,2.550000,2.549900,2.549800,2.549500,2.548800,2.547000,2.543200,2.535300,2.520200,2.493100,2.447400,2.374900,2.266400,2.112100,1.902100,1.625400
2.550000,2.550000,2.550000,2.550000,2.550000,2.550000,2.549900,2.549800,2.549500,2.548800,2.547000,2.543100,2.535200,2.520100,2.493000,2.447200,2.374700,2.266200,2.111800,1.901900,1.625100
2.550000,2.550000,2.550000,2.550000,2.550000,2.550000,2.549900,2.549800,2.549500,2.548800,2.547000,2.543100,2.535200,2.520000,2.492900,2.447100,2.374600,2.265900,2.111600,1.901600,1.624800
2.550000,2.550000,2.550000,2.550000,2.550000,2.550000,2.549900,2.549800,2.549500,2.548800,2.547000,2.543100,2.535200,2.520000,2.492800,2.446900,2.374400,2.265700,2.111300,1.901300,1.624600
2.550000,2.550000,2.550000,2.550000,2.550000,2.550000,2.549900,2.549800,2.549500,2.548700,2.547000,2.543100,2.535100,2.519900,2.492600,2.446800,2.374200,2.265500,2.111000,1.901000,1.624300
2.550000,2.550000,2.550000,2.550000,2.550000,2.550000,2.549900,2.549800,2.549500,2.548700,2.547000,2.543000,2.535100,2.519800,2.492500,2.446600,2.374000,2.265200,2.110700,1.900700,1.624000
2.550000,2.550000,2.550000,2.550000,2.550000,2.550000,2.549900,2.549800,2.549500,2.548700,2.546900,2.543000,2.535000,2.519800,2.492400,2.446500,2.373800,2.265000,2.110500,1.900400,1.623800
2.550000,2.550000,2.550000,2.550000,2.550000,2.550000,2.549900,2.549800,2.549500,2.548700,2.546900,2.543000,2.535000,2.519700,2.492300,2.446400,2.373600,2.264800,2.110200,1.900200,1.623500
2.550000,2.550000,2.550000,2.550000,2.550000,2.550000,2.549900,2.549800,2.549500,2.548700,2.546900,2.543000,2.535000,2.519600,2.492200,2.446200,2.373400,2.264500,2.109900,1.899900,1.623200
2.550000,2.550000,2.550000,2.550000,2.550000,2.550000,2.549900,2.549800,2.549500,2.548700,2.546900,2.543000,2.534900,2.519600,2.492100,2.446100,2.373200,2.264300,2.109700,1.899600,1.622900
2.550000,2.550000,2.550000,2.550000,2.550000,2.550000,2.549900,2.549800,2.549500,2.548700,2.546900,2.542900,2.534900,2.519500,2.492000,2.445900,2.373000,2.264000,2.109400,1.899300,1.622700
2.550000,2.550000,2.550000,2.550000,2.550000,2.550000,2.549900,2.549800,2.549500,2.548700,2.546900,2.542900,2.534800,2.519400,2.491900,2.445800,2.372800,2.263800,2.109100,1.899000,1.622400
2.550000,2.550000,2.550000,2.550000,2.550000,2.550000,2.549900,2.549800,2.549500,2.548700,2.546900,2.542900,2.534800,2.519400,2.491800,2.445600,2.372600,2.263600,2.108800,1.898700,1.622100
2.550000,2.550000,2.550000,2.550000,2.550000,2.550000,2.549900,2.549800,2.549500,2.548700,2.546900,2.542900,2.534800,2.519300,2.491700,2.445500,2.372400,2.263300,2.108600,1.898500,1.621900
2.550000,2.550000,2.550000,2.550000,2.550000,2.550000,2.549900,2.549800,2.549500,2.548700,2.546800,2.542800,2.534700,2.519200,2.491600,2.445300,2.372200,2.263100,2.108300,1.898200,1.621600
2.550000,2.550000,2.550000,2.550000,2.550000,2.550000,2.549900,2.549800,2.549500,2.548700,2.546800,2.542800,2.534700,2.519200,2.491500,2.445200,2.372000,2.262900,2.108000,1.897900,1.621300
2.550000,2.550000,2.550000,2.550000,2.550000,2.550000,2.549900,2.549800,2.549500,2.548700,2.546800,2.542800,2.534600,2.519100,2.491400,2.445000,2.371800,2.262600,2.107800,1.897600,1.621100
2.550000,2.550000,2.550000,2.550000,2.550000,2.550000,2.549900,2.549800,2.549500,2.548700,2.546800,2.542800,2.534600,2.519000,2.491300,2.444900,2.371600,2.262400,2.107500,1.897300,1.620800
2.550000,2.550000,2.550000,2.550000,2.550000,2.550000,2.549900,2.549800,2.549500,2.548700,2.546800,2.542800,2.534600,2.519000,2.491200,2.444700,2.371400,2.262100,2.107200,1.897100,1.620500
2.550000,2.550000,2.550000,2.550000,2.550000,2.550000,2.549900,2.549800,2.549500,2.548700,2.546800,2.542700,2.534500,2.518900,2.491100,2.444600,2.371300,2.261900,2.107000,1.896800,1.620300
2.550000,2.550000,2.550000,2.550000,2.550000,2.550000,2.549900,2.549800,2.549500,2.548700,2.546800,2.542700,2.534500,2.518800,2.491000,2.444500,2.371100,2.261700,2.106700,1.896500,1.620000
2.550000,2.550000,2.550000,2.550000,2.550000,2.550000,2.549900,2.549800,2.549500,2.548700,2.546800,2.542700,2.534400,2.518800,2.490900,2.444300,2.370900,2.261400,2.106400,1.896200,1.619700
2.550000,2.550000,2.550000,2.550000,2.550000,2.550000,2.549900,2.549800,2.549500,2.548600,2.546800,2.542700,2.534400,2.518700,2.490800,2.444200,2.370700,2.261200,2.106200,1.895900,1.619500
2.550000,2.550000,2.550000,2.550000,2.550000,2.550000,2.549900,2.549800,2.549500,2.548600,2.546700,2.542600,2.534400,2.518600,2.490700,2.444000,2.370500,2.261000,2.105900,1.895700,1.619200
2.550000,2.550000,2.550000,2.550000,2.550000,2.550000,2.549900,2.549800,2.549500,2.548600,2.546700,2.542600,2.534300,2.518600,2.490600,2.443900,2.370300,2.260700,2.105600,1.895400,1.618900
2.550000,2.550000,2.550000,2.550000,2.550000,2.550000,2.549900,2.549800,2.549500,2.548600,2.546700,2.542600,2.534300,2.518500,2.490500,2.443700,2.370100,2.260500,2.105300,1.895100,1.618700
2.550000,2.550000,2.550000,2.550000,2.550000,2.550000,2.549900,2.549800,2.549500,2.548600,2.546700,2.542600,2.534200,2.518400,2.490400,2.443600,2.369900,2.260200,2.105100,1.894800,1.618400
2.550000,2.550000,2.550000,2.550000,2.550000,2.550000,2.549900,2.549800,2.549500,2.548600,2.546700,2.542600,2.534200,2.518400,2.490300,2.443400,2.369700,2.260000,2.104800,1.894500,1.618100
2.550000,2.550000,2.550000,2.550000,2.550000,2.550000,2.549900,2.549800,2.549500,2.548600,2.546700,2.542500,2.534100,2.518300,2.490200,2.443300,2.369500,2.259800,2.104500,1.894300,1.617900
2.550000,2.550000,2.550000,2.550000,2.550000,2.550000,2.549900,2.549800,2.549500,2.548600,2.546700,2.542500,2.534100,2.518200,2.490100,2.443100,2.369300,2.259500,2.104300,1.894000,1.617600
2.550000,2.550000,2.550000,2.550000,2.550000,2.550000,2.549900,2.549800,2.549400,2.548600,2.546700,2.542500,2.534100,2.518200,2.490000,2.443000,2.369100,2.259300,2.104000,1.893700,1.617300
2.550000,2.550000,2.550000,2.550000,2.550000,2.550000,2.549900,2.549800,2.549400,2.548600,2.546600,2.542500,2.534000,2.518100,2.489900,2.442800,2.368900,2.259100,2.103700,1.893400,1.617100
2.550000,2.550000,2.550000,2.550000,2.550000,2.550000,2.549900,2.549800,2.549400,2.548600,2.546600,2.542400,2.534000,2.518000,2.489800,2.442700,2.368700,2.258800,2.103500,1.893100,1.616800
2.550000,2.550000,2.550000,2.550000,2.550000,2.550000,2.549900,2.549800,2.549400,2.548600,2.546600,2.542400,2.533900,2.518000,2.489700,2.442500,2.368500,2.258600,2.103200,1.892900,1.616500
2.550000,2.550000,2.550000,2.550000,2.550000,2.550000,2.549900,2.549800,2.549400,2.548600,2.546600,2.542400,2.533900,2.517900,2.489600,2.442400,2.368300,2.258300,2.102900,1.892600,1.616300
2.550000,2.550000,2.550000,2.550000,2.550000,2.550000,2.549900,2.549800,2.549400,2.548600,2.546600,2.542400,2.533900,2.517800,2.489500,2.442200,2.368200,2.258100,2.102700,1.892300,1.616000
2.550000,2.550000,2.550000,2.550000,2.550000,2.550000,2.549900,2.549800,2.549400,2.548600,2.546600,2.542300,2.533800,2.517800,2.489400,2.442100,2.368000,2.257900,2.102400,1.892000,1.615800
2.550000,2.550000,2.550000,2.550000,2.550000,2.550000,2.549900,2.549800,2.549400,2.548600,2.546600,2.542300,2.533800,2.517700,2.489300,2.442000,2.367800,2.257600,2.102100,1.891800,1.615500
2.550000,2.550000,2.550000,2.550000,2.550000,2.550000,2.549900,2.549800,2.549400,2.548600,2.546600,2.542300,2.533700,2.517600,2.489200,2.441800,2.367600,2.257400,2.101900,1.891500,1.615200
2.550000,2.550000,2.550000,2.550000,2.550000,2.550000,2.549900,2.549800,2.549400,2.548500,2.546600,2.542300,2.533700,2.517600,2.489000,2.441700,2.367400,2.257200,2.101600,1.891200,1.615000
2.550000,2.550000,2.550000,2.550000,2.550000,2.550000,2.549900,2.549800,2.549400,2.548500,2.546500,2.542300,2.533700,2.517500,2.488900,2.441500,2.367200,2.256900,2.101300,1.890900,1.614700
2.550000,2.550000,2.550000,2.550000,2.550000,2.550000,2.549900,2.549800,2.549400,2.548500,2.546500,2.542200,2.533600,2.517400,2.488800,2.441400,2.367000,2.256700,2.101100,1.890600,1.614400
2.550000,2.550000,2.550000,2.550000,2.550000,2.550000,2.549900,2.549800,2.549400,2.548500,2.546500,2.542200,2.533600,2.517400,2.488700,2.441200,2.366800,2.256500,2.100800,1.890400,1.614200
2.550000,2.550000,2.550000,2.550000,2.550000,2.550000,2.549900,2.549800,2.549400,2.548500,2.546500,2.542200,2.533500,2.517300,2.488600,2.441100,2.366600,2.256200,2.100500,1.890100,1.613900
2.550000,2.550000,2.550000,2.550000,2.550000,2.550000,2.549900,2.549800,2.549400,2.548500,2.546500,2.542200,2.533500,2.517200,2.488500,2.440900,2.366400,2.256000,2.100300,1.889800,1.613600
2.550000,2.550000,2.550000,2.550000,2.550000,2.550000,2.549900,2.549800,2.549400,2.548500,2.546500,2.542100,2.533400,2.517200,2.488400,2.440800,2.366200,2.255700,2.100000,1.889500,1.613400
2.550000,2.550000,2.550000,2.550000,2.550000,2.550000,2.549900,2.549800,2.549400,2.548500,2.546500,2.542100,2.533400,2.517100,2.488300,2.440600,2.366000,2.255500,2.099700,1.889300,1.613100
2.550000,2.550000,2.550000,2.550000,2.550000,2.550000,2.549900,2.549800,2.549400,2.548500,2.546500,2.542100,2.533400,2.517000,2.488200,2.440500,2.365800,2.255300,2.099500,1.889000,1.612900
2.550000,2.550000,2.550000,2.550000,2.550000,2.550000,2.549900,2.549800,2.549400,2.548500,2.546400,2.542100,2.533300,2.516900,2.488100,2.440300,2.365600,2.255000,2.099200,1.888700,1.612600
2.550000,2.550000,2.550000,2.550000,2.550000,2.550000,2.549900,2.549800,2.549400,2.548500,2.546400,2.542000,2.533300,2.516900,2.488000,2.440200,2.365400,2.254800,2.098900,1.888400,1.612300
2.550000,2.550000,2.550000,2.550000,2.550000,2.550000,2.549900,2.549800,2.549400,2.548500,2.546400,2.542000,2.533200,2.516800,2.487900,2.440000,2.365300,2.254600,2.098700,1.888200,1.612100
2.550000,2.550000,2.550000,2.550000,2.550000,2.550000,2.549900,2.549800,2.549400,2.548500,2.546400,2.542000,2.533200,2.516700,2.487800,2.439900,2.365100,2.254300,2.098400,1.887900,1.611800
2.550000,2.550000,2.550000,2.550000,2.550000,2.550000,2.549900,2.549800,2.549400,2.548500,2.546400,2.542000,2.533200,2.516700,2.487700,2.439700,2.364900,2.254100,2.098100,1.887600,1.611500
2.550000,2.550000,2.550000,2.550000,2.550000,2.550000,2.549900,2.549800,2.549400,2.548500,2.546400,2.541900,2.533100,2.516600,2.487600,2.439600,2.364700,2.253900,2.097900,1.887300,1.611300
2.550000,2.550000,2.550000,2.550000,2.550000,2.550000,2.549900,2.549800,2.549400,2.548500,2.546400,2.541900,2.533100,2.516500,2.487500,2.439500,2.364500,2.253600,2.097600,1.887100,1.611000
2.550000,2.550000,2.550000,2.550000,2.550000,2.550000,2.549900,2.549800,2.549400,2.548400,2.546300,2.541900,2.533000,2.516500,2.487400,2.439300,2.364300,2.253400,2.097300,1.886800,1.610800
2.550000,2.550000,2.550000,2.550000,2.550000,2.550000,2.549900,2.549800,2.549400,2.548400,2.546300,2.541900,2.533000,2.516400,2.487300,2.439200,2.364100,2.253200,2.097100,1.886500,1.610500
2.550000,2.550000,2.550000,2.550000,2.550000,2.550000,2.549900,2.549800,2.549400,2.548400,2.546300,2.541800,2.532900,2.516300,2.487200,2.439000,2.363900,2.252900,2.096800,1.886200,1.610200
2.550000,2.550000,2.550000,2.550000,2.550000,2.550000,2.549900,2.549800,2.549400,2.548400,2.546300,2.541800,2.532900,2.516300,2.487100,2.438900,2.363700,2.252700,2.096600,1.886000,1.610000
2.550000,2.550000,2.550000,2.550000,2.550000,2.550000,2.549900,2.549800,2.549400,2.548400,2.546300,2.541800,2.532900,2.516200,2.487000,2.438700,2.363500,2.252500,2.096300,1.885700,1.609700
2.550000,2.550000,2.550000,2.550000,2.550000,2.550000,2.549900,2.549800,2.549400,2.548400,2.546300,2.541800,2.532800,2.516100,2.486900,2.438600,2.363300,2.252200,2.096000,1.885400,1.609400
2.550000,2.550000,2.550000,2.550000,2.550000,2.550000,2.549900,2.549800,2.549400,2.548400,2.546300,2.541800,2.532800,2.516100,2.486800,2.438400,2.363100,2.252000,2.095800,1.885100,1.609200
2.550000,2.550000,2.550000,2.550000,2.550000,2.550000,2.549900,2.549800,2.549400,2.548400,2.546300,2.541700,2.532700,2.516000,2.486700,2.438300,2.362900,2.251700,2.095500,1.884900,1.608900
2.550000,2.550000,2.550000,2.550000,2.550000,2.550000,2.549900,2.549800,2.549400,2.548400,2.546200,2.541700,2.532700,2.515900,2.486500,2.438100,2.362700,2.251500,2.095200,1.884600,1.608700
2.550000,2.550000,2.550000,2.550000,2.550000,2.550000,2.549900,2.549800,2.549400,2.548400,2.546200,2.541700,2.532600,2.515800,2.486400,2.438000,2.362500,2.251300,2.095000,1.884300,1.608400
2.550000,2.550000,2.550000,2.550000,2.550000,2.550000,2.549900,2.549800,2.549300,2.548400,2.546200,2.541700,2.532600,2.515800,2.486300,2.437800,2.362400,2.251000,2.094700,1.884000,1.608100
2.550000,2.550000,2.550000,2.550000,2.550000,2.550000,2.549900,2.549800,2.549300,2.548400,2.546200,2.541600,2.532600,2.515700,2.486200,2.437700,2.362200,2.250800,2.094400,1.883800,1.607900
2.550000,2.550000,2.550000,2.550000,2.550000,2.550000,2.549900,2.549700,2.549300,2.548400,2.546200,2.541600,2.532500,2.515600,2.486100,2.437500,2.362000,2.250600,2.094200,1.883500,1.607600
2.550000,2.550000,2.550000,2.550000,2.550000,2.550000,2.549900,2.549700,2.549300,2.548400,2.546200,2.541600,2.532500,2.515600,2.486000,2.437400,2.361800,2.250300,2.093900,1.883200,1.607400
2.550000,2.550000,2.550000,2.550000,2.550000,2.550000,2.549900,2.549700,2.549300,2.548400,2.546200,2.541600,2.532400,2.515500,2.485900,2.437200,2.361600,2.250100,2.093700,1.882900,1.607100
2.550000,2.550000,2.550000,2.550000,2.550000,2.550000,2.549900,2.549700,2.549300,2.548400,2.546200,2.541500,2.532400,2.515400,2.485800,2.437100,2.361400,2.249900,2.093400,1.882700,1.606800
2.550000,2.550000,2.550000,2.550000,2.550000,2.550000,2.549900,2.549700,2.549300,2.548300,2.546100,2.541500,2.532300,2.515400,2.485700,2.436900,2.361200,2.249600,2.093100,1.882400,1.606600
2.550000,2.550000,2.550000,2.550000,2.550000,2.550000,2.549900,2.549700,2.549300,2.548300,2.546100,2.541500,2.532300,2.515300,2.485600,2.436800,2.361000,2.249400,2.092900,1.882100,1.606300
2.550000,2.550000,2.550000,2.550000,2.550000,2.550000,2.549900,2.549700,2.549300,2.548300,2.546100,2.541500,2.532300,2.515200,2.485500,2.436600,2.360800,2.249200,2.092600,1.881800,1.606100
2.550000,2.550000,2.550000,2.550000,2.550000,2.550000,2.549900,2.549700,2.549300,2.548300,2.546100,2.541400,2.532200,2.515100,2.485400,2.436500,2.360600,2.248900,2.092300,1.881600,1.605800
2.550000,2.550000,2.550000,2.550000,2.550000,2.550000,2.549900,2.549700,2.549300,2.548300,2.546100,2.541400,2.532200,2.515100,2.485300,2.436400,2.360400,2.248700,2.092100,1.881300,1.605500
2.550000,2.550000,2.550000,2.550000,2.550000,2.550000,2.549900,2.549700,2.549300,2.548300,2.546100,2.541400,2.532100,2.515000,2.485200,2.436200,2.360200,2.248500,2.091800,1.881000,1.605300
2.550000,2.550000,2.550000,2.550000,2.550000,2.550000,2.549900,2.549700,2.549300,2.548300,2.546100,2.541400,2.532100,2.514900,2.485100,2.436100,2.360000,2.248200,2.091500,1.880800,1.605000
2.550000,2.550000,2.550000,2.550000,2.550000,2.550000,2.549900,2.549700,2.549300,2.548300,2.546000,2.541300,2.532000,2.514900,2.485000,2.435900,2.359800,2.248000,2.091300,1.880500,1.604800
2.550000,2.550000,2.550000,2.550000,2.550000,2.550000,2.549900,2.549700,2.549300,2.548300,2.546000,2.541300,2.532000,2.514800,2.484900,2.435800,2.359700,2.247800,2.091000,1.880200,1.604500
2.550000,2.550000,2.550000,2.550000,2.550000,2.550000,2.549900,2.549700,2.549300,2.548300,2.546000,2.541300,2.532000,2.514700,2.484800,2.435600,2.359500,2.247500,2.090800,1.879900,1.604300
2.550000,2.550000,2.550000,2.550000,2.550000,2.550000,2.549900,2.549700,2.549300,2.548300,2.546000,2.541300,2.531900,2.514700,2.484700,2.435500,2.359300,2.247300,2.090500,1.879700,1.604000
2.550000,2.550000,2.550000,2.550000,2.550000,2.550000,2.549900,2.549700,2.549300,2.548300,2.546000,2.541200,2.531900,2.514600,2.484500,2.435300,2.359100,2.247100,2.090200,1.879400,1.603700
2.550000,2.550000,2.550000,2.550000,2.550000,2.550000,2.549900,2.549700,2.549300,2.548300,2.546000,2.541200,2.531800,2.514500,2.484400,2.435200,2.358900,2.246800,2.090000,1.879100,1.603500
2.550000,2.550000,2.550000,2.550000,2.550000,2.550000,2.549900,2.549700,2.549300,2.548300,2.546000,2.541200,2.531800,2.514400,2.484300,2.435000,2.358700,2.246600,2.089700,1.878900,1.603200
2.550000,2.550000,2.550000,2.550000,2.550000,2.550000,2.549900,2.549700,2.549300,2.548300,2.546000,2.541200,2.531700,2.514400,2.484200,2.434900,2.358500,2.246400,2.089500,1.878600,1.603000
2.550000,2.550000,2.550000,2.550000,2.550000,2.550000,2.549900,2.549700,2.549300,2.548200,2.545900,2.541100,2.531700,2.514300,2.484100,2.434700,2.358300,2.246100,2.089200,1.878300,1.602700
2.550000,2.550000,2.550000,2.550000,2.550000,2.550000,2.549900,2.549700,2.549300,2.548200,2.545900,2.541100,2.531700,2.514200,2.484000,2.434600,2.358100,2.245900,2.088900,1.878000,1.602400
2.550000,2.550000,2.550000,2.550000,2.550000,2.550000,2.549900,2.549700,2.549300,2.548200,2.545900,2.541100,2.531600,2.514200,2.483900,2.434400,2.357900,2.245700,2.088700,1.877800,1.602200
2.550000,2.550000,2.550000,2.550000,2.550000,2.550000,2.549900,2.549700,2.549300,2.548200,2.545900,2.541100,2.531600,2.514100,2.483800,2.434300,2.357700,2.245400,2.088400,1.877500,1.601900
2.550000,2.550000,2.550000,2.550000,2.550000,2.550000,2.549900,2.549700,2.549300,2.548200,2.545900,2.541000,2.531500,2.514000,2.483700,2.434100,2.357500,2.245200,2.088100,1.877200,1.601700
2.550000,2.550000,2.550000,2.550000,2.550000,2.550000,2.549900,2.549700,2.549300,2.548200,2.545900,2.541000,2.531500,2.514000,2.483600,2.434000,2.357300,2.245000,2.087900,1.877000,1.601400
2.550000,2.550000,2.550000,2.550000,2.550000,2.550000,2.549900,2.549700,2.549300,2.548200,2.545900,2.541000,2.531400,2.513900,2.483500,2.433800,2.357100,2.244700,2.087600,1.876700,1.601200
2.550000,2.550000,2.550000,2.550000,2.550000,2.550000,2.549900,2.549700,2.549300,2.548200,2.545800,2.541000,2.531400,2.513800,2.483400,2.433700,2.357000,2.244500,2.087400,1.876400,1.600900
2.550000,2.550000,2.550000,2.550000,2.550000,2.550000,2.549900,2.549700,2.549300,2.548200,2.545800,2.540900,2.531300,2.513700,2.483300,2.433500,2.356800,2.244300,2.087100,1.876100,1.600600
2.550000,2.550000,2.550000,2.550000,2.550000,2.550000,2.549900,2.549700,2.549300,2.548200,2.545800,2.540900,2.531300,2.513700,2.483200,2.433400,2.356600,2.244000,2.086800,1.875900,1.600400
2.550000,2.550000,2.550000,2.550000,2.550000,2.550000,2.549900,2.549700,2.549300,2.548200,2.545800,2.540900,2.531300,2.513600,2.483100,2.433200,2.356400,2.243800,2.086600,1.875600,1.600100
2.550000,2.550000,2.550000,2.550000,2.550000,2.550000,2.549900,2.549700,2.549200,2.548200,2.545800,2.540900,2.531200,2.513500,2.483000,2.433100,2.356200,2.243600,2.086300,1.875300,1.599900
2.550000,2.550000,2.550000,2.550000,2.550000,2.550000,2.549900,2.549700,2.549200,2.548200,2.545800,2.540800,2.531200,2.513500,2.482900,2.432900,2.356000,2.243300,2.086100,1.875100,1.599600
2.550000,2.550000,2.550000,2.550000,2.550000,2.550000,2.549900,2.549700,2.549200,2.548200,2.545800,2.540800,2.531100,2.513400,2.482700,2.432800,2.355800,2.243100,2.085800,1.874800,1.599400
2.550000,2.550000,2.550000,2.550000,2.550000,2.550000,2.549900,2.549700,2.549200,2.548100,2.545700,2.540800,2.531100,2.513300,2.482600,2.432700,2.355600,2.242900,2.085500,1.874500,1.599100
2.550000,2.550000,2.550000,2.550000,2.550000,2.550000,2.549900,2.549700,2.549200,2.548100,2.545700,2.540700,2.531000,2.513200,2.482500,2.432500,2.355400,2.242600,2.085300,1.874300,1.598900
2.550000,2.550000,2.550000,2.550000,2.550000,2.550000,2.549900,2.549700,2.549200,2.548100,2.545700,2.540700,2.531000,2.513200,2.482400,2.432400,2.355200,2.242400,2.085000,1.874000,1.598600
2.550000,2.550000,2.550000,2.550000,2.550000,2.550000,2.549900,2.549700,2.549200,2.548100,2.545700,2.540700,2.530900,2.513100,2.482300,2.432200,2.355000,2.242200,2.084800,1.873700,1.598300
2.550000,2.550000,2.550000,2.550000,2.550000,2.550000,2.549900,2.549700,2.549200,2.548100,2.545700,2.540700,2.530900,2.513000,2.482200,2.432100,2.354800,2.242000,2.084500,1.873500,1.598100
2.550000,2.550000,2.550000,2.550000,2.550000,2.550000,2.549900,2.549700,2.549200,2.548100,2.545700,2.540600,2.530900,2.513000,2.482100,2.431900,2.354600,2.241700,2.084200,1.873200,1.597800
2.550000,2.550000,2.550000,2.550000,2.550000,2.550000,2.549900,2.549700,2.549200,2.548100,2.545700,2.540600,2.530800,2.512900,2.482000,2.431800,2.354500,2.241500,2.084000,1.872900,1.597600
2.550000,2.550000,2.550000,2.550000,2.550000,2.550000,2.549900,2.549700,2.549200,2.548100,2.545600,2.540600,2.530800,2.512800,2.481900,2.431600,2.354300,2.241300,2.083700,1.872700,1.597300
2.550000,2.550000,2.550000,2.550000,2.550000,2.550000,2.549900,2.549700,2.549200,2.548100,2.545600,2.540600,2.530700,2.512700,2.481800,2.431500,2.354100,2.241000,2.083500,1.872400,1.597100
2.550000,2.550000,2.550000,2.550000,2.550000,2.550000,2.549900,2.549700,2.549200,2.548100,2.545600,2.540500,2.530700,2.512700,2.481700,2.431300,2.353900,2.240800,2.083200,1.872100,1.596800
2.550000,2.550000,2.550000,2.550000,2.550000,2.550000,2.549900,2.549700,2.549200,2.548100,2.545600,2.540500,2.530600,2.512600,2.481600,2.431200,2.353700,2.240600,2.082900,1.871800,1.596600
2.550000,2.550000,2.550000,2.550000,2.550000,2.550000,2.549900,2.549700,2.549200,2.548100,2.545600,2.540500,2.530600,2.512500,2.481500,2.431000,2.353500,2.240300,2.082700,1.871600,1.596300
2.550000,2.550000,2.550000,2.550000,2.550000,2.550000,2.549900,2.549700,2.549200,2.548100,2.545600,2.540500,2.530500,2.512500,2.481400,2.430900,2.353300,2.240100,2.082400,1.871300,1.596000
2.550000,2.550000,2.550000,2.550000,2.550000,2.550000,2.549900,2.549700,2.549200,2.548100,2.545600,2.540400,2.530500,2.512400,2.481200,2.430700,2.353100,2.239900,2.082200,1.871000,1.595800
2.550000,2.550000,2.550000,2.550000,2.550000,2.550000,2.549900,2.549700,2.549200,2.548000,2.545500,2.540400,2.530500,2.512300,2.481100,2.430600,2.352900,2.239600,2.081900,1.870800,1.595500
2.550000,2.550000,2.550000,2.550000,2.550000,2.550000,2.549900,2.549700,2.549200,2.548000,2.545500,2.540400,2.530400,2.512200,2.481000,2.430400,2.352700,2.239400,2.081700,1.870500,1.595300
2.550000,2.550000,2.550000,2.550000,2.550000,2.550000,2.549900,2.549700,2.549200,2.548000,2.545500,2.540400,2.530400,2.512200,2.480900,2.430300,2.352500,2.239200,2.081400,1.870200,1.595000
2.550000,2.550000,2.550000,2.550000,2.550000,2.550000,2.549900,2.549700,2.549200,2.548000,2.545500,2.540300,2.530300,2.512100,2.480800,2.430100,2.352300,2.238900,2.081100,1.870000,1.594800
2.550000,2.550000,2.550000,2.550000,2.550000,2.550000,2.549900,2.549700,2.549200,2.548000,2.545500,2.540300,2.530300,2.512000,2.480700,2.430000,2.352100,2.238700,2.080900,1.869700,1.594500
2.550000,2.550000,2.550000,2.550000,2.550000,2.550000,2.549900,2.549700,2.549200,2.548000,2.545500,2.540300,2.530200,2.512000,2.480600,2.429800,2.352000,2.238500,2.080600,1.869400,1.594300
2.550000,2.550000,2.550000,2.550000,2.550000,2.550000,2.549900,2.549700,2.549200,2.548000,2.545500,2.540200,2.530200,2.511900,2.480500,2.429700,2.351800,2.238300,2.080400,1.869200,1.594000
2.550000,2.550000,2.550000,2.550000,2.550000,2.550000,2.549900,2.549700,2.549200,2.548000,2.545400,2.540200,2.530100,2.511800,2.480400,2.429500,2.351600,2.238000,2.080100,1.868900,1.593800
2.550000,2.550000,2.550000,2.550000,2.550000,2.550000,2.549900,2.549700,2.549200,2.548000,2.545400,2.540200,2.530100,2.511700,2.480300,2.429400,2.351400,2.237800,2.079900,1.868600,1.593500
2.550000,2.550000,2.550000,2.550000,2.550000,2.550000,2.549900,2.549700,2.549200,2.548000,2.545400,2.540200,2.530000,2.511700,2.480200,2.429200,2.351200,2.237600,2.079600,1.868400,1.593300
2.550000,2.550000,2.550000,2.550000,2.550000,2.550000,2.549900,2.549700,2.549200,2.548000,2.545400,2.540100,2.530000,2.511600,2.480100,2.429100,2.351000,2.237300,2.079300,1.868100,1.593000
2.550000,2.550000,2.550000,2.550000,2.550000,2.550000,2.549900,2.549700,2.549100,2.548000,2.545400,2.540100,2.530000,2.511500,2.480000,2.428900,2.350800,2.237100,2.079100,1.867800,1.592800
2.550000,2.550000,2.550000,2.550000,2.550000,2.550000,2.549900,2.549700,2.549100,2.548000,2.545400,2.540100,2.529900,2.511400,2.479900,2.428800,2.350600,2.236900,2.078800,1.867600,1.592500
2.550000,2.550000,2.550000,2.550000,2.550000,2.550000,2.549900,2.549700,2.549100,2.547900,2.545400,2.540100,2.529900,2.511400,2.479700,2.428600,2.350400,2.236600,2.078600,1.867300,1.592200
2.550000,2.550000,2.550000,2.550000,2.550000,2.550000,2.549900,2.549700,2.549100,2.547900,2.545300,2.540000,2.529800,2.511300,2.479600,2.428500,2.350200,2.236400,2.078300,1.867100,1.592000
2.550000,2.550000,2.550000,2.550000,2.550000,2.550000,2.549900,2.549700,2.549100,2.547900,2.545300,2.540000,2.529800,2.511200,2.479500,2.428300,2.350000,2.236200,2.078100,1.866800,1.591700
2.550000,2.550000,2.550000,2.550000,2.550000,2.550000,2.549900,2.549700,2.549100,2.547900,2.545300,2.540000,2.529700,2.511200,2.479400,2.428200,2.349800,2.235900,2.077800,1.866500,1.591500
2.550000,2.550000,2.550000,2.550000,2.550000,2.550000,2.549900,2.549700,2.549100,2.547900,2.545300,2.540000,2.529700,2.511100,2.479300,2.428000,2.349700,2.235700,2.077500,1.866300,1.591200
2.550000,2.550000,2.550000,2.550000,2.550000,2.550000,2.549900,2.549700,2.549100,2.547900,2.545300,2.539900,2.529600,2.511000,2.479200,2.427900,2.349500,2.235500,2.077300,1.866000,1.591000
2.550000,2.550000,2.550000,2.550000,2.550000,2.550000,2.549900,2.549600,2.549100,2.547900,2.545300,2.539900,2.529600,2.510900,2.479100,2.427700,2.349300,2.235300,2.077000,1.865700,1.590700
2.550000,2.550000,2.550000,2.550000,2.550000,2.550000,2.549900,2.549600,2.549100,2.547900,2.545300,2.539900,2.529500,2.510900,2.479000,2.427600,2.349100,2.235000,2.076800,1.865500,1.590500
2.550000,2.550000,2.550000,2.550000,2.550000,2.550000,2.549900,2.549600,2.549100,2.547900,2.545200,2.539800,2.529500,2.510800,2.478900,2.427500,2.348900,2.234800,2.076500,1.865200,1.590200
2.550000,2.550000,2.550000,2.550000,2.550000,2.550000,2.549900,2.549600,2.549100,2.547900,2.545200,2.539800,2.529500,2.510700,2.478800,2.427300,2.348700,2.234600,2.076300,1.864900,1.590000
2.550000,2.550000,2.550000,2.550000,2.550000,2.550000,2.549900,2.549600,2.549100,2.547900,2.545200,2.539800,2.529400,2.510600,2.478700,2.427200,2.348500,2.234300,2.076000,1.864700,1.589700
2.550000,2.550000,2.550000,2.550000,2.550000,2.550000,2.549900,2.549600,2.549100,2.547900,2.545200,2.539800,2.529400,2.510600,2.478600,2.427000,2.348300,2.234100,2.075700,1.864400,1.589500
2.550000,2.550000,2.550000,2.550000,2.550000,2.550000,2.549900,2.549600,2.549100,2.547900,2.545200,2.539700,2.529300,2.510500,2.478500,2.426900,2.348100,2.233900,2.075500,1.864100,1.589200
2.550000,2.550000,2.550000,2.550000,2.550000,2.550000,2.549900,2.549600,2.549100,2.547800,2.545200,2.539700,2.529300,2.510400,2.478300,2.426700,2.347900,2.233600,2.075200,1.863900,1.589000
2.550000,2.550000,2.550000,2.550000,2.550000,2.549900,2.549900,2.549600,2.549100,2.547800,2.545100,2.539700,2.529200,2.510400,2.478200,2.426600,2.347700,2.233400,2.075000,1.863600,1.588700
2.550000,2.550000,2.550000,2.550000,2.550000,2.549900,2.549900,2.549600,2.549100,2.547800,2.545100,2.539700,2.529200,2.510300,2.478100,2.426400,2.347500,2.233200,2.074700,1.863300,1.588500
2.550000,2.550000,2.550000,2.550000,2.550000,2.549900,2.549900,2.549600,2.549100,2.547800,2.545100,2.539600,2.529100,2.510200,2.478000,2.426300,2.347400,2.233000,2.074500,1.863100,1.588200
2.550000,2.550000,2.550000,2.550000,2.550000,2.549900,2.549900,2.549600,2.549100,2.547800,2.545100,2.539600,2.529100,2.510100,2.477900,2.426100,2.347200,2.232700,2.074200,1.862800,1.588000
2.550000,2.550000,2.550000,2.550000,2.550000,2.549900,2.549900,2.549600,2.549100,2.547800,2.545100,2.539600,2.529000,2.510100,2.477800,2.426000,2.347000,2.232500,2.074000,1.862600,1.587700
2.550000,2.550000,2.550000,2.550000,2.550000,2.549900,2.549900,2.549600,2.549100,2.547800,2.545100,2.539500,2.529000,2.510000,2.477700,2.425800,2.346800,2.232300,2.073700,1.862300,1.587500
2.550000,2.550000,2.550000,2.550000,2.550000,2.549900,2.549900,2.549600,2.549100,2.547800,2.545100,2.539500,2.528900,2.509900,2.477600,2.425700,2.346600,2.232000,2.073400,1.862000,1.587200
2.550000,2.550000,2.550000,2.550000,2.550000,2.549900,2.549900,2.549600,2.549100,2.547800,2.545000,2.539500,2.528900,2.509800,2.477500,2.425500,2.346400,2.231800,2.073200,1.861800,1.587000
2.550000,2.550000,2.550000,2.550000,2.550000,2.549900,2.549900,2.549600,2.549100,2.547800,2.545000,2.539500,2.528800,2.509800,2.477400,2.425400,2.346200,2.231600,2.072900,1.861500,1.586700
2.550000,2.550000,2.550000,2.550000,2.550000,2.549900,2.549900,2.549600,2.549100,2.547800,2.545000,2.539400,2.528800,2.509700,2.477300,2.425200,2.346000,2.231400,2.072700,1.861200,1.586500
2.550000,2.550000,2.550000,2.550000,2.550000,2.549900,2.549900,2.549600,2.549100,2.547800,2.545000,2.539400,2.528800,2.509600,2.477200,2.425100,2.345800,2.231100,2.072400,1.861000,1.586200
2.550000,2.550000,2.550000,2.550000,2.550000,2.549900,2.549900,2.549600,2.549000,2.547800,2.545000,2.539400,2.528700,2.509500,2.477000,2.424900,2.345600,2.230900,2.072200,1.860700,1.586000
2.550000,2.550000,2.550000,2.550000,2.550000,2.549900,2.549900,2.549600,2.549000,2.547700,2.545000,2.539300,2.528700,2.509500,2.476900,2.424800,2.345400,2.230700,2.071900,1.860500,1.585700
2.550000,2.550000,2.550000,2.550000,2.550000,2.549900,2.549900,2.549600,2.549000,2.547700,2.544900,2.539300,2.528600,2.509400,2.476800,2.424600,2.345300,2.230400,2.071700,1.860200,1.585500
2.550000,2.550000,2.550000,2.550000,2.550000,2.549900,2.549900,2.549600,2.549000,2.547700,2.544900,2.539300,2.528600,2.509300,2.476700,2.424500,2.345100,2.230200,2.071400,1.859900,1.585200
2.550000,2.550000,2.550000,2.550000,2.550000,2.549900,2.549900,2.549600,2.549000,2.547700,2.544900,2.539300,2.528500,2.509200,2.476600,2.424300,2.344900,2.230000,2.071200,1.859700,1.585000
2.550000,2.550000,2.550000,2.550000,2.550000,2.549900,2.549800,2.549600,2.549000,2.547700,2.544900,2.539200,2.528500,2.509200,2.476500,2.424200,2.344700,2.229800,2.070900,1.859400,1.584700
2.550000,2.550000,2.550000,2.550000,2.550000,2.549900,2.549800,2.549600,2.549000,2.547700,2.544900,2.539200,2.528400,2.509100,2.476400,2.424000,2.344500,2.229500,2.070600,1.859200,1.584500
2.550000,2.550000,2.550000,2.550000,2.550000,2.549900,2.549800,2.549600,2.549000,2.547700,2.544900,2.539200,2.528400,2.509000,2.476300,2.423900,2.344300,2.229300,2.070400,1.858900,1.584200
2.550000,2.550000,2.550000,2.550000,2.550000,2.549900,2.549800,2.549600,2.549000,2.547700,2.544900,2.539200,2.528300,2.509000,2.476200,2.423700,2.344100,2.229100,2.070100,1.858600,1.584000
2.550000,2.550000,2.550000,2.550000,2.550000,2.549900,2.549800,2.549600,2.549000,2.547700,2.544800,2.539100,2.528300,2.508900,2.476100,2.423600,2.343900,2.228800,2.069900,1.858400,1.583700
2.550000,2.550000,2.550000,2.550000,2.550000,2.549900,2.549800,2.549600,2.549000,2.547700,2.544800,2.539100,2.528200,2.508800,2.476000,2.423400,2.343700,2.228600,2.069600,1.858100,1.583500
2.550000,2.550000,2.550000,2.550000,2.550000,2.549900,2.549800,2.549600,2.549000,2.547700,2.544800,2.539100,2.528200,2.508700,2.475800,2.423300,2.343500,2.228400,2.069400,1.857800,1.583300
2.550000,2.550000,2.550000,2.550000,2.550000,2.549900,2.549800,2.549600,2.549000,2.547700,2.544800,2.539000,2.528100,2.508700,2.475700,2.423100,2.343300,2.228200,2.069100,1.857600,1.583000
2.550000,2.550000,2.550000,2.550000,2.550000,2.549900,2.549800,2.549600,2.549000,2.547600,2.544800,2.539000,2.528100,2.508600,2.475600,2.423000,2.343100,2.227900,2.068900,1.857300,1.582800
2.550000,2.550000,2.550000,2.550000,2.550000,2.549900,2.549800,2.549600,2.549000,2.547600,2.544800,2.539000,2.528000,2.508500,2.475500,2.422800,2.343000,2.227700,2.068600,1.857100,1.582500
2.550000,2.550000,2.550000,2.550000,2.550000,2.549900,2.549800,2.549600,2.549000,2.547600,2.544700,2.539000,2.528000,2.508400,2.475400,2.422700,2.342800,2.227500,2.068400,1.856800,1.582300
2.550000,2.550000,2.550000,2.550000,2.550000,2.549900,2.549800,2.549600,2.549000,2.547600,2.544700,2.538900,2.527900,2.508400,2.475300,2.422500,2.342600,2.227300,2.068100,1.856500,1.582000
2.550000,2.550000,2.550000,2.550000,2.550000,2.549900,2.549800,2.549600,2.549000,2.547600,2.544700,2.538900,2.527900,2.508300,2.475200,2.422400,2.342400,2.227000,2.067900,1.856300,1.581800
2.550000,2.550000,2.550000,2.550000,2.550000,2.549900,2.549800,2.549600,2.549000,2.547600,2.544700,2.538900,2.527900,2.508200,2.475100,2.422200,2.342200,2.226800,2.067600,1.856000,1.581500
2.550000,2.550000,2.550000,2.550000,2.550000,2.549900,2.549800,2.549600,2.549000,2.547600,2.544700,2.538800,2.527800,2.508100,2.475000,2.422100,2.342000,2.226600,2.067400,1.855800,1.581300
2.550000,2.550000,2.550000,2.550000,2.550000,2.549900,2.549800,2.549600,2.549000,2.547600,2.544700,2.538800,2.527800,2.508100,2.474900,2.421900,2.341800,2.226300,2.067100,1.855500,1.581000
2.550000,2.550000,2.550000,2.550000,2.550000,2.549900,2.549800,2.549600,2.549000,2.547600,2.544600,2.538800,2.527700,2.508000,2.474800,2.421800,2.341600,2.226100,2.066900,1.855200,1.580800
2.550000,2.550000,2.550000,2.550000,2.550000,2.549900,2.549800,2.549600,2.549000,2.547600,2.544600,2.538800,2.527700,2.507900,2.474600,2.421600,2.341400,2.225900,2.066600,1.855000,1.580500
2.550000,2.550000,2.550000,2.550000,2.550000,2.549900,2.549800,2.549600,2.549000,2.547600,2.544600,2.538700,2.527600,2.507800,2.474500,2.421500,2.341200,2.225700,2.066400,1.854700,1.580300
2.550000,2.550000,2.550000,2.550000,2.550000,2.549900,2.549800,2.549600,2.548900,2.547600,2.544600,2.538700,2.527600,2.507800,2.474400,2.421300,2.341100,2.225400,2.066100,1.854500,1.580000
2.550000,2.550000,2.550000,2.550000,2.550000,2.549900,2.549800,2.549600,2.548900,2.547500,2.544600,2.538700,2.527500,2.507700,2.474300,2.421200,2.340900,2.225200,2.065800,1.854200,1.579800
2.550000,2.550000,2.550000,2.550000,2.550000,2.549900,2.549800,2.549600,2.548900,2.547500,2.544600,2.538600,2.527500,2.507600,2.474200,2.421000,2.340700,2.225000,2.065600,1.853900,1.579600
2.550000,2.550000,2.550000,2.550000,2.550000,2.549900,2.549800,2.549600,2.548900,2.547500,2.544500,2.538600,2.527400,2.507500,2.474100,2.420900,2.340500,2.224800,2.065300,1.853700,1.579300
2.550000,2.550000,2.550000,2.550000,2.550000,2.549900,2.549800,2.549600,2.548900,2.547500,2.544500,2.538600,2.527400,2.507500,2.474000,2.420700,2.340300,2.224500,2.065100,1.853400,1.579100
2.550000,2.550000,2.550000,2.550000,2.550000,2.549900,2.549800,2.549600,2.548900,2.547500,2.544500,2.538500,2.527300,2.507400,2.473900,2.420600,2.340100,2.224300,2.064800,1.853200,1.578800
2.550000,2.550000,2.550000,2.550000,2.550000,2.549900,2.549800,2.549600,2.548900,2.547500,2.544500,2.538500,2.527300,2.507300,2.473800,2.420400,2.339900,2.224100,2.064600,1.852900,1.578600
2.550000,2.550000,2.550000,2.550000,2.550000,2.549900,2.549800,2.549600,2.548900,2.547500,2.544500,2.538500,2.527200,2.507200,2.473700,2.420300,2.339700,2.223800,2.064300,1.852700,1.578300
2.550000,2.550000,2.550000,2.550000,2.550000,2.549900,2.549800,2.549600,2.548900,2.547500,2.544500,2.538500,2.527200,2.507200,2.473500,2.420100,2.339500,2.223600,2.064100,1.852400,1.578100
2.550000,2.550000,2.550000,2.550000,2.550000,2.549900,2.549800,2.549600,2.548900,2.547500,2.544500,2.538400,2.527100,2.507100,2.473400,2.420000,2.339300,2.223400,2.063800,1.852100,1.577800
2.550000,2.550000,2.550000,2.550000,2.550000,2.549900,2.549800,2.549600,2.548900,2.547500,2.544400,2.538400,2.527100,2.507000,2.473300,2.419800,2.339100,2.223200,2.063600,1.851900,1.577600
2.550000,2.550000,2.550000,2.550000,2.550000,2.549900,2.549800,2.549500,2.548900,2.547500,2.544400,2.538400,2.527000,2.506900,2.473200,2.419700,2.339000,2.222900,2.063300,1.851600,1.577400
2.550000,2.550000,2.550000,2.550000,2.550000,2.549900,2.549800,2.549500,2.548900,2.547400,2.544400,2.538300,2.527000,2.506900,2.473100,2.419500,2.338800,2.222700,2.063100,1.851400,1.577100
2.550000,2.550000,2.550000,2.550000,2.550000,2.549900,2.549800,2.549500,2.548900,2.547400,2.544400,2.538300,2.526900,2.506800,2.473000,2.419400,2.338600,2.222500,2.062800,1.851100,1.576900
2.550000,2.550000,2.550000,2.550000,2.550000,2.549900,2.549800,2.549500,2.548900,2.547400,2.544400,2.538300,2.526900,2.506700,2.472900,2.419200,2.338400,2.222300,2.062600,1.850900,1.576600
2.550000,2.550000,2.550000,2.550000,2.550000,2.549900,2.549800,2.549500,2.548900,2.547400,2.544400,2.538300,2.526800,2.506600,2.472800,2.419100,2.338200,2.222000,2.062300,1.850600,1.576400
2.550000,2.550000,2.550000,2.550000,2.550000,2.549900,2.549800,2.549500,2.548900,2.547400,2.544300,2.538200,2.526800,2.506500,2.472700,2.418900,2.338000,2.221800,2.062100,1.850300,1.576100
2.550000,2.550000,2.550000,2.550000,2.550000,2.549900,2.549800,2.549500,2.548900,2.547400,2.544300,2.538200,2.526700,2.506500,2.472600,2.418800,2.337800,2.221600,2.061800,1.850100,1.575900
2.550000,2.550000,2.550000,2.550000,2.550000,2.549900,2.549800,2.549500,2.548900,2.547400,2.544300,2.538200,2.526700,2.506400,2.472500,2.418600,2.337600,2.221400,2.061600,1.849800,1.575600
2.550000,2.550000,2.550000,2.550000,2.550000,2.549900,2.549800,2.549500,2.548900,2.547400,2.544300,2.538100,2.526600,2.506300,2.472300,2.418500,2.337400,2.221100,2.061300,1.849600,1.575400
2.550000,2.550000,2.550000,2.550000,2.550000,2.549900,2.549800,2.549500,2.548900,2.547400,2.544300,2.538100,2.526600,2.506200,2.472200,2.418300,2.337200,2.220900,2.061100,1.849300,1.575200
2.550000,2.550000,2.550000,2.550000,2.550000,2.549900,2.549800,2.549500,2.548900,2.547400,2.544300,2.538100,2.526500,2.506200,2.472100,2.418200,2.337100,2.220700,2.060800,1.849100,1.574900
2.550000,2.550000,2.550000,2.550000,2.550000,2.549900,2.549800,2.549500,2.548900,2.547400,2.544200,2.538000,2.526500,2.506100,2.472000,2.418000,2.336900,2.220500,2.060600,1.848800,1.574700
2.550000,2.550000,2.550000,2.550000,2.550000,2.549900,2.549800,2.549500,2.548800,2.547400,2.544200,2.538000,2.526400,2.506000,2.471900,2.417900,2.336700,2.220200,2.060300,1.848500,1.574400
2.550000,2.550000,2.550000,2.550000,2.550000,2.549900,2.549800,2.549500,2.548800,2.547300,2.544200,2.538000,2.526400,2.505900,2.471800,2.417700,2.336500,2.220000,2.060100,1.848300,1.574200
2.550000,2.550000,2.550000,2.550000,2.550000,2.549900,2.549800,2.549500,2.548800,2.547300,2.544200,2.538000,2.526300,2.505900,2.471700,2.417600,2.336300,2.219800,2.059800,1.848000,1.573900
2.550000,2.550000,2.550000,2.550000,2.550000,2.549900,2.549800,2.549500,2.548800,2.547300,2.544200,2.537900,2.526300,2.505800,2.471600,2.417400,2.336100,2.219600,2.059600,1.847800,1.573700
2.550000,2.550000,2.550000,2.550000,2.550000,2.549900,2.549800,2.549500,2.548800,2.547300,2.544100,2.537900,2.526200,2.505700,2.471500,2.417300,2.335900,2.219300,2.059300,1.847500,1.573500
2.550000,2.550000,2.550000,2.550000,2.550000,2.549900,2.549800,2.549500,2.548800,2.547300,2.544100,2.537900,2.526200,2.505600,2.471300,2.417100,2.335700,2.219100,2.059100,1.847300,1.573200
2.550000,2.550000,2.550000,2.550000,2.550000,2.549900,2.549800,2.549500,2.548800,2.547300,2.544100,2.537800,2.526200,2.505600,2.471200,2.417000,2.335500,2.218900,2.058800,1.847000,1.573000
2.550000,2.550000,2.550000,2.550000,2.550000,2.549900,2.549800,2.549500,2.548800,2.547300,2.544100,2.537800,2.526100,2.505500,2.471100,2.416800,2.335300,2.218700,2.058600,1.846700,1.572700
2.550000,2.550000,2.550000,2.550000,2.550000,2.549900,2.549800,2.549500,2.548800,2.547300,2.544100,2.537800,2.526100,2.505400,2.471000,2.416700,2.335200,2.218400,2.058300,1.846500,1.572500
2.550000,2.550000,2.550000,2.550000,2.550000,2.549900,2.549800,2.549500,2.548800,2.547300,2.544100,2.537800,2.526000,2.505300,2.470900,2.416500,2.335000,2.218200,2.058100,1.846200,1.572200
2.550000,2.550000,2.550000,2.550000,2.550000,2.549900,2.549800,2.549500,2.548800,2.547300,2.544000,2.537700,2.526000,2.505300,2.470800,2.416400,2.334800,2.218000,2.057800,1.846000,1.572000
2.550000,2.550000,2.550000,2.550000,2.550000,2.549900,2.549800,2.549500,2.548800,2.547300,2.544000,2.537700,2.525900,2.505200,2.470700,2.416200,2.334600,2.217800,2.057600,1.845700,1.571800
2.550000,2.550000,2.550000,2.550000,2.550000,2.549900,2.549800,2.549500,2.548800,2.547200,2.544000,2.537700,2.525900,2.505100,2.470600,2.416100,2.334400,2.217500,2.057300,1.845500,1.571500
2.550000,2.550000,2.550000,2.550000,2.550000,2.549900,2.549800,2.549500,2.548800,2.547200,2.544000,2.537600,2.525800,2.505000,2.470500,2.415900,2.334200,2.217300,2.057100,1.845200,1.571300
2.550000,2.550000,2.550000,2.550000,2.550000,2.549900,2.549800,2.549500,2.548800,2.547200,2.544000,2.537600,2.525800,2.504900,2.470400,2.415800,2.334000,2.217100,2.056900,1.845000,1.571000
2.550000,2.550000,2.550000,2.550000,2.550000,2.549900,2.549800,2.549500,2.548800,2.547200,2.544000,2.537600,2.525700,2.504900,2.470200,2.415600,2.333800,2.216900,2.056600,1.844700,1.570800
2.550000,2.550000,2.550000,2.550000,2.550000,2.549900,2.549800,2.549500,2.548800,2.547200,2.543900,2.537500,2.525700,2.504800,2.470100,2.415500,2.333600,2.216600,2.056400,1.844500,1.570600
2.550000,2.550000,2.550000,2.550000,2.550000,2.549900,2.549800,2.549500,2.548800,2.547200,2.543900,2.537500,2.525600,2.504700,2.470000,2.415300,2.333400,2.216400,2.056100,1.844200,1.570300
2.550000,2.550000,2.550000,2.550000,2.550000,2.549900,2.549800,2.549500,2.548800,2.547200,2.543900,2.537500,2.525600,2.504600,2.469900,2.415200,2.333300,2.216200,2.055900,1.843900,1.570100
2.550000,2.550000,2.550000,2.550000,2.550000,2.549900,2.549800,2.549500,2.548800,2.547200,2.543900,2.537400,2.525500,2.504600,2.469800,2.415000,2.333100,2.216000,2.055600,1.843700,1.569800
2.550000,2.550000,2.550000,2.550000,2.550000,2.549900,2.549800,2.549500,2.548800,2.547200,2.543900,2.537400,2.525500,2.504500,2.469700,2.414900,2.332900,2.215700,2.055400,1.843400,1.569600
2.550000,2.550000,2.550000,2.550000,2.550000,2.549900,2.549800,2.549500,2.548800,2.547200,2.543900,2.537400,2.525400,2.504400,2.469600,2.414700,2.332700,2.215500,2.055100,1.843200,1.569300
2.550000,2.550000,2.550000,2.550000,2.550000,2.549900,2.549800,2.549500,2.548700,2.547100,2.543800,2.537400,2.525400,2.504300,2.469500,2.414600,2.332500,2.215300,2.054900,1.842900,1.569100
2.550000,2.550000,2.550000,2.550000,2.550000,2.549900,2.549800,2.549500,2.548700,2.547100,2.543800,2.537300,2.525300,2.504300,2.469400,2.414400,2.332300,2.215100,2.054600,1.842700,1.568900
2.550000,2.550000,2.550000,2.550000,2.550000,2.549900,2.549800,2.549500,2.548700,2.547100,2.543800,2.537300,2.525300,2.504200,2.469200,2.414300,2.332100,2.214800,2.054400,1.842400,1.568600
2.550000,2.550000,2.550000,2.550000,2.550000,2.549900,2.549800,2.549500,2.548700,2.547100,2.543800,2.537300,2.525200,2.504100,2.469100,2.414100,2.331900,2.214600,2.054100,1.842200,1.568400
2.550000,2.550000,2.550000,2.550000,2.550000,2.549900,2.549800,2.549500,2.548700,2.547100,2.543800,2.537200,2.525200,2.504000,2.469000,2.414000,2.331700,2.214400,2.053900,1.841900,1.568100
2.550000,2.550000,2.550000,2.550000,2.550000,2.549900,2.549800,2.549500,2.548700,2.547100,2.543700,2.537200,2.525100,2.503900,2.468900,2.413800,2.331500,2.214200,2.053600,1.841700,1.567900
2.550000,2.550000,2.550000,2.550000,2.550000,2.549900,2.549800,2.549500,2.548700,2.547100,2.543700,2.537200,2.525100,2.503900,2.468800,2.413700,2.331400,2.213900,2.053400,1.841400,1.567700
2.550000,2.550000,2.550000,2.550000,2.550000,2.549900,2.549800,2.549500,2.548700,2.547100,2.543700,2.537100,2.525000,2.503800,2.468700,2.413500,2.331200,2.213700,2.053100,1.841200,1.567400
2.550000,2.550000,2.550000,2.550000,2.550000,2.549900,2.549800,2.549500,2.548700,2.547100,2.543700,2.537100,2.525000,2.503700,2.468600,2.413400,2.331000,2.213500,2.052900,1.840900,1.567200
2.550000,2.550000,2.550000,2.550000,2.550000,2.549900,2.549800,2.549500,2.548700,2.547100,2.543700,2.537100,2.524900,2.503600,2.468500,2.413200,2.330800,2.213300,2.052700,1.840700,1.566900
2.550000,2.550000,2.550000,2.550000,2.550000,2.549900,2.549800,2.549500,2.548700,2.547100,2.543700,2.537000,2.524900,2.503600,2.468400,2.413100,2.330600,2.213000,2.052400,1.840400,1.566700
2.550000,2.550000,2.550000,2.550000,2.550000,2.549900,2.549800,2.549400,2.548700,2.547000,2.543600,2.537000,2.524800,2.503500,2.468200,2.412900,2.330400,2.212800,2.052200,1.840100,1.566500
2.550000,2.550000,2.550000,2.550000,2.550000,2.549900,2.549800,2.549400,2.548700,2.547000,2.543600,2.537000,2.524700,2.503400,2.468100,2.412800,2.330200,2.212600,2.051900,1.839900,1.566200
2.550000,2.550000,2.550000,2.550000,2.550000,2.549900,2.549800,2.549400,2.548700,2.547000,2.543600,2.537000,2.524700,2.503300,2.468000,2.412600,2.330000,2.212400,2.051700,1.839600,1.566000
2.550000,2.550000,2.550000,2.550000,2.550000,2.549900,2.549800,2.549400,2.548700,2.547000,2.543600,2.536900,2.524600,2.503200,2.467900,2.412500,2.329800,2.212200,2.051400,1.839400,1.565800
2.550000,2.550000,2.550000,2.550000,2.550000,2.549900,2.549800,2.549400,2.548700,2.547000,2.543600,2.536900,2.524600,2.503200,2.467800,2.412300,2.329700,2.211900,2.051200,1.839100,1.565500
2.550000,2.550000,2.550000,2.550000,2.550000,2.549900,2.549800,2.549400,2.548700,2.547000,2.543600,2.536900,2.524500,2.503100,2.467700,2.412200,2.329500,2.211700,2.050900,1.838900,1.565300
2.550000,2.550000,2.550000,2.550000,2.550000,2.549900,2.549800,2.549400,2.548700,2.547000,2.543500,2.536800,2.524500,2.503000,2.467600,2.412000,2.329300,2.211500,2.050700,1.838600,1.565000
2.550000,2.550000,2.550000,2.550000,2.550000,2.549900,2.549800,2.549400,2.548700,2.547000,2.543500,2.536800,2.524400,2.502900,2.467500,2.411900,2.329100,2.211300,2.050400,1.838400,1.564800
2.550000,2.550000,2.550000,2.550000,2.550000,2.549900,2.549800,2.549400,2.548700,2.547000,2.543500,2.536800,2.524400,2.502900,2.467300,2.411700,2.328900,2.211000,2.050200,1.838100,1.564600
2.550000,2.550000,2.550000,2.550000,2.550000,2.549900,2.549800,2.549400,2.548600,2.547000,2.543500,2.536700,2.524300,2.502800,2.467200,2.411600,2.328700,2.210800,2.049900,1.837900,1.564300
2.550000,2.550000,2.550000,2.550000,2.550000,2.549900,2.549800,2.549400,2.548600,2.546900,2.543500,2.536700,2.524300,2.502700,2.467100,2.411400,2.328500,2.210600,2.049700,1.837600,1.564100
2.550000,2.550000,2.550000,2.550000,2.550000,2.549900,2.549800,2.549400,2.548600,2.546900,2.543400,2.536700,2.524200,2.502600,2.467000,2.411300,2.328300,2.210400,2.049500,1.837400,1.563800
2.550000,2.550000,2.550000,2.550000,2.550000,2.549900,2.549800,2.549400,2.548600,2.546900,2.543400,2.536600,2.524200,2.502500,2.466900,2.411100,2.328100,2.210100,2.049200,1.837100,1.563600
2.550000,2.550000,2.550000,2.550000,2.550000,2.549900,2.549800,2.549400,2.548600,2.546900,2.543400,2.536600,2.524100,2.502500,2.466800,2.411000,2.328000,2.209900,2.049000,1.836900,1.563400
2.550000,2.550000,2.550000,2.550000,2.550000,2.549900,2.549800,2.549400,2.548600,2.546900,2.543400,2.536600,2.524100,2.502400,2.466700,2.410800,2.327800,2.209700,2.048700,1.836600,1.563100
2.550000,2.550000,2.550000,2.550000,2.550000,2.549900,2.549800,2.549400,2.548600,2.546900,2.543400,2.536500,2.524000,2.502300,2.466600,2.410700,2.327600,2.209500,2.048500,1.836400,1.562900
2.550000,2.550000,2.550000,2.550000,2.550000,2.549900,2.549800,2.549400,2.548600,2.546900,2.543400,2.536500,2.524000,2.502200,2.466500,2.410500,2.327400,2.209300,2.048200,1.836100,1.562700
2.550000,2.550000,2.550000,2.550000,2.550000,2.549900,2.549800,2.549400,2.548600,2.546900,2.543300,2.536500,2.523900,2.502200,2.466300,2.410400,2.327200,2.209000,2.048000,1.835900,1.562400
2.550000,2.550000,2.550000,2.550000,2.550000,2.549900,2.549800,2.549400,2.548600,2.546900,2.543300,2.536500,2.523900,2.502100,2.466200,2.410200,2.327000,2.208800,2.047700,1.835600,1.562200
2.550000,2.550000,2.550000,2.550000,2.550000,2.549900,2.549800,2.549400,2.548600,2.546900,2.543300,2.536400,2.523800,2.502000,2.466100,2.410100,2.326800,2.208600,2.047500,1.835400,1.561900
2.550000,2.550000,2.550000,2.550000,2.550000,2.549900,2.549800,2.549400,2.548600,2.546800,2.543300,2.536400,2.523800,2.501900,2.466000,2.409900,2.326600,2.208400,2.047300,1.835100,1.561700
2.550000,2.550000,2.550000,2.550000,2.550000,2.549900,2.549800,2.549400,2.548600,2.546800,2.543300,2.536400,2.523700,2.501800,2.465900,2.409800,2.326400,2.208100,2.047000,1.834900,1.561500
2.550000,2.550000,2.550000,2.550000,2.550000,2.549900,2.549800,2.549400,2.548600,2.546800,2.543200,2.536300,2.523700,2.501800,2.465800,2.409600,2.326300,2.207900,2.046800,1.834600,1.561200
2.550000,2.550000,2.550000,2.550000,2.550000,2.549900,2.549800,2.549400,2.548600,2.546800,2.543200,2.536300,2.523600,2.501700,2.465700,2.409500,2.326100,2.207700,2.046500,1.834400,1.561000
2.550000,2.550000,2.550000,2.550000,2.550000,2.549900,2.549800,2.549400,2.548600,2.546800,2.543200,2.536300,2.523600,2.501600,2.465600,2.409300,2.325900,2.207500,2.046300,1.834100,1.560800
2.550000,2.550000,2.550000,2.550000,2.550000,2.549900,2.549800,2.549400,2.548600,2.546800,2.543200,2.536200,2.523500,2.501500,2.465400,2.409200,2.325700,2.207300,2.046000,1.833900,1.560500
2.550000,2.550000,2.550000,2.550000,2.550000,2.549900,2.549700,2.549400,2.548600,2.546800,2.543200,2.536200,2.523500,2.501400,2.465300,2.409000,2.325500,2.207000,2.045800,1.833600,1.560300
2.550000,2.550000,2.550000,2.550000,2.550000,2.549900,2.549700,2.549400,2.548600,2.546800,2.543100,2.536200,2.523400,2.501400,2.465200,2.408900,2.325300,2.206800,2.045500,1.833400,1.560100
2.550000,2.550000,2.550000,2.550000,2.550000,2.549900,2.549700,2.549400,2.548500,2.546800,2.543100,2.536100,2.523400,2.501300,2.465100,2.408700,2.325100,2.206600,2.045300,1.833100,1.559800
2.550000,2.550000,2.550000,2.550000,2.550000,2.549900,2.549700,2.549400,2.548500,2.546800,2.543100,2.536100,2.523300,2.501200,2.465000,2.408600,2.324900,2.206400,2.045100,1.832900,1.559600
2.550000,2.550000,2.550000,2.550000,2.550000,2.549900,2.549700,2.549400,2.548500,2.546700,2.543100,2.536100,2.523300,2.501100,2.464900,2.408400,2.324700,2.206100,2.044800,1.832600,1.559400
2.550000,2.550000,2.550000,2.550000,2.550000,2.549900,2.549700,2.549400,2.548500,2.546700,2.543100,2.536000,2.523200,2.501100,2.464800,2.408300,2.324600,2.205900,2.044600,1.832400,1.559100
2.550000,2.550000,2.550000,2.550000,2.550000,2.549900,2.549700,2.549400,2.548500,2.546700,2.543100,2.536000,2.523200,2.501000,2.464700,2.408100,2.324400,2.205700,2.044300,1.832100,1.558900
2.550000,2.550000,2.550000,2.550000,2.550000,2.549900,2.549700,2.549400,2.548500,2.546700,2.543000,2.536000,2.523100,2.500900,2.464500,2.408000,2.324200,2.205500,2.044100,1.831900,1.558600
2.550000,2.550000,2.550000,2.550000,2.550000,2.549900,2.549700,2.549400,2.548500,2.546700,2.543000,2.535900,2.523100,2.500800,2.464400,2.407800,2.324000,2.205300,2.043800,1.831600,1.558400
2.550000,2.550000,2.550000,2.550000,2.550000,2.549900,2.549700,2.549400,2.548500,2.546700,2.543000,2.535900,2.523000,2.500700,2.464300,2.407700,2.323800,2.205000,2.043600,1.831400,1.558200
2.550000,2.550000,2.550000,2.550000,2.550000,2.549900,2.549700,2.549400,2.548500,2.546700,2.543000,2.535900,2.522900,2.500700,2.464200,2.407500,2.323600,2.204800,2.043400,1.831100,1.557900
2.550000,2.550000,2.550000,2.550000,2.550000,2.549900,2.549700,2.549400,2.548500,2.546700,2.543000,2.535800,2.522900,2.500600,2.464100,2.407400,2.323400,2.204600,2.043100,1.830900,1.557700
2.550000,2.550000,2.550000,2.550000,2.550000,2.549900,2.549700,2.549400,2.548500,2.546700,2.542900,2.535800,2.522800,2.500500,2.464000,2.407200,2.323200,2.204400,2.042900,1.830600,1.557500
2.550000,2.550000,2.550000,2.550000,2.550000,2.549900,2.549700,2.549400,2.548500,2.546600,2.542900,2.535800,2.522800,2.500400,2.463900,2.407100,2.323100,2.204200,2.042600,1.830400,1.557200
2.550000,2.550000,2.550000,2.550000,2.550000,2.549900,2.549700,2.549300,2.548500,2.546600,2.542900,2.535700,2.522700,2.500300,2.463800,2.406900,2.322900,2.203900,2.042400,1.830200,1.557000
2.550000,2.550000,2.550000,2.550000,2.550000,2.549900,2.549700,2.549300,2.548500,2.546600,2.542900,2.535700,2.522700,2.500300,2.463600,2.406800,2.322700,2.203700,2.042100,1.829900,1.556800
2.550000,2.550000,2.550000,2.550000,2.550000,2.549900,2.549700,2.549300,2.548500,2.546600,2.542900,2.535700,2.522600,2.500200,2.463500,2.406600,2.322500,2.203500,2.041900,1.829700,1.556500
2.550000,2.550000,2.550000,2.550000,2.550000,2.549900,2.549700,2.549300,2.548500,2.546600,2.542800,2.535600,2.522600,2.500100,2.463400,2.406500,2.322300,2.203300,2.041700,1.829400,1.556300
2.550000,2.550000,2.550000,2.550000,2.550000,2.549900,2.549700,2.549300,2.548500,2.546600,2.542800,2.535600,2.522500,2.500000,2.463300,2.406300,2.322100,2.203100,2.041400,1.829200,1.556100
2.550000,2.550000,2.550000,2.550000,2.550000,2.549900,2.549700,2.549300,2.548500,2.546600,2.542800,2.535600,2.522500,2.499900,2.463200,2.406200,2.321900,2.202800,2.041200,1.828900,1.555800
2.550000,2.550000,2.550000,2.550000,2.550000,2.549900,2.549700,2.549300,2.548500,2.546600,2.542800,2.535500,2.522400,2.499900,2.463100,2.406000,2.321700,2.202600,2.040900,1.828700,1.555600
2.550000,2.550000,2.550000,2.550000,2.550000,2.549900,2.549700,2.549300,2.548400,2.546600,2.542800,2.535500,2.522400,2.499800,2.463000,2.405900,2.321500,2.202400,2.040700,1.828400,1.555400
2.550000,2.550000,2.550000,2.550000,2.550000,2.549900,2.549700,2.549300,2.548400,2.546600,2.542800,2.535500,2.522300,2.499700,2.462900,2.405700,2.321400,2.202200,2.040500,1.828200,1.555100
2.550000,2.550000,2.550000,2.550000,2.550000,2.549900,2.549700,2.549300,2.548400,2.546500,2.542700,2.535400,2.522300,2.499600,2.462700,2.405600,2.321200,2.202000,2.040200,1.827900,1.554900
2.550000,2.550000,2.550000,2.550000,2.550000,2.549900,2.549700,2.549300,2.548400,2.546500,2.542700,2.535400,2.522200,2.499500,2.462600,2.405400,2.321000,2.201700,2.040000,1.827700,1.554700
2.550000,2.550000,2.550000,2.550000,2.550000,2.549900,2.549700,2.549300,2.548400,2.546500,2.542700,2.535400,2.522200,2.499500,2.462500,2.405300,2.320800,2.201500,2.039700,1.827400,1.554400
2.550000,2.550000,2.550000,2.550000,2.550000,2.549900,2.549700,2.549300,2.548400,2.546500,2.542700,2.535300,2.522100,2.499400,2.462400,2.405100,2.320600,2.201300,2.039500,1.827200,1.554200
2.550000,2.550000,2.550000,2.550000,2.550000,2.549900,2.549700,2.549300,2.548400,2.546500,2.542700,2.535300,2.522100,2.499300,2.462300,2.405000,2.320400,2.201100,2.039200,1.826900,1.554000
2.550000,2.550000,2.550000,2.550000,2.550000,2.549900,2.549700,2.549300,2.548400,2.546500,2.542600,2.535300,2.522000,2.499200,2.462200,2.404800,2.320200,2.200900,2.039000,1.826700,1.553700
2.550000,2.550000,2.550000,2.550000,2.550000,2.549900,2.549700,2.549300,2.548400,2.546500,2.542600,2.535300,2.521900,2.499100,2.462100,2.404700,2.320000,2.200600,2.038800,1.826400,1.553500
2.550000,2.550000,2.550000,2.550000,2.550000,2.549900,2.549700,2.549300,2.548400,2.546500,2.542600,2.535200,2.521900,2.499100,2.461900,2.404500,2.319900,2.200400,2.038500,1.826200,1.553300
2.550000,2.550000,2.550000,2.550000,2.550000,2.549900,2.549700,2.549300,2.548400,2.546500,2.542600,2.535200,2.521800,2.499000,2.461800,2.404400,2.319700,2.200200,2.038300,1.826000,1.553000
2.550000,2.550000,2.550000,2.550000,2.550000,2.549900,2.549700,2.549300,2.548400,2.546400,2.542600,2.535200,2.521800,2.498900,2.461700,2.404200,2.319500,2.200000,2.038000,1.825700,1.552800
2.550000,2.550000,2.550000,2.550000,2.550000,2.549900,2.549700,2.549300,2.548400,2.546400,2.542500,2.535100,2.521700,2.498800,2.461600,2.404100,2.319300,2.199800,2.037800,1.825500,1.552600
2.550000,2.550000,2.550000,2.550000,2.550000,2.549900,2.549700,2.549300,2.548400,2.546400,2.542500,2.535100,2.521700,2.498700,2.461500,2.403900,2.319100,2.199500,2.037600,1.825200,1.552300
2.550000,2.550000,2.550000,2.550000,2.550000,2.549900,2.549700,2.549300,2.548400,2.546400,2.542500,2.535100,2.521600,2.498700,2.461400,2.403800,2.318900,2.199300,2.037300,1.825000,1.552100
2.550000,2.550000,2.550000,2.550000,2.550000,2.549900,2.549700,2.549300,2.548400,2.546400,2.542500,2.535000,2.521600,2.498600,2.461300,2.403600,2.318700,2.199100,2.037100,1.824700,1.551900
2.550000,2.550000,2.550000,2.550000,2.550000,2.549900,2.549700,2.549300,2.548400,2.546400,2.542500,2.535000,2.521500,2.498500,2.461200,2.403500,2.318500,2.198900,2.036800,1.824500,1.551600
2.550000,2.550000,2.550000,2.550000,2.550000,2.549900,2.549700,2.549300,2.548300,2.546400,2.542400,2.535000,2.521500,2.498400,2.461000,2.403300,2.318400,2.198700,2.036600,1.824200,1.551400
2.550000,2.550000,2.550000,2.550000,2.550000,2.549900,2.549700,2.549300,2.548300,2.546400,2.542400,2.534900,2.521400,2.498300,2.460900,2.403200,2.318200,2.198400,2.036400,1.824000,1.551200
2.550000,2.550000,2.550000,2.550000,2.550000,2.549900,2.549700,2.549300,2.548300,2.546400,2.542400,2.534900,2.521400,2.498300,2.460800,2.403000,2.318000,2.198200,2.036100,1.823800,1.550900
2.550000,2.550000,2.550000,2.550000,2.550000,2.549900,2.549700,2.549300,2.548300,2.546300,2.542400,2.534800,2.521300,2.498200,2.460700,2.402900,2.317800,2.198000,2.035900,1.823500,1.550700
2.550000,2.550000,2.550000,2.550000,2.550000,2.549900,2.549700,2.549300,2.548300,2.546300,2.542400,2.534800,2.521300,2.498100,2.460600,2.402700,2.317600,2.197800,2.035600,1.823300,1.550500
2.550000,2.550000,2.550000,2.550000,2.550000,2.549900,2.549700,2.549300,2.548300,2.546300,2.542300,2.534800,2.521200,2.498000,2.460500,2.402600,2.317400,2.197600,2.035400,1.823000,1.550300
2.550000,2.550000,2.550000,2.550000,2.550000,2.549900,2.549700,2.549300,2.548300,2.546300,2.542300,2.534700,2.521100,2.497900,2.460400,2.402400,2.317200,2.197300,2.035200,1.822800,1.550000
2.550000,2.550000,2.550000,2.550000,2.550000,2.549900,2.549700,2.549300,2.548300,2.546300,2.542300,2.534700,2.521100,2.497900,2.460200,2.402300,2.317000,2.197100,2.034900,1.822500,1.549800
2.550000,2.550000,2.550000,2.550000,2.550000,2.549900,2.549700,2.549300,2.548300,2.546300,2.542300,2.534700,2.521000,2.497800,2.460100,2.402100,2.316900,2.196900,2.034700,1.822300,1.549600
2.550000,2.550000,2.550000,2.550000,2.550000,2.549900,2.549700,2.549300,2.548300,2.546300,2.542300,2.534600,2.521000,2.497700,2.460000,2.402000,2.316700,2.196700,2.034400,1.822000,1.549300
2.550000,2.550000,2.550000,2.550000,2.550000,2.549900,2.549700,2.549300,2.548300,2.546300,2.542200,2.534600,2.520900,2.497600,2.459900,2.401800,2.316500,2.196500,2.034200,1.821800,1.549100
2.550000,2.550000,2.550000,2.550000,2.550000,2.549900,2.549700,2.549200,2.548300,2.546300,2.542200,2.534600,2.520900,2.497500,2.459800,2.401700,2.316300,2.196200,2.034000,1.821600,1.548900
2.550000,2.550000,2.550000,2.550000,2.550000,2.549900,2.549700,2.549200,2.548300,2.546200,2.542200,2.534500,2.520800,2.497500,2.459700,2.401500,2.316100,2.196000,2.033700,1.821300,1.548600
2.550000,2.550000,2.550000,2.550000,2.550000,2.549900,2.549700,2.549200,2.548300,2.546200,2.542200,2.534500,2.520800,2.497400,2.459600,2.401400,2.315900,2.195800,2.033500,1.821100,1.548400
2.550000,2.550000,2.550000,2.550000,2.550000,2.549900,2.549700,2.549200,2.548300,2.546200,2.542200,2.534500,2.520700,2.497300,2.459500,2.401200,2.315700,2.195600,2.033300,1.820800,1.548200
2.550000,2.550000,2.550000,2.550000,2.549900,2.549900,2.549700,2.549200,2.548300,2.546200,2.542100,2.534400,2.520700,2.497200,2.459300,2.401100,2.315500,2.195400,2.033000,1.820600,1.547900
2.550000,2.550000,2.550000,2.550000,2.549900,2.549900,2.549700,2.549200,2.548300,2.546200,2.542100,2.534400,2.520600,2.497100,2.459200,2.400900,2.315400,2.195200,2.032800,1.820300,1.547700
2.550000,2.550000,2.550000,2.550000,2.549900,2.549900,2.549700,2.549200,2.548200,2.546200,2.542100,2.534400,2.520600,2.497100,2.459100,2.400800,2.315200,2.194900,2.032500,1.820100,1.547500
2.550000,2.550000,2.550000,2.550000,2.549900,2.549900,2.549700,2.549200,2.548200,2.546200,2.542100,2.534300,2.520500,2.497000,2.459000,2.400600,2.315000,2.194700,2.032300,1.819800,1.547300
2.550000,2.550000,2.550000,2.550000,2.549900,2.549900,2.549700,2.549200,2.548200,2.546200,2.542100,2.534300,2.520400,2.496900,2.458900,2.400500,2.314800,2.194500,2.032100,1.819600,1.547000
2.550000,2.550000,2.550000,2.550000,2.549900,2.549900,2.549700,2.549200,2.548200,2.546200,2.542000,2.534300,2.520400,2.496800,2.458800,2.400300,2.314600,2.194300,2.031800,1.819400,1.546800
2.550000,2.550000,2.550000,2.550000,2.549900,2.549900,2.549700,2.549200,2.548200,2.546100,2.542000,2.534200,2.520300,2.496700,2.458700,2.400200,2.314400,2.194100,2.031600,1.819100,1.546600
2.550000,2.550000,2.550000,2.550000,2.549900,2.549900,2.549700,2.549200,2.548200,2.546100,2.542000,2.534200,2.520300,2.496700,2.458500,2.400000,2.314200,2.193800,2.031300,1.818900,1.546300
2.550000,2.550000,2.550000,2.550000,2.549900,2.549900,2.549700,2.549200,2.548200,2.546100,2.542000,2.534200,2.520200,2.496600,2.458400,2.399900,2.314000,2.193600,2.031100,1.818600,1.546100
2.550000,2.550000,2.550000,2.550000,2.549900,2.549900,2.549700,2.549200,2.548200,2.546100,2.542000,2.534100,2.520200,2.496500,2.458300,2.399700,2.313900,2.193400,2.030900,1.818400,1.545900
2.550000,2.550000,2.550000,2.550000,2.549900,2.549900,2.549700,2.549200,2.548200,2.546100,2.541900,2.534100,2.520100,2.496400,2.458200,2.399600,2.313700,2.193200,2.030600,1.818200,1.545600
2.550000,2.550000,2.550000,2.550000,2.549900,2.549900,2.549700,2.549200,2.548200,2.546100,2.541900,2.534100,2.520100,2.496300,2.458100,2.399400,2.313500,2.193000,2.030400,1.817900,1.545400
2.550000,2.550000,2.550000,2.550000,2.549900,2.549900,2.549700,2.549200,2.548200,2.546100,2.541900,2.534000,2.520000,2.496200,2.458000,2.399300,2.313300,2.192800,2.030200,1.817700,1.545200
2.550000,2.550000,2.550000,2.550000,2.549900,2.549900,2.549700,2.549200,2.548200,2.546100,2.541900,2.534000,2.520000,2.496200,2.457900,2.399100,2.313100,2.192500,2.029900,1.817400,1.545000
2.550000,2.550000,2.550000,2.550000,2.549900,2.549900,2.549700,2.549200,2.548200,2.546100,2.541900,2.534000,2.519900,2.496100,2.457700,2.399000,2.312900,2.192300,2.029700,1.817200,1.544700
2.550000,2.550000,2.550000,2.550000,2.549900,2.549900,2.549700,2.549200,2.548200,2.546000,2.541800,2.533900,2.519800,2.496000,2.457600,2.398800,2.312700,2.192100,2.029400,1.816900,1.544500
2.550000,2.550000,2.550000,2.550000,2.549900,2.549900,2.549700,2.549200,2.548200,2.546000,2.541800,2.533900,2.519800,2.495900,2.457500,2.398700,2.312600,2.191900,2.029200,1.816700,1.544300
2.550000,2.550000,2.550000,2.550000,2.549900,2.549900,2.549700,2.549200,2.548200,2.546000,2.541800,2.533900,2.519700,2.495800,2.457400,2.398500,2.312400,2.191700,2.029000,1.816500,1.544000
2.550000,2.550000,2.550000,2.550000,2.549900,2.549900,2.549700,2.549200,2.548200,2.546000,2.541800,2.533800,2.519700,2.495800,2.457300,2.398400,2.312200,2.191500,2.028700,1.816200,1.543800
2.550000,2.550000,2.550000,2.550000,2.549900,2.549900,2.549700,2.549200,2.548100,2.546000,2.541700,2.533800,2.519600,2.495700,2.457200,2.398200,2.312000,2.191200,2.028500,1.816000,1.543600
2.550000,2.550000,2.550000,2.550000,2.549900,2.549900,2.549700,2.549200,2.548100,2.546000,2.541700,2.533800,2.519600,2.495600,2.457100,2.398100,2.311800,2.191000,2.028300,1.815700,1.543400
2.550000,2.550000,2.550000,2.550000,2.549900,2.549900,2.549600,2.549200,2.548100,2.546000,2.541700,2.533700,2.519500,2.495500,2.456900,2.397900,2.311600,2.190800,2.028000,1.815500,1.543100
2.550000,2.550000,2.550000,2.550000,2.549900,2.549900,2.549600,2.549200,2.548100,2.546000,2.541700,2.533700,2.519500,2.495400,2.456800,2.397800,2.311400,2.190600,2.027800,1.815300,1.542900
2.550000,2.550000,2.550000,2.550000,2.549900,2.549900,2.549600,2.549200,2.548100,2.545900,2.541700,2.533600,2.519400,2.495300,2.456700,2.397600,2.311200,2.190400,2.027500,1.815000,1.542700
2.550000,2.550000,2.550000,2.550000,2.549900,2.549900,2.549600,2.549200,2.548100,2.545900,2.541600,2.533600,2.519300,2.495300,2.456600,2.397500,2.311100,2.190200,2.027300,1.814800,1.542500
2.550000,2.550000,2.550000,2.550000,2.549900,2.549900,2.549600,2.549200,2.548100,2.545900,2.541600,2.533600,2.519300,2.495200,2.456500,2.397300,2.310900,2.189900,2.027100,1.814500,1.542200
2.550000,2.550000,2.550000,2.550000,2.549900,2.549900,2.549600,2.549200,2.548100,2.545900,2.541600,2.533500,2.519200,2.495100,2.456400,2.397200,2.310700,2.189700,2.026800,1.814300,1.542000
2.550000,2.550000,2.550000,2.550000,2.549900,2.549900,2.549600,2.549200,2.548100,2.545900,2.541600,2.533500,2.519200,2.495000,2.456300,2.397000,2.310500,2.189500,2.026600,1.814100,1.541800
2.550000,2.550000,2.550000,2.550000,2.549900,2.549900,2.549600,2.549200,2.548100,2.545900,2.541600,2.533500,2.519100,2.494900,2.456100,2.396900,2.310300,2.189300,2.026400,1.813800,1.541500
2.550000,2.550000,2.550000,2.550000,2.549900,2.549900,2.549600,2.549100,2.548100,2.545900,2.541500,2.533400,2.519100,2.494900,2.456000,2.396700,2.310100,2.189100,2.026100,1.813600,1.541300
2.550000,2.550000,2.550000,2.550000,2.549900,2.549900,2.549600,2.549100,2.548100,2.545900,2.541500,2.533400,2.519000,2.494800,2.455900,2.396600,2.309900,2.188900,2.025900,1.813300,1.541100
2.550000,2.550000,2.550000,2.550000,2.549900,2.549900,2.549600,2.549100,2.548100,2.545900,2.541500,2.533400,2.519000,2.494700,2.455800,2.396400,2.309800,2.188600,2.025700,1.813100,1.540900
2.550000,2.550000,2.550000,2.550000,2.549900,2.549800,2.549600,2.549100,2.548100,2.545800,2.541500,2.533300,2.518900,2.494600,2.455700,2.396300,2.309600,2.188400,2.025400,1.812900,1.540600
2.550000,2.550000,2.550000,2.550000,2.549900,2.549800,2.549600,2.549100,2.548100,2.545800,2.541500,2.533300,2.518900,2.494500,2.455600,2.396100,2.309400,2.188200,2.025200,1.812600,1.540400
2.550000,2.550000,2.550000,2.550000,2.549900,2.549800,2.549600,2.549100,2.548000,2.545800,2.541400,2.533300,2.518800,2.494400,2.455500,2.395900,2.309200,2.188000,2.025000,1.812400,1.540200
2.550000,2.550000,2.550000,2.550000,2.549900,2.549800,2.549600,2.549100,2.548000,2.545800,2.541400,2.533200,2.518700,2.494400,2.455300,2.395800,2.309000,2.187800,2.024700,1.812100,1.540000
2.550000,2.550000,2.550000,2.550000,2.549900,2.549800,2.549600,2.549100,2.548000,2.545800,2.541400,2.533200,2.518700,2.494300,2.455200,2.395600,2.308800,2.187600,2.024500,1.811900,1.539700
2.550000,2.550000,2.550000,2.550000,2.549900,2.549800,2.549600,2.549100,2.548000,2.545800,2.541400,2.533200,2.518600,2.494200,2.455100,2.395500,2.308600,2.187300,2.024200,1.811700,1.539500
2.550000,2.550000,2.550000,2.550000,2.549900,2.549800,2.549600,2.549100,2.548000,2.545800,2.541300,2.533100,2.518600,2.494100,2.455000,2.395300,2.308500,2.187100,2.024000,1.811400,1.539300
2.550000,2.550000,2.550000,2.550000,2.549900,2.549800,2.549600,2.549100,2.548000,2.545800,2.541300,2.533100,2.518500,2.494000,2.454900,2.395200,2.308300,2.186900,2.023800,1.811200,1.539100
2.550000,2.550000,2.550000,2.550000,2.549900,2.549800,2.549600,2.549100,2.548000,2.545700,2.541300,2.533000,2.518500,2.494000,2.454800,2.395000,2.308100,2.186700,2.023500,1.810900,1.538800
2.550000,2.550000,2.550000,2.550000,2.549900,2.549800,2.549600,2.549100,2.548000,2.545700,2.541300,2.533000,2.518400,2.493900,2.454700,2.394900,2.307900,2.186500,2.023300,1.810700,1.538600
2.550000,2.550000,2.550000,2.550000,2.549900,2.549800,2.549600,2.549100,2.548000,2.545700,2.541300,2.533000,2.518300,2.493800,2.454500,2.394700,2.307700,2.186300,2.023100,1.810500,1.538400
2.550000,2.550000,2.550000,2.550000,2.549900,2.549800,2.549600,2.549100,2.548000,2.545700,2.541200,2.532900,2.518300,2.493700,2.454400,2.394600,2.307500,2.186000,2.022800,1.810200,1.538100
2.550000,2.550000,2.550000,2.550000,2.549900,2.549800,2.549600,2.549100,2.548000,2.545700,2.541200,2.532900,2.518200,2.493600,2.454300,2.394400,2.307300,2.185800,2.022600,1.810000,1.537900
2.550000,2.550000,2.550000,2.550000,2.549900,2.549800,2.549600,2.549100,2.548000,2.545700,2.541200,2.532900,2.518200,2.493500,2.454200,2.394300,2.307100,2.185600,2.022400,1.809700,1.537700
2.550000,2.550000,2.550000,2.550000,2.549900,2.549800,2.549600,2.549100,2.548000,2.545700,2.541200,2.532800,2.518100,2.493500,2.454100,2.394100,2.307000,2.185400,2.022100,1.809500,1.537500
2.550000,2.550000,2.550000,2.550000,2.549900,2.549800,2.549600,2.549100,2.548000,2.545700,2.541200,2.532800,2.518100,2.493400,2.454000,2.394000,2.306800,2.185200,2.021900,1.809300,1.537200
2.550000,2.550000,2.550000,2.550000,2.549900,2.549800,2.549600,2.549100,2.548000,2.545600,2.541100,2.532800,2.518000,2.493300,2.453800,2.393800,2.306600,2.185000,2.021700,1.809000,1.537000
2.550000,2.550000,2.550000,2.550000,2.549900,2.549800,2.549600,2.549100,2.548000,2.545600,2.541100,2.532700,2.518000,2.493200,2.453700,2.393700,2.306400,2.184700,2.021400,1.808800,1.536800
2.550000,2.550000,2.550000,2.550000,2.549900,2.549800,2.549600,2.549100,2.547900,2.545600,2.541100,2.532700,2.517900,2.493100,2.453600,2.393500,2.306200,2.184500,2.021200,1.808600,1.536600
2.550000,2.550000,2.550000,2.550000,2.549900,2.549800,2.549600,2.549100,2.547900,2.545600,2.541100,2.532700,2.517800,2.493000,2.453500,2.393400,2.306000,2.184300,2.021000,1.808300,1.536300
2.550000,2.550000,2.550000,2.550000,2.549900,2.549800,2.549600,2.549100,2.547900,2.545600,2.541000,2.532600,2.517800,2.493000,2.453400,2.393200,2.305800,2.184100,2.020700,1.808100,1.536100
2.550000,2.550000,2.550000,2.550000,2.549900,2.549800,2.549600,2.549100,2.547900,2.545600,2.541000,2.532600,2.517700,2.492900,2.453300,2.393100,2.305700,2.183900,2.020500,1.807800,1.535900
2.550000,2.550000,2.550000,2.550000,2.549900,2.549800,2.549600,2.549100,2.547900,2.545600,2.541000,2.532500,2.517700,2.492800,2.453200,2.392900,2.305500,2.183700,2.020300,1.807600,1.535700
2.550000,2.550000,2.550000,2.550000,2.549900,2.549800,2.549600,2.549100,2.547900,2.545600,2.541000,2.532500,2.517600,2.492700,2.453000,2.392800,2.305300,2.183500,2.020000,1.807400,1.535400
2.550000,2.550000,2.550000,2.550000,2.549900,2.549800,2.549600,2.549100,2.547900,2.545500,2.541000,2.532500,2.517600,2.492600,2.452900,2.392600,2.305100,2.183200,2.019800,1.807100,1.535200
2.550000,2.550000,2.550000,2.550000,2.549900,2.549800,2.549600,2.549100,2.547900,2.545500,2.540900,2.532400,2.517500,2.492500,2.452800,2.392500,2.304900,2.183000,2.019600,1.806900,1.535000
2.550000,2.550000,2.550000,2.550000,2.549900,2.549800,2.549600,2.549000,2.547900,2.545500,2.540900,2.532400,2.517500,2.492500,2.452700,2.392300,2.304700,2.182800,2.019300,1.806700,1.534800
2.550000,2.550000,2.550000,2.550000,2.549900,2.549800,2.549600,2.549000,2.547900,2.545500,2.540900,2.532400,2.517400,2.492400,2.452600,2.392200,2.304500,2.182600,2.019100,1.806400,1.534600
2.550000,2.550000,2.550000,2.550000,2.549900,2.549800,2.549600,2.549000,2.547900,2.545500,2.540900,2.532300,2.517300,2.492300,2.452500,2.392000,2.304400,2.182400,2.018900,1.806200,1.534300
2.550000,2.550000,2.550000,2.550000,2.549900,2.549800,2.549600,2.549000,2.547900,2.545500,2.540800,2.532300,2.517300,2.492200,2.452300,2.391900,2.304200,2.182200,2.018600,1.805900,1.534100
2.550000,2.550000,2.550000,2.550000,2.549900,2.549800,2.549600,2.549000,2.547900,2.545500,2.540800,2.532300,2.517200,2.492100,2.452200,2.391700,2.304000,2.182000,2.018400,1.805700,1.533900
2.550000,2.550000,2.550000,2.550000,2.549900,2.549800,2.549600,2.549000,2.547900,2.545500,2.540800,2.532200,2.517200,2.492000,2.452100,2.391600,2.303800,2.181700,2.018200,1.805500,1.533700
2.550000,2.550000,2.550000,2.550000,2.549900,2.549800,2.549600,2.549000,2.547800,2.545400,2.540800,2.532200,2.517100,2.492000,2.452000,2.391400,2.303600,2.181500,2.017900,1.805200,1.533400
2.550000,2.550000,2.550000,2.550000,2.549900,2.549800,2.549600,2.549000,2.547800,2.545400,2.540800,2.532100,2.517100,2.491900,2.451900,2.391300,2.303400,2.181300,2.017700,1.805000,1.533200
2.550000,2.550000,2.550000,2.550000,2.549900,2.549800,2.549600,2.549000,2.547800,2.545400,2.540700,2.532100,2.517000,2.491800,2.451800,2.391100,2.303300,2.181100,2.017500,1.804800,1.533000
2.550000,2.550000,2.550000,2.550000,2.549900,2.549800,2.549600,2.549000,2.547800,2.545400,2.540700,2.532100,2.516900,2.491700,2.451700,2.391000,2.303100,2.180900,2.017200,1.804500,1.532800
2.550000,2.550000,2.550000,2.550000,2.549900,2.549800,2.549600,2.549000,2.547800,2.545400,2.540700,2.532000,2.516900,2.491600,2.451500,2.390800,2.302900,2.180700,2.017000,1.804300,1.532500
2.550000,2.550000,2.550000,2.550000,2.549900,2.549800,2.549600,2.549000,2.547800,2.545400,2.540700,2.532000,2.516800,2.491500,2.451400,2.390700,2.302700,2.180500,2.016800,1.804100,1.532300
2.550000,2.550000,2.550000,2.550000,2.549900,2.549800,2.549600,2.549000,2.547800,2.545400,2.540600,2.532000,2.516800,2.491500,2.451300,2.390500,2.302500,2.180200,2.016500,1.803800,1.532100
2.550000,2.550000,2.550000,2.550000,2.549900,2.549800,2.549600,2.549000,2.547800,2.545400,2.540600,2.531900,2.516700,2.491400,2.451200,2.390400,2.302300,2.180000,2.016300,1.803600,1.531900
2.550000,2.550000,2.550000,2.550000,2.549900,2.549800,2.549600,2.549000,2.547800,2.545300,2.540600,2.531900,2.516700,2.491300,2.451100,2.390200,2.302100,2.179800,2.016100,1.803300,1.531700
2.550000,2.550000,2.550000,2.550000,2.549900,2.549800,2.549600,2.549000,2.547800,2.545300,2.540600,2.531900,2.516600,2.491200,2.451000,2.390100,2.302000,2.179600,2.015800,1.803100,1.531400
2.550000,2.550000,2.550000,2.550000,2.549900,2.549800,2.549600,2.549000,2.547800,2.545300,2.540600,2.531800,2.516500,2.491100,2.450800,2.389900,2.301800,2.179400,2.015600,1.802900,1.531200
2.550000,2.550000,2.550000,2.550000,2.549900,2.549800,2.549600,2.549000,2.547800,2.545300,2.540500,2.531800,2.516500,2.491000,2.450700,2.389800,2.301600,2.179200,2.015400,1.802600,1.531000
2.550000,2.550000,2.550000,2.550000,2.549900,2.549800,2.549600,2.549000,2.547800,2.545300,2.540500,2.531700,2.516400,2.491000,2.450600,2.389600,2.301400,2.179000,2.015100,1.802400,1.530800
2.550000,2.550000,2.550000,2.550000,2.549900,2.549800,2.549600,2.549000,2.547800,2.545300,2.540500,2.531700,2.516400,2.490900,2.450500,2.389500,2.301200,2.178700,2.014900,1.802200,1.530500
2.550000,2.550000,2.550000,2.550000,2.549900,2.549800,2.549600,2.549000,2.547800,2.545300,2.540500,2.531700,2.516300,2.490800,2.450400,2.389300,2.301000,2.178500,2.014700,1.801900,1.530300
2.550000,2.550000,2.550000,2.550000,2.549900,2.549800,2.549600,2.549000,2.547700,2.545300,2.540400,2.531600,2.516300,2.490700,2.450300,2.389200,2.300800,2.178300,2.014400,1.801700,1.530100
2.550000,2.550000,2.550000,2.550000,2.549900,2.549800,2.549600,2.549000,2.547700,2.545200,2.540400,2.531600,2.516200,2.490600,2.450200,2.389000,2.300700,2.178100,2.014200,1.801500,1.529900
2.550000,2.550000,2.550000,2.550000,2.549900,2.549800,2.549500,2.549000,2.547700,2.545200,2.540400,2.531600,2.516100,2.490500,2.450000,2.388900,2.300500,2.177900,2.014000,1.801200,1.529700
2.550000,2.550000,2.550000,2.550000,2.549900,2.549800,2.549500,2.549000,2.547700,2.545200,2.540400,2.531500,2.516100,2.490500,2.449900,2.388700,2.300300,2.177700,2.013800,1.801000,1.529400
2.550000,2.550000,2.550000,2.550000,2.549900,2.549800,2.549500,2.549000,2.547700,2.545200,2.540400,2.531500,2.516000,2.490400,2.449800,2.388600,2.300100,2.177500,2.013500,1.800800,1.529200
2.550000,2.550000,2.550000,2.550000,2.549900,2.549800,2.549500,2.549000,2.547700,2.545200,2.540300,2.531400,2.516000,2.490300,2.449700,2.388400,2.299900,2.177300,2.013300,1.800500,1.529000
2.550000,2.550000,2.550000,2.550000,2.549900,2.549800,2.549500,2.549000,2.547700,2.545200,2.540300,2.531400,2.515900,2.490200,2.449600,2.388300,2.299700,2.177000,2.013100,1.800300,1.528800
2.550000,2.550000,2.550000,2.550000,2.549900,2.549800,2.549500,2.548900,2.547700,2.545200,2.540300,2.531400,2.515900,2.490100,2.449500,2.388100,2.299600,2.176800,2.012800,1.800100,1.528500
2.550000,2.550000,2.550000,2.550000,2.549900,2.549800,2.549500,2.548900,2.547700,2.545100,2.540300,2.531300,2.515800,2.490000,2.449300,2.388000,2.299400,2.176600,2.012600,1.799800,1.528300
2.550000,2.550000,2.550000,2.550000,2.549900,2.549800,2.549500,2.548900,2.547700,2.545100,2.540200,2.531300,2.515700,2.490000,2.449200,2.387800,2.299200,2.176400,2.012400,1.799600,1.528100
2.550000,2.550000,2.550000,2.550000,2.549900,2.549800,2.549500,2.548900,2.547700,2.545100,2.540200,2.531300,2.515700,2.489900,2.449100,2.387700,2.299000,2.176200,2.012100,1.799400,1.527900
2.550000,2.550000,2.550000,2.550000,2.549900,2.549800,2.549500,2.548900,2.547700,2.545100,2.540200,2.531200,2.515600,2.489800,2.449000,2.387500,2.298800,2.176000,2.011900,1.799100,1.527700
2.550000,2.550000,2.550000,2.550000,2.549900,2.549800,2.549500,2.548900,2.547700,2.545100,2.540200,2.531200,2.515600,2.489700,2.448900,2.387400,2.298600,2.175800,2.011700,1.798900,1.527400
2.550000,2.550000,2.550000,2.550000,2.549900,2.549800,2.549500,2.548900,2.547700,2.545100,2.540200,2.531100,2.515500,2.489600,2.448800,2.387200,2.298400,2.175500,2.011400,1.798700,1.527200
2.550000,2.550000,2.550000,2.550000,2.549900,2.549800,2.549500,2.548900,2.547600,2.545100,2.540100,2.531100,2.515400,2.489500,2.448600,2.387100,2.298300,2.175300,2.011200,1.798400,1.527000
2.550000,2.550000,2.550000,2.550000,2.549900,2.549800,2.549500,2.548900,2.547600,2.545100,2.540100,2.531100,2.515400,2.489400,2.448500,2.386900,2.298100,2.175100,2.011000,1.798200,1.526800
2.550000,2.550000,2.550000,2.550000,2.549900,2.549800,2.549500,2.548900,2.547600,2.545000,2.540100,2.531000,2.515300,2.489400,2.448400,2.386800,2.297900,2.174900,2.010800,1.798000,1.526600
2.550000,2.550000,2.550000,2.550000,2.549900,2.549800,2.549500,2.548900,2.547600,2.545000,2.540100,2.531000,2.515300,2.489300,2.448300,2.386600,2.297700,2.174700,2.010500,1.797700,1.526300
2.550000,2.550000,2.550000,2.550000,2.549900,2.549800,2.549500,2.548900,2.547600,2.545000,2.540000,2.531000,2.515200,2.489200,2.448200,2.386500,2.297500,2.174500,2.010300,1.797500,1.526100
2.550000,2.550000,2.550000,2.550000,2.549900,2.549800,2.549500,2.548900,2.547600,2.545000,2.540000,2.530900,2.515200,2.489100,2.448100,2.386300,2.297300,2.174300,2.010100,1.797300,1.525900
2.550000,2.550000,2.550000,2.550000,2.549900,2.549800,2.549500,2.548900,2.547600,2.545000,2.540000,2.530900,2.515100,2.489000,2.447900,2.386200,2.297200,2.174100,2.009800,1.797000,1.525700
2.550000,2.550000,2.550000,2.550000,2.549900,2.549800,2.549500,2.548900,2.547600,2.545000,2.540000,2.530800,2.515000,2.488900,2.447800,2.386000,2.297000,2.173800,2.009600,1.796800,1.525500
2.550000,2.550000,2.550000,2.550000,2.549900,2.549800,2.549500,2.548900,2.547600,2.545000,2.539900,2.530800,2.515000,2.488900,2.447700,2.385900,2.296800,2.173600,2.009400,1.796600,1.525200
2.550000,2.550000,2.550000,2.550000,2.549900,2.549800,2.549500,2.548900,2.547600,2.544900,2.539900,2.530800,2.514900,2.488800,2.447600,2.385700,2.296600,2.173400,2.009100,1.796300,1.525000
2.550000,2.550000,2.550000,2.550000,2.549900,2.549800,2.549500,2.548900,2.547600,2.544900,2.539900,2.530700,2.514900,2.488700,2.447500,2.385600,2.296400,2.173200,2.008900,1.796100,1.524800
2.550000,2.550000,2.550000,2.550000,2.549900,2.549800,2.549500,2.548900,2.547600,2.544900,2.539900,2.530700,2.514800,2.488600,2.447400,2.385400,2.296200,2.173000,2.008700,1.795900,1.524600
2.550000,2.550000,2.550000,2.550000,2.549900,2.549800,2.549500,2.548900,2.547600,2.544900,2.539800,2.530700,2.514800,2.488500,2.447300,2.385200,2.296000,2.172800,2.008500,1.795600,1.524400
2.550000,2.550000,2.550000,2.550000,2.549900,2.549800,2.549500,2.548900,2.547500,2.544900,2.539800,2.530600,2.514700,2.488400,2.447100,2.385100,2.295900,2.172600,2.008200,1.795400,1.524100
2.550000,2.550000,2.550000,2.550000,2.549900,2.549800,2.549500,2.548900,2.547500,2.544900,2.539800,2.530600,2.514600,2.488300,2.447000,2.384900,2.295700,2.172400,2.008000,1.795200,1.523900
2.550000,2.550000,2.550000,2.550000,2.549900,2.549800,2.549500,2.548900,2.547500,2.544900,2.539800,2.530500,2.514600,2.488300,2.446900,2.384800,2.295500,2.172200,2.007800,1.794900,1.523700
2.550000,2.550000,2.550000,2.550000,2.549900,2.549800,2.549500,2.548900,2.547500,2.544900,2.539800,2.530500,2.514500,2.488200,2.446800,2.384600,2.295300,2.171900,2.007500,1.794700,1.523500
2.550000,2.550000,2.550000,2.550000,2.549900,2.549800,2.549500,2.548900,2.547500,2.544800,2.539700,2.530500,2.514500,2.488100,2.446700,2.384500,2.295100,2.171700,2.007300,1.794500,1.523300
2.550000,2.550000,2.550000,2.550000,2.549900,2.549800,2.549500,2.548900,2.547500,2.544800,2.539700,2.530400,2.514400,2.488000,2.446600,2.384300,2.294900,2.171500,2.007100,1.794200,1.523100
2.550000,2.550000,2.550000,2.550000,2.549900,2.549800,2.549500,2.548800,2.547500,2.544800,2.539700,2.530400,2.514300,2.487900,2.446400,2.384200,2.294800,2.171300,2.006900,1.794000,1.522800
2.550000,2.550000,2.550000,2.550000,2.549900,2.549800,2.549500,2.548800,2.547500,2.544800,2.539700,2.530400,2.514300,2.487800,2.446300,2.384000,2.294600,2.171100,2.006600,1.793800,1.522600
2.550000,2.550000,2.550000,2.550000,2.549900,2.549800,2.549500,2.548800,2.547500,2.544800,2.539600,2.530300,2.514200,2.487800,2.446200,2.383900,2.294400,2.170900,2.006400,1.793500,1.522400
2.550000,2.550000,2.550000,2.550000,2.549900,2.549800,2.549500,2.548800,2.547500,2.544800,2.539600,2.530300,2.514200,2.487700,2.446100,2.383700,2.294200,2.170700,2.006200,1.793300,1.522200
2.550000,2.550000,2.550000,2.550000,2.549900,2.549800,2.549500,2.548800,2.547500,2.544800,2.539600,2.530200,2.514100,2.487600,2.446000,2.383600,2.294000,2.170500,2.005900,1.793100,1.522000
2.550000,2.550000,2.550000,2.550000,2.549900,2.549800,2.549500,2.548800,2.547500,2.544700,2.539600,2.530200,2.514000,2.487500,2.445900,2.383400,2.293800,2.170200,2.005700,1.792800,1.521700
2.550000,2.550000,2.550000,2.550000,2.549900,2.549800,2.549500,2.548800,2.547500,2.544700,2.539500,2.530200,2.514000,2.487400,2.445700,2.383300,2.293700,2.170000,2.005500,1.792600,1.521500
2.550000,2.550000,2.550000,2.550000,2.549900,2.549800,2.549500,2.548800,2.547400,2.544700,2.539500,2.530100,2.513900,2.487300,2.445600,2.383100,2.293500,2.169800,2.005300,1.792400,1.521300
2.550000,2.550000,2.550000,2.550000,2.549900,2.549800,2.549500,2.548800,2.547400,2.544700,2.539500,2.530100,2.513900,2.487200,2.445500,2.383000,2.293300,2.169600,2.005000,1.792200,1.521100
2.550000,2.550000,2.550000,2.550000,2.549900,2.549800,2.549500,2.548800,2.547400,2.544700,2.539500,2.530000,2.513800,2.487200,2.445400,2.382800,2.293100,2.169400,2.004800,1.791900,1.520900
2.550000,2.550000,2.550000,2.550000,2.549900,2.549800,2.549500,2.548800,2.547400,2.544700,2.539400,2.530000,2.513800,2.487100,2.445300,2.382700,2.292900,2.169200,2.004600,1.791700,1.520700
2.550000,2.550000,2.550000,2.550000,2.549900,2.549800,2.549500,2.548800,2.547400,2.544700,2.539400,2.530000,2.513700,2.487000,2.445200,2.382500,2.292700,2.169000,2.004300,1.791500,1.520400
2.550000,2.550000,2.550000,2.550000,2.549900,2.549800,2.549500,2.548800,2.547400,2.544600,2.539400,2.529900,2.513600,2.486900,2.445000,2.382400,2.292600,2.168800,2.004100,1.791200,1.520200
2.550000,2.550000,2.550000,2.550000,2.549900,2.549800,2.549500,2.548800,2.547400,2.544600,2.539400,2.529900,2.513600,2.486800,2.444900,2.382200,2.292400,2.168600,2.003900,1.791000,1.520000
2.550000,2.550000,2.550000,2.550000,2.549900,2.549800,2.549500,2.548800,2.547400,2.544600,2.539400,2.529900,2.513500,2.486700,2.444800,2.382100,2.292200,2.168400,2.003700,1.790800,1.519800
2.550000,2.550000,2.550000,2.550000,2.549900,2.549800,2.549500,2.548800,2.547400,2.544600,2.539300,2.529800,2.513500,2.486600,2.444700,2.381900,2.292000,2.168100,2.003400,1.790500,1.519600
2.550000,2.550000,2.550000,2.550000,2.549900,2.549800,2.549500,2.548800,2.547400,2.544600,2.539300,2.529800,2.513400,2.486600,2.444600,2.381800,2.291800,2.167900,2.003200,1.790300,1.519300
2.550000,2.550000,2.550000,2.550000,2.549900,2.549800,2.549500,2.548800,2.547400,2.544600,2.539300,2.529700,2.513300,2.486500,2.444500,2.381600,2.291600,2.167700,2.003000,1.790100,1.519100
2.550000,2.550000,2.550000,2.550000,2.549900,2.549800,2.549500,2.548800,2.547400,2.544600,2.539300,2.529700,2.513300,2.486400,2.444300,2.381500,2.291500,2.167500,2.002800,1.789900,1.518900
2.550000,2.550000,2.550000,2.550000,2.549900,2.549800,2.549500,2.548800,2.547400,2.544500,2.539200,2.529700,2.513200,2.486300,2.444200,2.381300,2.291300,2.167300,2.002500,1.789600,1.518700
2.550000,2.550000,2.550000,2.550000,2.549900,2.549800,2.549400,2.548800,2.547300,2.544500,2.539200,2.529600,2.513200,2.486200,2.444100,2.381200,2.291100,2.167100,2.002300,1.789400,1.518500
2.550000,2.550000,2.550000,2.550000,2.549900,2.549800,2.549400,2.548800,2.547300,2.544500,2.539200,2.529600,2.513100,2.486100,2.444000,2.381000,2.290900,2.166900,2.002100,1.789200,1.518300
2.550000,2.550000,2.550000,2.550000,2.549900,2.549800,2.549400,2.548800,2.547300,2.544500,2.539200,2.529500,2.513000,2.486000,2.443900,2.380900,2.290700,2.166700,2.001800,1.788900,1.518000
2.550000,2.550000,2.550000,2.550000,2.549900,2.549800,2.549400,2.548800,2.547300,2.544500,2.539100,2.529500,2.513000,2.486000,2.443800,2.380700,2.290500,2.166500,2.001600,1.788700,1.517800
2.550000,2.550000,2.550000,2.550000,2.549900,2.549800,2.549400,2.548700,2.547300,2.544500,2.539100,2.529500,2.512900,2.485900,2.443600,2.380600,2.290400,2.166200,2.001400,1.788500,1.517600
2.550000,2.550000,2.550000,2.550000,2.549900,2.549800,2.549400,2.548700,2.547300,2.544500,2.539100,2.529400,2.512900,2.485800,2.443500,2.380400,2.290200,2.166000,2.001200,1.788200,1.517400
2.550000,2.550000,2.550000,2.550000,2.549900,2.549800,2.549400,2.548700,2.547300,2.544400,2.539100,2.529400,2.512800,2.485700,2.443400,2.380300,2.290000,2.165800,2.000900,1.788000,1.517200
2.550000,2.550000,2.550000,2.550000,2.549900,2.549800,2.549400,2.548700,2.547300,2.544400,2.539000,2.529300,2.512700,2.485600,2.443300,2.380100,2.289800,2.165600,2.000700,1.787800,1.517000
2.550000,2.550000,2.550000,2.550000,2.549900,2.549800,2.549400,2.548700,2.547300,2.544400,2.539000,2.529300,2.512700,2.485500,2.443200,2.380000,2.289600,2.165400,2.000500,1.787600,1.516800
2.550000,2.550000,2.550000,2.550000,2.549900,2.549800,2.549400,2.548700,2.547300,2.544400,2.539000,2.529300,2.512600,2.485400,2.443000,2.379800,2.289400,2.165200,2.000300,1.787300,1.516500
2.550000,2.550000,2.550000,2.550000,2.549900,2.549800,2.549400,2.548700,2.547300,2.544400,2.539000,2.529200,2.512600,2.485400,2.442900,2.379700,2.289300,2.165000,2.000000,1.787100,1.516300
2.550000,2.550000,2.550000,2.550000,2.549900,2.549800,2.549400,2.548700,2.547300,2.544400,2.538900,2.529200,2.512500,2.485300,2.442800,2.379500,2.289100,2.164800,1.999800,1.786900,1.516100
2.550000,2.550000,2.550000,2.550000,2.549900,2.549700,2.549400,2.548700,2.547200,2.544400,2.538900,2.529200,2.512400,2.485200,2.442700,2.379400,2.288900,2.164600,1.999600,1.786600,1.515900
2.550000,2.550000,2.550000,2.550000,2.549900,2.549700,2.549400,2.548700,2.547200,2.544300,2.538900,2.529100,2.512400,2.485100,2.442600,2.379200,2.288700,2.164400,1.999400,1.786400,1.515700
2.550000,2.550000,2.550000,2.550000,2.549900,2.549700,2.549400,2.548700,2.547200,2.544300,2.538900,2.529100,2.512300,2.485000,2.442500,2.379100,2.288500,2.164200,1.999100,1.786200,1.515500
2.550000,2.550000,2.550000,2.550000,2.549900,2.549700,2.549400,2.548700,2.547200,2.544300,2.538800,2.529000,2.512300,2.484900,2.442300,2.378900,2.288300,2.163900,1.998900,1.786000,1.515200
2.550000,2.550000,2.550000,2.550000,2.549900,2.549700,2.549400,2.548700,2.547200,2.544300,2.538800,2.529000,2.512200,2.484800,2.442200,2.378800,2.288200,2.163700,1.998700,1.785700,1.515000
2.550000,2.550000,2.550000,2.550000,2.549900,2.549700,2.549400,2.548700,2.547200,2.544300,2.538800,2.529000,2.512100,2.484800,2.442100,2.378600,2.288000,2.163500,1.998500,1.785500,1.514800
2.550000,2.550000,2.550000,2.550000,2.549900,2.549700,2.549400,2.548700,2.547200,2.544300,2.538800,2.528900,2.512100,2.484700,2.442000,2.378500,2.287800,2.163300,1.998200,1.785300,1.514600
2.550000,2.550000,2.550000,2.550000,2.549900,2.549700,2.549400,2.548700,2.547200,2.544300,2.538700,2.528900,2.512000,2.484600,2.441900,2.378300,2.287600,2.163100,1.998000,1.785000,1.514400
2.550000,2.550000,2.550000,2.550000,2.549900,2.549700,2.549400,2.548700,2.547200,2.544200,2.538700,2.528800,2.512000,2.484500,2.441800,2.378200,2.287400,2.162900,1.997800,1.784800,1.514200
2.550000,2.550000,2.550000,2.550000,2.549900,2.549700,2.549400,2.548700,2.547200,2.544200,2.538700,2.528800,2.511900,2.484400,2.441600,2.378000,2.287200,2.162700,1.997600,1.784600,1.514000
2.550000,2.550000,2.550000,2.550000,2.549900,2.549700,2.549400,2.548700,2.547200,2.544200,2.538700,2.528800,2.511800,2.484300,2.441500,2.377900,2.287100,2.162500,1.997300,1.784400,1.513700
2.550000,2.550000,2.550000,2.550000,2.549900,2.549700,2.549400,2.548700,2.547200,2.544200,2.538600,2.528700,2.511800,2.484200,2.441400,2.377700,2.286900,2.162300,1.997100,1.784100,1.513500
2.550000,2.550000,2.550000,2.550000,2.549900,2.549700,2.549400,2.548700,2.547200,2.544200,2.538600,2.528700,2.511700,2.484100,2.441300,2.377600,2.286700,2.162100,1.996900,1.783900,1.513300
2.550000,2.550000,2.550000,2.550000,2.549900,2.549700,2.549400,2.548700,2.547100,2.544200,2.538600,2.528600,2.511700,2.484100,2.441200,2.377400,2.286500,2.161900,1.996700,1.783700,1.513100
2.550000,2.550000,2.550000,2.550000,2.549900,2.549700,2.549400,2.548700,2.547100,2.544200,2.538600,2.528600,2.511600,2.484000,2.441100,2.377300,2.286300,2.161600,1.996400,1.783500,1.512900
2.550000,2.550000,2.550000,2.550000,2.549900,2.549700,2.549400,2.548600,2.547100,2.544100,2.538500,2.528600,2.511500,2.483900,2.440900,2.377100,2.286200,2.161400,1.996200,1.783200,1.512700
2.550000,2.550000,2.550000,2.550000,2.549900,2.549700,2.549400,2.548600,2.547100,2.544100,2.538500,2.528500,2.511500,2.483800,2.440800,2.377000,2.286000,2.161200,1.996000,1.783000,1.512500
2.550000,2.550000,2.550000,2.550000,2.549900,2.549700,2.549400,2.548600,2.547100,2.544100,2.538500,2.528500,2.511400,2.483700,2.440700,2.376800,2.285800,2.161000,1.995800,1.782800,1.512200
2.550000,2.550000,2.550000,2.550000,2.549900,2.549700,2.549400,2.548600,2.547100,2.544100,2.538500,2.528400,2.511400,2.483600,2.440600,2.376700,2.285600,2.160800,1.995500,1.782500,1.512000
2.550000,2.550000,2.550000,2.550000,2.549900,2.549700,2.549400,2.548600,2.547100,2.544100,2.538400,2.528400,2.511300,2.483500,2.440500,2.376500,2.285400,2.160600,1.995300,1.782300,1.511800
2.550000,2.550000,2.550000,2.550000,2.549900,2.549700,2.549400,2.548600,2.547100,2.544100,2.538400,2.528400,2.511200,2.483500,2.440400,2.376400,2.285200,2.160400,1.995100,1.782100,1.511600
2.550000,2.550000,2.550000,2.550000,2.549900,2.549700,2.549400,2.548600,2.547100,2.544000,2.538400,2.528300,2.511200,2.483400,2.440200,2.376200,2.285100,2.160200,1.994900,1.781900,1.511400
2.550000,2.550000,2.550000,2.550000,2.549900,2.549700,2.549400,2.548600,2.547100,2.544000,2.538400,2.528300,2.511100,2.483300,2.440100,2.376100,2.284900,2.160000,1.994600,1.781600,1.511200
2.550000,2.550000,2.550000,2.550000,2.549900,2.549700,2.549400,2.548600,2.547100,2.544000,2.538300,2.528200,2.511100,2.483200,2.440000,2.375900,2.284700,2.159800,1.994400,1.781400,1.511000
2.550000,2.550000,2.550000,2.550000,2.549900,2.549700,2.549400,2.548600,2.547000,2.544000,2.538300,2.528200,2.511000,2.483100,2.439900,2.375800,2.284500,2.159600,1.994200,1.781200,1.510700
2.550000,2.550000,2.550000,2.549900,2.549900,2.549700,2.549400,2.548600,2.547000,2.544000,2.538300,2.528200,2.510900,2.483000,2.439800,2.375600,2.284300,2.159300,1.994000,1.781000,1.510500
2.550000,2.550000,2.550000,2.549900,2.549900,2.549700,2.549400,2.548600,2.547000,2.544000,2.538300,2.528100,2.510900,2.482900,2.439600,2.375500,2.284100,2.159100,1.993700,1.780700,1.510300
